Order ID,Order Date,Region,Category,Sales,Profit
bdd640fb-0667-4ad1-9c80-317fa3b1799d,2022-12-21,East,Office Supplies,755.33,-14.27
23b8c1e9-3924-46de-beb1-3b9046685257,2023-02-16,West,Furniture,1901.92,-67.21
bd9c66b3-ad3c-4d6d-9a3d-1fa7bc8960a9,2022-06-11,Central,Office Supplies,1466.67,-271.0
972a8469-1641-4f82-8b9d-2434e465e150,2022-06-19,Central,Technology,1201.33,289.45
17fc695a-07a0-4a6e-8822-e8f36c031199,2022-01-31,Central,Furniture,320.48,119.61
9a1de644-815e-46d1-bb8f-aa1837f8a88b,2021-09-04,East,Technology,320.43,625.41
b74d0fb1-32e7-4629-8fad-c1a606cb0fb3,2022-11-09,South,Furniture,125.59,-458.26
6b65a6a4-8b81-48f6-b38a-088ca65ed389,2021-04-30,South,Office Supplies,1733.69,337.03
47378190-96da-4dac-b2ff-5d2a386ecbe0,2023-07-01,Central,Technology,1206.22,491.83
c241330b-01a9-471f-9e8a-774bcf36d58b,2021-02-12,East,Technology,1419.06,487.33
6c307511-b2b9-437a-a8df-6ec4ce4a2bbd,2022-01-10,East,Office Supplies,50.96,651.9
371ecd7b-27cd-4130-8722-9389571aa876,2023-03-30,Central,Furniture,1940.12,447.74
1a2a73ed-562b-4f79-8374-59eef50bea63,2022-02-08,Central,Furniture,1666.56,706.15
5be6128e-18c2-4797-a142-ea7d17be3111,2021-08-17,South,Furniture,432.55,-67.55
43b7a3a6-9a8d-4a03-980d-7b71d8f56413,2021-10-09,West,Office Supplies,371.83,154.17
759cde66-bacf-43d0-8b1f-9163ce9ff57f,2023-01-11,Central,Technology,374.97,-481.7
ec1b8ca1-f91e-4d4c-9ff4-9b7889463e85,2021-11-23,West,Office Supplies,615.44,-490.96
4b0dbb41-8d52-48f1-942c-3fe860e7a113,2022-09-18,South,Furniture,1054.27,-187.84
e2acf72f-9e57-4f7a-a0ee-89aed453dd32,2021-07-22,West,Technology,869.57,-368.95
3139d32c-93cd-49bf-9c94-1cf0dc98d2c1,2022-12-09,South,Office Supplies,589.55,-161.73
a9488d99-0bbb-4599-91ce-5dd2b45ed1f0,2021-11-17,Central,Office Supplies,1227.59,-269.84
fc377a4c-4a15-444d-85e7-ce8a3a578a8e,2021-10-08,Central,Furniture,287.59,-462.92
ddd1dfb2-3b98-4ef8-9af6-1a26146d3f31,2021-04-03,South,Furniture,591.37,682.1
7412b293-4729-4739-a14f-f3d719db3ad0,2021-10-01,West,Technology,739.06,-489.31
29a3b2e9-5d65-4441-9588-42dea2bc372f,2021-09-30,East,Furniture,917.58,456.91
ab9099a4-35a2-40ae-9af3-05535ec42e08,2023-09-27,East,Furniture,1572.5,-302.21
aefcfad8-efc8-4849-b3aa-7efe4458a885,2021-08-17,East,Office Supplies,407.35,685.9
a28defe3-9bf0-4273-9247-6f57a5e5a5ab,2023-01-19,Central,Furniture,1033.33,660.63
3eabedcb-baa8-4dd4-88bd-64072bcfbe01,2021-06-10,West,Office Supplies,1188.9,350.07
451b4cf3-6123-4df7-b656-af7229d4beef,2021-06-15,East,Furniture,102.44,373.9
b02b61c4-a3d7-4628-ace6-6fa2fd5166e6,2021-04-27,Central,Office Supplies,1219.01,-493.06
5304317f-af42-412f-b838-b3268e944239,2022-12-24,West,Technology,349.34,780.33
0e51f30d-c6a7-4e39-84b0-32ccd7c524a5,2022-07-31,East,Furniture,139.45,641.18
ce177b4e-0837-48a3-9261-a7ab3aa2e4f9,2023-10-09,East,Technology,1898.28,663.64
10f1bc81-448a-4a9e-a6b2-bc5b50c187fc,2023-02-01,South,Office Supplies,1931.61,357.02
9132b63e-f162-47e4-a9c3-49e03602f8ac,2022-10-24,East,Office Supplies,1618.71,-51.78
366eb16f-508e-4ad7-b7c9-3acfe059a0ee,2023-08-01,West,Technology,616.18,661.74
e27a984d-6548-41d0-bfcd-9eb1a7cad415,2021-07-07,Central,Technology,204.37,-121.03
24933b83-7577-40a9-a491-f0b2ea1fca65,2023-02-04,South,Furniture,1371.62,231.53
beb79919-3f22-4af8-a3be-d01d43cf2fde,2021-06-15,Central,Technology,885.9,-370.35
bf3c4c06-4343-48bc-89fa-6a688fb5d27b,2022-10-20,East,Office Supplies,252.86,698.54
956269f0-e5d7-4875-adad-d6c795a76d79,2021-09-13,Central,Furniture,995.4,-317.0
ff50bde4-3825-47b8-9cab-cc97663f1c97,2021-03-30,West,Technology,78.43,-207.63
7e570ddf-8270-40a8-a369-b584ff5e9ff0,2022-04-03,South,Office Supplies,1819.55,225.57
dc713d96-0c0f-4195-817a-f08a1745d6d8,2021-09-02,East,Technology,524.97,493.32
28f49481-a0a0-4dc4-a720-9bdf1c11f735,2023-08-17,South,Office Supplies,1328.42,305.16
98ae4334-6c12-4ce8-ae34-0454cac5b68c,2023-04-24,West,Technology,630.31,-198.23
988c24c9-61b1-4d22-a280-1c4510435a10,2022-08-01,Central,Office Supplies,1044.94,-498.77
405cacec-8774-49a9-b7d2-1e02ff01cf99,2021-06-27,East,Technology,1097.95,484.3
f143262f-dc5c-4eed-8da0-365bf89897b9,2022-03-25,West,Furniture,377.86,780.77
1d53434b-b881-49b9-ae27-0da702f06b90,2022-02-21,South,Office Supplies,1939.47,552.89
c0398710-8976-4334-a281-7efdae849217,2023-05-09,Central,Furniture,1552.51,98.27
5715bd6f-a416-4293-84c2-e2e3444ea7c8,2022-09-20,East,Office Supplies,1879.6,674.9
287d06ca-6f4c-469a-8b22-d3081c8eaee9,2023-06-16,South,Office Supplies,1790.71,32.8
b8db0672-f42d-47cc-80d4-af5974273ca3,2023-05-10,East,Technology,1199.82,182.41
f8cda88b-436d-46e2-b83c-fe0be037e5ed,2021-12-28,West,Technology,1844.53,120.27
81f76d1c-2dbc-4134-830f-f46e8026695f,2021-02-20,Central,Furniture,186.1,81.91
a013ac6e-deda-4e16-9b3d-bd5ce9a1fa6f,2022-08-06,Central,Furniture,400.01,507.75
81f631d4-a392-41a7-9777-a4774c66e0a8,2021-09-30,South,Office Supplies,100.0,184.8
5fb8d16c-2720-497d-b2eb-d6899be578c7,2021-06-10,West,Office Supplies,657.41,-88.27
f4188f3f-8a14-4e62-a95b-4715c333e861,2022-10-22,East,Furniture,783.47,-164.39
eb2263dd-87c5-421e-ac24-a3c5c754108f,2023-06-18,East,Furniture,549.98,-450.93
7d154385-52fb-443b-9954-6eb400257ad1,2021-01-13,South,Office Supplies,1659.19,258.15
5cec4eb5-edd9-4831-9ca3-5cfb04fc6d82,2021-11-19,East,Office Supplies,719.94,-201.05
ce88cb2d-d4e8-4839-bc3e-058be0f3eab0,2023-06-28,West,Office Supplies,569.06,-307.43
3da9c2a9-0ed4-4f1a-bd4c-bf374eb93eff,2021-10-06,East,Furniture,1089.97,349.98
14296c07-f26b-4776-913e-4de2e0c53cb8,2021-10-18,Central,Technology,290.44,385.57
d0e6e660-7c69-4ee1-bb5e-4bcf15ed6269,2021-02-15,West,Technology,1606.37,477.8
885f6e66-c2b6-42c5-ba5d-310011b7e948,2021-10-07,Central,Furniture,158.36,154.65
a8e56e0c-20de-435d-a031-d750c40db9b4,2022-10-04,West,Technology,1973.91,662.27
2a45c2ab-8cbf-4db0-b264-accc79ac1b1e,2023-06-03,West,Technology,1546.77,717.25
9b49bd26-df57-459a-8715-a10343dac043,2023-05-04,Central,Furniture,405.44,549.58
edcd465e-3638-4821-b6e0-7cc06c52c49f,2021-01-22,South,Furniture,20.99,326.27
b09b2a5c-badc-432a-8159-0f538a0f4efb,2021-05-29,East,Technology,1632.77,-105.16
66245bfa-4fcc-439a-b683-d2e6337ea2df,2022-02-18,South,Furniture,1416.65,777.83
5f987c71-a65e-488e-abf3-ad39fec21bbe,2021-10-14,East,Furniture,1460.72,-143.62
7394988f-847f-49b4-a64d-1bcb702753a1,2023-11-21,West,Office Supplies,1544.83,-236.55
1064005c-3985-43cf-bf76-be1d1efa2197,2022-09-10,Central,Furniture,157.35,74.8
8dcdcd03-969b-4662-8562-8059568cc69b,2022-02-22,West,Office Supplies,723.35,-426.11
01d74256-3860-4ab6-96a4-02f23ae8cc93,2023-02-09,Central,Furniture,240.58,772.04
0f1259e0-a18f-46b6-b535-106e122c9a56,2021-05-01,Central,Furniture,1727.58,264.96
080aadfb-e7c9-4b26-9141-25c63a9bedd4,2021-04-05,South,Technology,1250.36,224.04
839fbc50-1223-4513-9496-f63cdc1110c1,2022-10-19,East,Technology,668.49,352.54
7c441fe7-ab42-40a7-874a-493b3ceddf2d,2023-04-29,East,Office Supplies,136.48,146.13
b92da22b-21df-406f-8a0b-3c3336d8393a,2021-02-09,East,Furniture,628.85,-458.32
93829b43-922f-415a-a1e3-db63ef7ddc76,2021-04-21,South,Technology,657.11,296.0
7914c120-c8dc-419f-be35-11287900f7f9,2022-12-01,Central,Technology,1461.92,431.03
1825bc54-30be-445f-a835-14f2ceb81f9d,2022-12-23,Central,Technology,1278.74,41.77
5ab33edf-6e59-4ed3-a8b3-17fa18d0752b,2021-01-31,East,Furniture,1775.55,484.48
dd2467ac-778e-4db3-a93d-ffbc6c6fa611,2021-12-02,East,Office Supplies,949.71,-204.9
a748dbcf-ac61-4e63-8dde-29a6baa4b71a,2021-05-05,West,Furniture,247.99,-212.34
0f844fef-1931-49ee-a56c-0941fbf24050,2022-09-14,Central,Office Supplies,1429.36,-290.16
ccf3a171-56dc-4907-ba6c-34ab6712303a,2021-10-29,Central,Furniture,1523.96,-16.41
310c0c00-3fa7-4104-9bf9-0e27dc96925e,2022-11-24,South,Office Supplies,1126.94,601.12
23e2fcb4-72d8-467d-894a-05e430b187ef,2021-03-03,East,Technology,1544.22,576.29
766ecb15-474e-4c19-aef9-12766c006f61,2022-06-16,South,Technology,992.65,-2.33
134c6c92-ec5b-427c-9fde-4fbf3ff350bf,2023-12-01,West,Furniture,1050.24,265.85
db20a56e-dc81-4fe7-8eda-8bbb71710434,2021-01-17,East,Technology,860.81,437.06
a6f2f7b8-0cf3-4b58-9910-8be58ce21ea3,2021-02-21,West,Office Supplies,60.58,-186.43
03c72ba8-d605-4770-8a63-f881ffd0f9d5,2022-03-29,South,Furniture,224.7,-281.42
c0e9ab30-ed26-42e9-97e0-11b7f8102383,2023-06-26,Central,Office Supplies,72.54,763.72
680ac07a-2a93-4d62-bc83-5dc0d9441fa5,2021-11-05,West,Furniture,1276.46,302.82
dd59ba71-36b8-4481-bb3a-4e3e7c52fa17,2021-11-21,East,Technology,635.57,775.84
2a25a888-0f02-4ad0-a706-7ef466aa9385,2021-10-14,East,Furniture,1022.06,-60.92
63f2ae24-fc3d-4348-808d-4127610461e3,2022-10-04,Central,Technology,1816.06,413.94
c8fe3ccd-c8b8-49c6-ad30-49cf43e458fc,2022-12-14,South,Furniture,506.09,-210.62
b253d218-6c4a-47ea-8906-17f2747b6dba,2021-10-13,West,Furniture,826.66,-160.44
c88a618e-fed4-457d-bb02-6576f512c4c3,2022-01-30,West,Furniture,1513.55,165.47
7c967f79-b7e9-4aca-a970-65e18e46d534,2022-03-11,East,Furniture,465.31,-84.5
37bb3eec-4bf5-4b52-b09d-258c27a0c3d7,2022-08-09,West,Technology,163.19,-282.09
bc594585-9445-48c0-8ef8-c2d6f7fd5646,2023-06-17,East,Furniture,586.61,-158.26
504867ba-bf7b-439b-8f9a-ea4b8acd4e10,2021-12-14,Central,Office Supplies,330.83,-453.53
7a0ecfea-958c-49ba-8cd6-20c20ea2622b,2021-06-25,Central,Office Supplies,1860.1,415.75
87f7e1fb-da4b-49ca-ab5c-f46780bacd64,2022-11-16,Central,Technology,1618.16,139.75
82010c62-f5f5-4b22-8e8f-a8e0284d82e5,2021-09-06,Central,Office Supplies,1270.47,-377.48
118a9d29-2f92-4996-99f1-95d014822f53,2023-05-25,South,Furniture,1744.21,-276.8
dca02eec-acda-4acc-9165-e21098543881,2022-03-09,West,Furniture,1609.31,-366.71
f10c718b-1eb0-438a-a75d-d5af3c365296,2022-11-21,South,Office Supplies,381.27,296.37
94340a03-3f07-4814-91d6-3f78e3e9de99,2022-11-05,West,Office Supplies,1786.19,-377.53
14fcdd54-9e8f-4965-8a2c-827e98326856,2022-01-11,Central,Office Supplies,1083.29,480.57
90b2b633-956b-4c0c-a849-9b926b5252e3,2023-05-13,East,Furniture,1616.81,-473.34
42c18a62-ef48-48d5-90fd-9d3f85d51695,2021-01-09,West,Technology,1793.22,-175.81
506e5a9a-b758-488d-ab73-295b344a54b8,2023-04-19,East,Technology,642.83,657.87
21813d25-6552-48a6-83ff-50113d1a85dd,2021-12-12,West,Office Supplies,229.0,434.09
750cab75-4ccc-4bc2-a53f-8a28abf3e3fc,2023-05-25,West,Furniture,463.59,-405.14
ef8c485b-c07a-40f2-add4-253b50f0fd0a,2021-02-20,East,Office Supplies,859.94,567.46
9f044aed-7552-4327-8262-7f7312922f83,2022-09-10,South,Furniture,1637.85,140.95
19985f15-ff00-4d4d-9020-59e4ff9ab5c2,2022-05-21,West,Technology,1722.85,600.82
8181a8cc-3691-47eb-89a2-688b12c136e0,2022-02-09,West,Furniture,23.83,280.96
5958a499-eeea-463e-a1e8-ac6843e42caf,2021-04-05,South,Furniture,1026.39,386.38
3e896c64-e117-4ac3-919c-4ea3e1805081,2021-08-31,East,Technology,840.65,791.55
702cdd20-2862-48b8-88f4-ef125e9953d2,2022-06-28,East,Furniture,451.99,-197.96
4d71c366-b41b-4143-8b10-550cd5704f32,2023-08-15,East,Technology,248.53,311.13
ce9e1a11-fcbb-4e59-bbdd-cf7c9c96e9ec,2023-08-10,West,Furniture,681.85,98.42
aaf91531-0200-41f0-8768-a84fa76afde6,2023-05-05,South,Office Supplies,1886.39,-448.71
ee87905e-4ca4-45ea-8dfa-6a56d12dbc9a,2022-05-20,Central,Technology,653.17,-481.19
e0ccedc5-f05d-476e-9a84-a51aa9d3d7c7,2021-06-18,West,Technology,1042.39,-345.0
e3c43657-1d8c-4bac-83b4-09ef2260e70f,2023-12-22,Central,Office Supplies,1409.01,343.82
27cb6f2a-8da0-4097-be0f-051b1b66b5a9,2023-07-27,South,Furniture,733.62,237.31
35ebd32d-9ad6-40ab-8821-2ddb45b89cd9,2021-12-07,South,Furniture,1943.85,219.46
afffcfd2-341e-440b-97c7-00aab7b56ea7,2023-07-29,South,Technology,1925.27,-458.59
81627cf1-4394-42e6-9a58-7e8aa25d6b29,2021-12-16,East,Technology,511.05,110.09
e87d1c78-e7c4-41c7-8049-7b717d106c60,2021-07-17,West,Technology,999.52,702.01
a2607723-17a0-4f49-8d01-280fd89a40c0,2022-12-19,East,Technology,608.75,16.87
0b49452d-46d4-43f3-9450-281c6c6f7633,2023-12-25,East,Furniture,576.83,312.4
217d65a0-c568-41cd-9563-f61600e85ece,2021-09-03,East,Furniture,83.41,513.76
295d6fbf-430f-401d-bad4-09e2a319dcb4,2023-02-06,Central,Furniture,1223.03,519.1
b4a69f3c-8d3a-4d99-b11c-21c9bdc14f1f,2021-10-07,Central,Office Supplies,1010.33,175.06
1ca3c448-0279-46a6-8f97-97b06d7ce3c9,2023-04-21,South,Furniture,112.44,615.34
b0e6a969-e213-42b0-b1ee-dba313432e61,2021-05-16,Central,Office Supplies,564.51,8.79
093923de-8bab-4e3b-a628-6bfbe767dcea,2021-09-06,West,Technology,1817.45,655.3
8d7248e2-951f-48d0-9e84-f058d5a804eb,2023-06-09,West,Technology,486.73,-187.7
0ab54bde-20a0-4502-ae06-809725e97977,2021-07-03,Central,Technology,298.34,-135.72
eededb07-e623-4689-9d59-cd2a4eea04e7,2022-08-26,South,Technology,984.01,-430.94
0a368ce7-dc57-4131-b8e1-daa7cbceabde,2021-12-12,West,Technology,1971.44,534.26
ae9bec36-35c7-436c-9b99-62c6e61fecc0,2022-06-25,East,Office Supplies,491.69,42.17
5a8aaeca-1a50-4ec3-aabc-25fa3fe12e47,2023-10-11,Central,Furniture,1347.55,-202.15
dfed2c43-e256-46dc-8f54-86b7c7b5b2bc,2021-03-16,Central,Office Supplies,1525.62,-198.67
bfddc3d9-9ee3-4c2a-b94d-62046808593f,2022-04-09,South,Furniture,482.9,671.82
3c9ad14c-ee0c-4eb5-acfe-db992790cebd,2023-05-25,Central,Office Supplies,1459.15,584.09
ccc56569-f9e8-4369-a999-b735dd56cc94,2022-10-29,Central,Technology,741.89,219.59
698c206f-e1a4-4e10-ad53-4dd0cf8ebc5a,2021-04-03,South,Furniture,1268.29,300.94
ecab3301-bc8f-4d29-adea-94930658663a,2021-07-14,South,Furniture,1270.72,116.62
696608aa-ee49-4329-884a-7b28550a1b46,2022-10-31,South,Technology,1076.19,9.17
bc2cbb0d-dd33-4cc7-ab7f-089acd5f4822,2022-10-15,East,Furniture,189.68,690.12
28c13091-444d-410b-bf87-e362cf8d446a,2022-12-05,West,Office Supplies,1672.25,-336.7
61ee411a-1bac-47a7-b386-f7a4c991603f,2022-09-06,Central,Furniture,648.35,43.98
787f2425-dbcc-4477-89e9-db0adf465290,2023-10-01,South,Office Supplies,381.17,-52.07
eb1fa9f2-d10b-41d0-b317-347038f16a81,2022-05-30,Central,Office Supplies,91.14,147.6
d20eac17-4e20-4d1a-9983-36e375d66ed4,2021-09-24,East,Furniture,1185.88,94.92
39118497-3a43-42ba-9f0f-06cbcb9bc326,2022-12-06,South,Office Supplies,1358.35,174.56
6601ddd0-3170-4437-a8f7-ef5a060edf5b,2021-09-16,West,Furniture,43.01,-318.11
11c58ef0-dd46-4c09-8752-87aa5408f9ac,2023-05-10,East,Technology,1029.07,167.08
59e4b671-4774-4c58-85f8-bc16f7860b50,2023-09-29,South,Office Supplies,460.73,-184.86
adf4e62d-6651-429e-8268-690ba43825b5,2022-04-17,West,Technology,1293.89,-260.37
54c63cd8-8945-4f27-97fa-2d8dfb2ca025,2022-07-07,South,Technology,356.99,-415.72
e08596db-1d87-4966-8710-d430f071d879,2021-11-16,East,Technology,1384.97,491.45
94a1875d-2db6-4edb-82de-ffccf86c2ca2,2023-07-03,West,Technology,779.6,55.67
09cb3942-43f5-4a85-bbc9-f87af668a617,2023-01-31,East,Furniture,1874.09,314.64
587ef344-6f3f-420c-98b8-e4cc1bc044fc,2022-02-16,Central,Furniture,283.67,445.87
6fb78271-504d-481f-8953-5b63ba81edd9,2023-08-27,South,Office Supplies,688.72,383.11
1d9af659-82ec-4f2d-bbf6-e16f9b3080d5,2023-09-01,West,Technology,235.81,111.65
30a900ad-939b-462d-a645-f129629c2ae3,2023-06-30,West,Office Supplies,1850.14,4.27
6fa17735-b572-43d0-8b5c-ea6a41357e8c,2022-08-04,South,Furniture,1755.91,-11.25
ce777f00-ecf2-4e76-8519-7ff4006ed6e3,2021-02-06,East,Office Supplies,523.3,332.06
f0b5156b-b82c-4074-afd5-dea589d7fd6c,2022-12-05,West,Furniture,1323.37,143.23
3270e4fa-abae-4f43-bcae-8081bdf070aa,2021-01-01,East,Technology,1636.27,603.87
f2e9702d-11e9-4daa-ae69-81a35d3d9e56,2023-02-25,South,Technology,1114.85,637.11
9f871ce7-5487-4d4f-abb7-a385aa0b7b14,2023-04-29,West,Office Supplies,1064.0,-278.27
1fe771d6-d917-4793-a9d3-c2e6505cc686,2022-11-07,South,Furniture,491.29,-322.9
81d2c7de-4ce1-4b90-a669-7833b841d0a0,2022-04-14,South,Office Supplies,195.27,319.52
5380b904-688c-4015-aab9-7e494f2d4796,2021-01-05,South,Furniture,1795.46,-108.41
8dedf9fb-4bb0-4f20-b27c-40266703b636,2022-10-13,South,Technology,1801.83,-475.86
aa38d0a1-6ba2-4efe-b11c-6eb62095eef6,2023-02-09,South,Furniture,1269.87,655.24
bf85bf0e-ad64-456c-a10f-aa3ff0bbac67,2022-07-19,Central,Furniture,684.67,-205.03
91b0e1d9-9d92-42af-ac8d-0e44e71e43a6,2022-10-04,East,Furniture,704.93,708.06
d56f0350-8c45-4ce2-a7f4-8ad54d0b0d1a,2021-02-03,West,Furniture,1454.65,432.66
35ce8841-4973-4d6c-8dca-bfb7001a9a8b,2021-09-21,South,Furniture,1795.25,491.45
9b4e2c24-9479-41e6-8927-7d9b6e0d2648,2021-03-11,West,Office Supplies,1775.3,-238.1
7118e364-7709-4749-927e-ecfaa79ac9aa,2023-04-28,East,Technology,1561.95,-195.55
82dc4c8e-36b5-429a-acf5-e81e71316269,2021-01-16,Central,Technology,1287.64,177.65
f5b78cc7-e6b3-4944-8b32-3e357922bac2,2023-10-31,West,Office Supplies,177.44,-276.27
a8aa7158-2b70-4525-bc67-f831cbc84759,2021-06-10,West,Technology,331.64,-102.94
a9f25336-83f4-49a9-88a6-39d015b52908,2023-05-28,South,Technology,1798.12,-82.1
17e8392a-55ce-45db-9e87-e04ca2086977,2021-09-24,East,Furniture,1216.79,-292.48
3c20592f-c04a-46c4-b3b6-3fe1d1843324,2023-07-14,Central,Office Supplies,28.3,-233.26
ce7ae7f6-3982-4cff-8f77-a665ac3c5640,2021-03-14,South,Technology,211.93,525.12
0bd4a990-0640-4e0f-a5b8-fd4b32fa2de8,2021-09-15,South,Furniture,1330.37,-282.65
9c7c7377-79a2-4903-bbe3-3b243eae0032,2021-10-17,West,Furniture,20.07,-463.01
74962764-12a4-4ef0-84bb-b7a9d98868dd,2021-05-01,South,Office Supplies,330.01,318.16
935f2b0a-a138-4ddc-a2d9-de5d6a18ce4c,2022-07-31,Central,Office Supplies,1101.98,768.78
624c69b6-b244-45a7-b7e5-848131c681ec,2022-04-10,West,Furniture,1386.87,-69.42
25c73c44-3e75-43b4-a64f-a6637e8f8095,2022-01-06,East,Office Supplies,1307.4,-345.75
e4855aa1-016b-4287-b008-05cca7f36ae9,2023-08-21,East,Furniture,456.3,241.5
e2add909-c521-4f2d-9c45-d539c03f3538,2021-02-20,East,Office Supplies,1427.24,678.26
3805f907-6cd6-4193-8746-8f591b494e15,2022-03-11,West,Technology,482.13,519.28
b227462c-f53d-4330-8dda-24ba2d06e8cf,2022-02-07,East,Furniture,657.55,309.27
8eb22579-0cdb-4ca4-b6ec-bdd68498e113,2023-04-23,West,Technology,1495.52,-90.43
1f115b76-d92c-4227-aadf-50853fcb7546,2023-06-09,South,Technology,1302.77,204.44
76f2dbfe-cd29-436f-a222-82e174daaebf,2021-02-23,East,Technology,1699.95,-381.38
8f15ba58-fce6-4504-87f8-424daae65fc1,2023-06-28,South,Technology,1318.65,382.63
c1581092-f335-4ba3-913a-7052986f9025,2021-12-16,West,Furniture,1140.93,442.62
d0a44432-9cd6-4852-b14c-7df4e4347d51,2021-09-27,West,Office Supplies,196.41,754.54
6d3ee1dc-8139-4443-a45b-712eb8225688,2021-09-01,Central,Office Supplies,741.75,-161.48
722764e6-8c41-461b-a827-a1b9d4a02e53,2022-06-26,South,Office Supplies,537.75,-476.01
dc8aee30-be60-43f7-a8be-9288e5af6e39,2021-10-26,East,Furniture,495.54,209.29
c074718e-425a-409f-b337-c59979844388,2022-01-20,Central,Furniture,1946.29,418.83
46fde062-a33d-47af-9701-410d3f4b1a70,2021-11-17,Central,Technology,792.26,527.53
7c0e8cd8-8573-4793-8715-b2b9c40c5d91,2021-09-27,South,Technology,1785.17,-248.14
709b7d97-464c-44af-bd3f-3799a07295e9,2021-01-11,West,Furniture,1265.97,-159.72
3c07c574-4925-4af1-b6aa-e05b13d5f2f7,2021-09-18,Central,Furniture,1591.67,166.37
e49d681d-51d8-4c64-95fa-1ab8458f1f19,2022-01-16,South,Technology,1010.25,-70.22
269cd696-236c-4b87-94a0-bccb8a476a87,2022-07-10,Central,Furniture,1158.04,618.66
271e3ee2-b1a6-41f1-a20e-99d33b33f3d8,2021-04-15,East,Office Supplies,990.11,115.89
6a34c854-1071-4d51-b6c5-9dacb4d7e28e,2021-03-05,South,Technology,398.53,539.45
7746d0ba-8ae8-405b-94b4-a48268586eba,2021-08-28,East,Technology,1447.68,254.81
d5385b0e-34f3-493c-8ff0-a55c6a702e2f,2022-08-05,Central,Technology,568.74,505.02
c51155ff-e7a3-4e81-a3b4-c08b6b8e869f,2023-10-10,East,Technology,58.39,-67.53
05000bc6-b20d-4b6e-b231-1f1795863a76,2022-05-30,Central,Furniture,1294.49,580.84
9360715f-c3fe-4183-a172-b725db52ca58,2022-06-19,West,Furniture,362.45,-143.06
f1578470-0182-47c4-ba1b-58066160a6b4,2021-04-03,East,Technology,1881.51,209.93
63d62a39-c0e3-4efd-8c71-e0fe5a0cdd7c,2021-06-26,East,Office Supplies,1908.32,-221.79
d5f25073-f414-42b1-a442-9ebbda7b9095,2023-08-19,Central,Furniture,1830.58,118.18
bc10fa52-bf5d-4fdf-89c8-d2ab6b44fa8d,2021-12-18,West,Furniture,746.62,-86.37
e5d6f6e6-9a6e-42f5-8cc4-29038bcf53a1,2022-06-09,East,Office Supplies,40.76,-153.29
45df16b6-382c-443f-bcfc-9b793875394c,2022-03-17,East,Technology,1857.35,757.08
638c254c-076e-4bba-bc53-08bf6f92f25e,2022-05-26,West,Furniture,862.09,-291.9
cc530e36-addc-4e13-ab3b-4d37560c95ee,2023-11-27,West,Furniture,1933.64,523.52
d72b6108-2a40-4f12-b963-f37f67814c1f,2021-02-21,South,Office Supplies,1927.6,779.41
fb10987f-20ac-4703-ab67-146a77a6e17c,2021-12-18,Central,Technology,1707.49,-474.13
e82c7d7b-06e7-45f9-88bc-539c9f4c3b79,2022-09-21,West,Furniture,595.95,408.74
a9ba5a27-907b-4e36-9786-48f864de82e6,2023-06-22,Central,Furniture,776.34,-171.21
6db99102-a48b-4dbe-957d-94a106f028ff,2023-02-23,South,Office Supplies,1703.76,-447.37
2e85cb21-7631-4e9d-9de9-f86322bd3388,2023-05-12,West,Office Supplies,640.67,23.76
53cd6268-610c-4373-8299-9aa40cdf742b,2023-05-21,East,Technology,347.29,715.78
56666f9f-53ac-4ab9-b467-2cd9362f5e5c,2022-03-19,Central,Technology,1118.03,-484.71
473bd358-610e-4a64-a130-1617c2dff335,2023-12-16,Central,Furniture,1872.95,264.25
6bebac31-d4f8-4d72-b382-1cfdc083b73a,2021-11-20,East,Office Supplies,1395.1,151.82
78660765-14f7-4e8d-95bc-b8d04094dded,2023-08-28,West,Office Supplies,1144.42,635.4
0d557b61-8a17-4dfe-bfc0-0dc804f64d86,2021-10-28,South,Technology,203.38,-390.8
39669fa7-5997-4043-b3b1-025bfff9f585,2022-01-17,West,Furniture,1233.86,385.98
f510ab53-c7fe-439f-9190-f938a66fd7f7,2021-10-27,South,Furniture,1980.21,384.14
07f194f9-c115-4d6d-8a4e-5b70a6d964a3,2021-09-09,Central,Office Supplies,288.77,369.8
d6d7b3b8-3309-4d35-bf4d-f561f319c125,2022-04-03,South,Office Supplies,1041.48,725.03
3d114802-2702-478b-9f0f-da8d05379ff6,2022-01-18,East,Technology,1755.97,570.01
1d48a071-ab61-47b1-b93b-4c3220500494,2022-09-05,East,Technology,1484.13,-445.44
770c7798-37cc-463b-b2a0-345990604f62,2021-09-11,East,Technology,1397.06,112.41
5e6fea07-c453-4f1d-8199-2fdfb31022f0,2023-07-09,South,Office Supplies,1407.94,17.34
f6b751f7-9b74-4245-9b1b-c8952af43ab7,2022-10-25,Central,Furniture,725.39,-96.81
c71d5e60-1d52-46ab-b7e6-427cbf780e3f,2021-07-25,South,Furniture,594.25,86.74
4fa03f26-f6f7-40cc-a9ec-8e49d1bdb8c0,2021-01-12,West,Furniture,1620.63,-0.55
edcb8cb6-0692-4c63-9424-aed51bac5c15,2023-04-15,East,Furniture,1622.13,62.03
e87466d7-ad66-41bd-9367-6a024fdc6e1b,2021-02-11,Central,Office Supplies,1735.47,773.04
f1043785-658b-4523-a014-1de9f54ad0a2,2022-06-23,West,Furniture,1827.35,-384.78
9793b9b4-1374-4146-b2c5-bd89b70b3420,2023-05-27,West,Technology,1027.57,698.9
3e2b6091-a092-452a-94a0-57a7b0cc1b3b,2023-04-17,East,Furniture,1008.02,124.31
4d3485c5-c5c1-4eb4-b27b-3d901a16342c,2023-09-30,West,Technology,1598.61,310.86
ce3714af-99b4-4350-af2b-99b4d9acd158,2021-12-25,East,Technology,1303.43,579.24
90e0f4a0-fbdd-4933-8bd5-8bf61efd76e9,2021-07-10,East,Furniture,1406.91,-31.4
8861fe18-58e2-4888-8a83-81bec85aca46,2021-07-16,Central,Technology,1593.63,59.55
11a72609-5edd-4bbf-a959-76636daa2e68,2022-02-23,Central,Office Supplies,1781.11,32.37
033d2bce-575a-4d2c-a5c5-650c8186a576,2022-02-24,South,Furniture,682.61,-12.85
7d7ddbed-d284-476c-ab88-f83dd97dc9cd,2021-05-21,South,Furniture,757.41,703.19
5cb85aed-f5f6-4c97-aefb-63b11b049863,2021-09-09,East,Furniture,197.02,577.61
75b17a55-d426-4982-a43e-4288a2b5b498,2023-06-20,East,Technology,1160.78,-358.3
2d174fc9-6f7c-45ea-a72a-6d8eb5122df8,2021-03-31,South,Technology,81.53,-359.44
a6846099-f729-4951-8591-31d2bbda0242,2022-11-22,South,Office Supplies,936.54,56.23
eb6c1016-cee6-44d0-9dac-6e8345241ea6,2022-06-02,East,Technology,1089.86,-371.75
7701f7bb-7bc6-4e1f-864e-e6e389c5b31a,2023-07-19,East,Office Supplies,580.22,304.82
97ac6aa8-bb24-48a3-9363-57b66f81cf4f,2022-09-03,South,Furniture,1185.76,-313.2
3ed8c56c-da09-4fa0-9282-8d8044b591f7,2022-05-02,East,Office Supplies,70.7,179.09
4767d76c-162f-4a24-af43-613cd4aac9a3,2023-08-09,Central,Office Supplies,84.32,-490.61
c01f36bf-3e6d-458b-b367-c28de1b294de,2023-07-23,South,Furniture,1646.98,-88.42
ab0e664e-9c3e-42d5-91e1-aa9676f72255,2023-08-14,South,Office Supplies,726.78,380.35
7e8adee7-0758-4201-961e-16d16105716b,2021-07-28,Central,Technology,262.85,129.25
7cd0129d-2e8d-4e87-9334-20e6d9d80b8d,2021-03-29,South,Technology,1049.26,771.75
4223623b-cc3e-4dde-9ad5-cf06364d7c87,2021-07-03,Central,Technology,1542.29,636.33
989d9d4a-e15c-4666-8797-b2c957207246,2021-08-10,South,Technology,439.48,-33.21
8e485223-46b9-4991-a14e-b70db380c73a,2022-01-13,South,Technology,1249.55,-440.87
30e912f2-f2b4-4abf-8441-aefd0299436a,2023-02-11,East,Technology,179.84,599.31
680bac63-b856-4035-bdc9-829015eabb27,2022-09-16,East,Technology,112.85,684.6
3d85de89-c217-4429-8e20-07247d137018,2021-11-04,South,Furniture,1067.4,566.82
b63b4dc3-a559-4463-b9e1-3ceab0cbc61f,2021-04-27,East,Office Supplies,1085.86,-333.67
046a0df5-cafd-4613-b2bb-912d7da67785,2023-01-18,West,Office Supplies,1278.49,797.29
6786d506-38ba-4abc-8b53-05e517d2582e,2022-12-16,Central,Office Supplies,1454.92,-163.84
a9f948b2-4e63-44bb-be49-3f43b118f68d,2022-04-25,West,Furniture,1951.95,441.47
8db06746-7927-4973-9e78-1fd794e0d3ba,2023-07-03,Central,Furniture,1037.44,680.45
ff233d5f-6ced-415d-9800-7c0287ea7ff5,2022-08-01,West,Office Supplies,652.68,-193.61
5a104129-54ae-4d1b-8ce6-424dbef59fe6,2022-03-08,East,Furniture,1592.42,680.74
4e7ed827-455a-4762-b428-a656b3ee4d3b,2021-09-06,West,Technology,548.96,-97.67
b8a6171f-1ee3-4dc4-bb04-8a8b405bfdc9,2021-04-12,West,Office Supplies,883.55,769.34
be2d740a-1e9b-43bc-90c7-c006314d3441,2021-01-24,West,Technology,166.13,-134.36
b0ae8f08-c31e-4bbc-b36c-b62b892e6161,2022-08-20,South,Office Supplies,60.45,739.47
bd1531c8-3764-4bda-b108-d4482f65fafa,2021-10-11,Central,Furniture,1925.67,-430.39
96ef2ad6-b97e-4703-86c8-adfe7bf47042,2023-07-14,West,Furniture,1673.6,422.05
98c7472a-864e-4a13-829c-fc0cfa02eaec,2022-02-21,West,Technology,1394.99,191.74
d52721e7-19bc-443e-bb02-bebb48729a4d,2023-09-23,South,Office Supplies,823.82,121.24
5c62b3a2-3a3c-463e-8bd6-cee631b1b099,2021-05-25,South,Technology,354.86,-209.46
b540b30e-039f-4a25-8d61-68bd2defe193,2023-05-30,East,Office Supplies,321.31,417.27
0ba6eab9-4639-447b-a067-bdac88bd13d1,2021-11-12,East,Furniture,507.98,-251.95
4ac9778d-8da8-4ee4-8df5-6ac6f96b648a,2022-11-28,West,Technology,1102.96,218.69
a34b6cf6-2053-4a42-b1af-db65b289f224,2022-06-16,Central,Technology,1432.05,-170.78
1a432f0a-7daa-49f0-80b6-fce2de53790a,2023-08-25,Central,Furniture,1323.79,742.31
48ca7651-92f5-4f7b-8323-d342df6a8f93,2021-06-01,South,Technology,567.07,-462.78
5738811d-70c2-403f-ba8d-03aa782a65e0,2023-06-30,South,Furniture,1910.18,-240.35
40a26c60-0d27-4659-b72a-da9b2f32751e,2021-07-25,West,Furniture,1478.41,-185.0
1d34d08e-7a4c-45d4-9c99-e04cf0e98b3b,2021-10-08,Central,Technology,1113.16,38.29
7de31a51-6694-4343-90ba-58e3d2762bdc,2022-09-07,Central,Furniture,1227.32,-197.45
afbb411a-a123-4a8c-93b7-a88612f70c97,2022-11-25,Central,Office Supplies,845.0,138.75
cfa701cd-2631-400b-a6d7-94d30db95301,2021-04-29,West,Technology,502.98,634.21
15ce6a66-4dc8-4a1e-b2f9-e5fa90164161,2023-12-29,Central,Office Supplies,718.39,425.68
8edddfcd-1e52-4770-bf89-7142fe716b14,2021-12-22,East,Furniture,1518.11,253.95
989bc4da-9b37-422b-aa8a-616fc3b290d0,2021-06-05,East,Technology,38.64,-384.3
c693da11-39c6-41ca-9e50-aa42ca6dfda1,2023-01-19,East,Technology,240.98,402.19
e893be3d-7354-4a6f-a160-745985c7504b,2022-08-02,East,Office Supplies,101.55,-283.66
96a9954f-dc33-41f9-8c1f-55ab715629ee,2021-12-27,South,Furniture,91.05,522.28
9191b363-4e2d-4645-adc7-cac7fd72b050,2022-09-15,West,Technology,1712.37,-174.93
f5c9b047-9c10-4572-8f6b-40d09efba58b,2021-07-19,East,Furniture,1410.28,42.16
c342bd2b-f295-456e-9967-5f06bd767e35,2022-10-20,Central,Technology,953.61,-44.39
43bfd931-3605-4f54-a021-c0ca3531968d,2022-03-02,Central,Furniture,204.69,616.46
3d67cde9-2834-44c0-94c8-b3b4a911d192,2023-01-06,West,Office Supplies,988.32,-335.49
2812859a-1337-439e-8d4f-5d272c7f0b79,2022-05-10,East,Furniture,952.21,235.34
b07aa066-7354-45ea-a894-9b8d00af5b3a,2021-08-23,East,Office Supplies,354.67,-315.32
085b15fb-4a8f-4810-b84c-2f29980402a2,2023-11-04,West,Furniture,873.36,416.23
48603b32-b4fb-4eb9-89c1-3de73b4206c5,2023-03-02,West,Technology,803.02,676.6
1238d630-743b-45a2-9c0f-2fcfb3f6fe0d,2023-09-05,West,Technology,1235.54,64.99
43b9da13-ec85-4f37-bbc1-a987aff8754d,2022-09-12,West,Furniture,1273.84,134.52
96fc734d-a003-4d28-8a8f-3653c9af18f8,2022-01-27,West,Technology,100.15,705.65
32a447b2-ef04-457d-8dcc-c33aa9434aa0,2022-08-19,Central,Office Supplies,755.48,177.29
398d1ca6-8b68-40b5-9d61-fac36cd5e859,2021-06-09,East,Technology,1255.46,133.88
44007d5a-e88d-4719-a624-2b40a5cb63a2,2021-08-09,Central,Technology,1011.24,251.83
0f44704f-1247-4a4e-a469-98e8d39e198b,2023-12-26,East,Furniture,1714.41,396.0
9854ce4e-4ebf-45c3-8ae9-b4a72a79ea68,2021-02-09,West,Technology,1320.8,-361.05
ebd34616-91b7-4d8e-9301-6989bfbbb17f,2023-08-23,Central,Technology,334.24,567.44
77fc9703-1fd5-4423-b06c-5c5649e2623d,2022-10-24,South,Office Supplies,150.43,66.16
670acc5c-b321-4f21-8dd8-eb85b04d3376,2021-07-07,Central,Technology,1288.41,-405.95
8a3c3b5e-801e-41da-85b1-ed25f1533ae8,2022-11-28,West,Office Supplies,62.76,522.04
9918ee46-1497-4658-b010-f7197e695d0d,2021-12-22,Central,Office Supplies,1175.69,-9.97
bc0a6a5d-6e99-4e3e-a3b1-37fc0a3450fc,2021-02-11,West,Furniture,1881.06,-369.52
069f14f1-4018-4c6e-9a8c-fa3c5283aac7,2021-01-08,East,Technology,1155.19,323.91
ac9ed156-f63f-4e41-ba9a-ca5e176132ed,2023-06-07,East,Technology,782.46,644.17
964db03f-9340-4fad-9c4a-d56bd6016237,2023-07-11,Central,Office Supplies,1290.14,654.08
c3c75611-ffe3-4a49-854f-92fff366bad4,2021-09-03,South,Furniture,921.92,744.96
9384ec2b-44fe-4cae-9248-a9a7ac1aa554,2023-10-23,East,Furniture,1095.78,628.02
2cd94cbb-c19a-458c-835b-1c8c0a4c9f7f,2023-04-09,Central,Office Supplies,1883.51,-497.22
7135f221-a6c9-437f-84da-d06a7872bdeb,2022-02-22,South,Furniture,778.34,-5.69
ff37d19c-2e76-428b-8735-44f9ea83bf00,2022-05-05,West,Technology,1922.77,564.11
d0725b5c-a281-4044-af96-288295d82980,2021-08-02,East,Technology,1811.65,-23.87
785299f4-175b-498d-b814-01027de1bdfe,2022-02-25,Central,Furniture,399.62,282.01
5230dfbd-5553-42fe-a889-803e5913f9d3,2021-04-05,East,Technology,148.03,288.21
292bd156-db94-4570-9ac7-0ec0ab8ddeb4,2021-10-24,Central,Technology,210.55,-25.47
7ed70ed7-b194-490b-a961-929e546e035a,2021-09-16,Central,Office Supplies,46.26,675.82
668409e3-f1f8-443e-a99f-131849c8a43f,2021-06-14,South,Furniture,197.94,154.2
0964fbbf-8cd3-41b0-82b0-1cfdd045dd1c,2021-04-08,West,Technology,1369.18,104.22
409d3602-5084-4242-968b-1625746f7891,2022-07-04,Central,Furniture,151.67,796.77
c5c5b37a-f85e-46a1-9dad-09b252c21221,2023-12-10,West,Technology,644.76,141.55
d32e6dcd-83bc-4478-9d6a-c7b86778043b,2021-12-24,West,Furniture,1691.3,-268.08
de8ede0b-a85c-4e4a-804b-6fabfcf56188,2022-05-31,South,Furniture,56.31,166.99
0de051a6-69ca-47d2-b644-14fd8ae769ed,2022-07-05,South,Furniture,1630.79,558.22
9f64eeed-5c9d-427d-84b8-71bb300568d2,2021-01-16,West,Office Supplies,570.89,509.92
71299889-a01a-4992-bf9d-3e64c1a6423b,2022-05-09,West,Furniture,245.15,525.16
445dcc38-341c-4494-8d36-6dfcc28ebd70,2021-05-27,West,Technology,1396.51,420.43
49bc473f-ed7b-4656-a18a-15368c99a894,2022-02-25,West,Furniture,1261.6,-169.52
7c16128d-b2c0-4394-a17f-29e170286046,2021-11-23,Central,Office Supplies,1756.17,620.71
a14923c2-f920-464c-8763-fcd01f15c7b6,2021-08-05,South,Furniture,1472.79,661.48
b5b453ca-3d42-493c-8c9f-d3349bdf0377,2021-06-05,East,Furniture,1608.93,-247.6
03802b70-8d03-491e-8f8d-5238288b78b5,2023-06-23,East,Technology,571.25,-330.41
3985fb62-17dc-4eff-a872-13f98d605936,2023-09-21,South,Office Supplies,363.1,768.29
1d0bc9bd-e9b5-45cf-9766-5cdafe049059,2021-06-13,East,Furniture,1503.72,628.82
a5d04d53-1e12-42e3-b272-92b6762172ed,2022-04-11,Central,Technology,1615.6,661.21
eec259dc-7f95-497c-a76a-a6ced50755d9,2022-01-05,South,Technology,1981.11,652.29
b495db4e-8245-4fb4-8ab7-706eb77350ca,2023-11-01,West,Furniture,831.11,204.19
7b85179a-d5b0-47e0-aa5d-932b45ff2c83,2021-03-18,Central,Furniture,750.32,340.32
74eff545-3e65-4603-b8e3-654bfaf14ff0,2023-03-15,West,Furniture,1555.06,208.97
30cbd755-6232-417a-a507-41818d1fb540,2022-11-18,East,Office Supplies,688.2,-433.43
bf0d073d-821c-4336-9970-cf60ebff8d15,2023-01-24,Central,Office Supplies,1862.21,469.15
11df12d7-dd30-4e89-a2f2-35f2e11b868d,2023-07-08,East,Furniture,1718.24,156.93
dabac50d-ca3d-4859-85ce-099c46b82659,2022-12-18,Central,Furniture,863.7,342.02
c9a7d91f-ef2a-4713-9702-10496a39aaa6,2023-09-18,West,Office Supplies,1504.23,153.43
00a81de9-d20f-47d0-8465-6d6b81fb18b3,2021-08-05,West,Furniture,1511.54,139.35
d664d264-4c6e-47ff-b9de-7a3a486822b9,2022-02-10,West,Office Supplies,215.22,-276.67
a8f1e091-ffb8-402d-9475-dbc996418ced,2022-12-26,Central,Technology,1806.08,-137.67
7250ee18-260a-4962-9d81-b7f57d5911c6,2023-07-30,Central,Furniture,1015.45,-293.49
551ac8ea-585a-4afa-bbfd-cc1289e06ab3,2021-07-17,West,Office Supplies,1654.65,-245.63
6090d697-8b1e-4b9d-834b-9fbb8d4a75b8,2022-08-05,West,Office Supplies,646.9,764.87
de9e3757-5260-401e-aecf-67d2749176f4,2023-12-12,South,Furniture,1792.09,-300.95
3d225c30-b28f-41de-bb14-0bc3304b8590,2022-01-26,South,Office Supplies,784.51,-149.95
db23aa8c-3bca-4f85-a20a-60ac9261549d,2021-07-23,South,Technology,31.57,267.77
517400f8-0b2c-482a-a928-8e92c68a152f,2021-08-27,West,Office Supplies,1811.71,293.23
e9d68f23-b489-4070-b914-f8a8bea4ff31,2021-05-26,Central,Furniture,191.66,-299.83
fd08b32c-62d6-4e93-a198-5d54cfb87e6f,2023-02-19,West,Furniture,645.43,531.83
a6eab79e-d21c-42f8-8ada-4f80a9e782d4,2023-04-28,South,Technology,1900.62,520.76
f6febc0e-7ecd-4baf-a6f0-5fcffb16e5db,2022-01-03,East,Furniture,1901.71,-191.49
f72169bb-8096-4718-a051-acef097a1e10,2022-01-31,West,Office Supplies,1151.14,-124.73
19b17e80-dea4-4e17-94fd-9ad39716108e,2023-09-04,West,Office Supplies,1267.36,719.38
1986b4b2-70b7-4868-9854-80f0dfcaf0b7,2023-11-16,Central,Furniture,902.41,573.37
03edd1f8-74f9-4d17-a912-b4bf86a4bae4,2022-05-15,Central,Technology,593.49,407.14
def57689-68f4-4bce-a4e7-5e8eb8f21423,2023-12-25,Central,Office Supplies,664.04,-393.1
1327f1bc-2784-478f-b84f-16b3a79fbfaf,2023-04-19,West,Technology,1348.31,43.74
43d88870-f81d-4aa1-8812-0a8e78308930,2021-06-20,South,Office Supplies,1507.23,227.09
65c17795-b155-46bc-9f8d-ed9756abf2f1,2023-07-07,West,Furniture,1585.24,-256.37
541cdfcd-da0d-4a5f-948f-8b74a65bb1f2,2021-10-08,Central,Technology,1581.34,82.69
889b78d5-dbfd-497e-aca2-b148da330aa1,2021-01-12,East,Technology,191.5,281.33
a075e927-5110-4492-b442-7e0b61484bb3,2022-04-15,East,Technology,993.9,-74.41
7cea2045-c268-483e-a32f-2e63b7fddd71,2023-04-24,South,Office Supplies,124.54,515.23
9e11d2cd-0930-4ef6-8a80-068ddf547e50,2023-01-21,Central,Office Supplies,1103.56,592.58
af34cf65-a193-44b2-bc19-e71d118405ad,2023-02-05,Central,Technology,888.65,-79.31
3a3c8a71-ff57-4e2b-8991-ab9bebc2026f,2021-03-06,West,Furniture,1776.53,590.25
fa745761-6f18-4108-9723-199dbf2c14a0,2022-11-02,East,Technology,708.32,-365.35
b4323070-a23d-4c2f-82a7-96891933918c,2023-02-05,South,Office Supplies,242.96,589.05
2a96e1e2-7194-4ae2-99ba-d7aedf615a5c,2023-09-12,West,Technology,294.55,-301.42
0769165f-e746-4cb9-8ca9-cf07b1aa0f6a,2022-08-17,West,Technology,1525.41,-392.19
0e5dd462-cbd0-4ef2-930a-37df0bc61066,2023-06-12,East,Technology,1240.25,334.31
6e417d47-5ff5-45ea-9bc4-40f14b1a269b,2021-11-05,South,Technology,211.23,113.52
697c3923-87fa-441a-be83-b91f25440fe0,2021-11-21,West,Technology,177.37,680.26
2e183554-cae2-4e66-ae8a-781390e0a95b,2021-12-31,East,Furniture,1404.93,-27.85
9c07a751-1437-4509-acd1-586a2b840c67,2021-09-22,Central,Technology,154.8,-126.7
aee1e86b-9ea5-46aa-a1ee-6c5bdeef580f,2023-07-04,East,Office Supplies,1645.5,150.96
9549c931-e9af-499d-bf67-1eec3da70577,2023-07-05,South,Technology,1415.42,92.73
a34db7c5-760d-4bbb-bb70-b3a124a35cf2,2023-05-18,South,Technology,171.88,-52.24
aab612c9-415d-474a-b5a6-69814104a8b5,2022-10-30,South,Furniture,178.83,401.86
771ad655-cdfc-4ee0-a61e-de900267deb3,2022-07-05,West,Technology,1973.41,487.43
8beddb12-ad77-482f-89a2-3a89e6b5a92c,2021-05-29,East,Technology,754.8,608.88
f1faf665-7115-43f3-92e8-9d1028711733,2022-07-11,South,Office Supplies,747.58,764.71
4c955f6a-966b-4964-bcd6-bdca5876fd09,2023-08-18,Central,Furniture,1627.47,-153.35
b0b862ef-6c9f-42b9-b647-8986a3917c99,2021-03-30,South,Furniture,1895.02,430.92
4d57d880-d865-469a-b4f3-310340066ff2,2021-09-15,West,Technology,1972.14,12.54
da743152-627b-41a1-bfd6-f23232ffe294,2022-06-13,Central,Office Supplies,1509.22,380.21
61a11729-3cb9-4350-9b4d-a0fe7bb38605,2022-12-27,South,Furniture,758.76,118.78
4bbe4aff-9326-4ffd-9be4-bf5192698698,2023-04-24,Central,Furniture,176.17,791.91
059dd55d-4b94-4e30-b303-f438fe2110d0,2023-10-31,South,Office Supplies,1556.52,447.57
6553867d-a881-4fd3-947d-577bfa5a91ca,2022-03-27,Central,Office Supplies,1121.22,738.24
dd750e98-90e0-495f-8212-b554464458b4,2022-11-05,South,Technology,854.2,585.46
f93e08d5-bea2-4dfe-873f-6e1baf908e3c,2022-03-04,West,Technology,1813.65,673.77
bec39a37-9b3d-44bd-a91e-314e0c8e29e3,2021-03-31,East,Technology,231.28,558.74
e726be23-e776-4886-9534-ee1d7f2984f5,2023-03-19,East,Office Supplies,990.32,96.91
3ae909fe-cc82-48da-8696-f5e64944051b,2022-06-03,South,Technology,32.59,-172.68
3810ae66-5a31-44cc-8d4b-69a99b689c88,2023-09-16,South,Furniture,942.63,-18.58
402913ec-9ef2-493e-b0ac-7d7ba2f963a3,2023-02-22,South,Technology,122.04,-473.69
c478f6f1-b88e-4318-816d-83edad81f8bd,2022-07-13,East,Furniture,246.45,181.19
2303f6c6-d69d-42f1-ae4c-84ffa8c01f05,2023-03-31,East,Technology,243.88,156.58
a0a11839-e745-4704-98df-bc3ca0d4de3d,2023-04-04,South,Technology,1301.93,182.83
c9e26074-4f16-49a0-8a17-991ea5769411,2021-10-26,South,Office Supplies,1494.63,766.24
5d678bb1-945e-42e4-888a-93ec70d9c9f8,2023-04-22,South,Furniture,1170.9,684.89
e8dd5e5a-1712-4b16-a1a4-344fbb7bee03,2021-09-24,West,Furniture,1924.72,-289.77
6a5e6920-bf5a-47e6-93a3-dd5a4b8c5bdc,2022-05-14,South,Office Supplies,755.99,-20.45
c958e75e-21d5-4971-b367-49b52cf6bf75,2023-12-23,Central,Technology,578.57,51.14
5da8d6d2-f8b3-4a8b-a05f-b8bc8a16a06c,2022-11-11,West,Technology,1738.51,-31.31
45c45a3e-e9da-484a-8075-9f1f87e5f0fe,2023-01-13,South,Technology,454.96,538.04
e9ff1cae-41c8-4a8c-aa1f-955ad499da99,2021-07-29,East,Furniture,1926.81,181.25
f7a67b94-7b5a-411a-b1b6-4afed31edf1a,2022-09-21,West,Office Supplies,34.19,243.73
ded255d0-bf1e-4366-8b8e-63d4ce7607ad,2021-09-25,West,Furniture,1940.06,608.92
77e490c7-1d7b-4313-8de2-2f1c56b60afc,2021-01-28,South,Office Supplies,95.89,547.71
c1101266-2408-46dc-9346-d1a9f6802cdb,2023-03-01,East,Office Supplies,1783.37,-328.13
ad238d36-dc32-4c97-b9c1-e262f76c8ede,2022-02-18,West,Office Supplies,1060.13,428.09
65bcc272-fadd-4ea3-aca5-e2fdb966442a,2022-09-11,West,Technology,1986.0,66.07
8eac0a33-cdf9-44a7-9882-b5c1f79efd70,2023-01-20,West,Technology,156.86,-116.96
6502d6a2-ca6a-4224-971e-16cc5da36f1b,2021-07-14,East,Technology,1112.17,-434.98
1fa382e8-895c-4d99-83b3-8eb403902c5d,2023-10-20,Central,Office Supplies,1938.91,133.42
bfbf397b-ac3e-4b0d-9e5b-a13d746cdb77,2023-06-27,West,Technology,1050.96,-37.93
618ae305-95a5-4afa-831d-029fac1e86d8,2021-09-19,West,Furniture,1262.5,-173.03
5f18e583-f0b6-483f-a377-f6f1d289f0ab,2022-07-17,South,Office Supplies,1394.54,403.07
78b2b549-3bdb-409e-acc2-16a01bbc91f7,2022-04-20,East,Office Supplies,914.54,500.33
f1738856-e25d-46eb-9e9a-9f83066803ee,2021-12-03,East,Furniture,1258.84,-181.77
9c2e58de-ea4e-4617-93f8-382b8fb864e4,2023-09-18,East,Office Supplies,1172.79,-435.72
a2a9d4d8-102e-4de5-a5cc-8bf738ab854c,2022-05-11,Central,Furniture,1803.3,603.38
b379cb1e-e8cd-40cc-b6da-3ca0d2e82f38,2022-08-03,Central,Office Supplies,100.44,-487.05
1dde7969-6886-43db-a634-8e784d5c55c7,2021-05-05,Central,Office Supplies,569.12,718.25
0986bbeb-f23e-423d-8b9b-d93423c86d30,2023-06-29,Central,Technology,1901.32,315.91
1dba1267-7e1c-45a1-bef5-18a64dead645,2022-09-01,West,Furniture,1781.62,-81.6
899ca782-e323-4d1a-bc1b-dacc18e19331,2021-09-20,East,Office Supplies,916.76,-179.58
5efa9c5b-7421-4f46-a37e-4b0122bae10e,2023-05-13,Central,Office Supplies,1244.06,-488.29
b24cc64f-be3e-4e57-b30a-9e32aba4fc03,2021-09-05,South,Furniture,561.99,-193.89
965befdf-6b4b-4411-8a4a-0e2df22b5b98,2021-09-26,South,Technology,384.36,-320.95
e2aa7a5d-278e-400d-ba02-66efbe055787,2021-10-13,Central,Technology,932.76,295.82
d56ce8ea-1959-4b5a-a7a8-f6366a35df59,2022-06-29,East,Office Supplies,713.17,-283.49
f065c817-687a-4850-9d9b-62317d45d8ef,2021-01-14,South,Office Supplies,1171.48,187.22
b0b63bcf-0860-4833-879d-0cdaf396ea37,2021-06-15,Central,Technology,164.69,267.15
71d79665-7181-4dcf-b79e-fc6e5edb0d3c,2023-04-09,South,Office Supplies,1949.05,-112.55
5cd8fe1a-dafe-48a9-bc71-e0bef3579560,2021-10-12,South,Office Supplies,1972.56,-454.42
5e09a9ee-af88-4dec-bb1e-143b196f4dfa,2022-07-02,South,Furniture,1399.34,-451.57
a5135ea0-fa53-434d-a6d5-901d8b621d41,2023-10-29,South,Furniture,1076.83,-465.75
46a02a9b-65ec-4acd-8f80-35f55bd20c98,2023-09-15,South,Office Supplies,625.96,460.86
f2f25eef-1f45-4bfd-b7dc-67e030974b2b,2022-09-23,South,Technology,1629.45,-86.59
1777e8cb-7468-4b98-92fe-2fded918b3e5,2021-09-18,West,Furniture,1372.62,535.19
a3b5cece-a446-4e72-b64c-911aa9ab364a,2022-04-11,West,Office Supplies,333.61,61.25
0cf2b69b-0577-4ea9-b899-924698de8ebb,2022-11-26,Central,Technology,1822.75,88.9
fd235def-3e5a-47e3-9560-db22c96b5edb,2021-09-25,South,Furniture,1646.85,166.75
34885a46-9088-4eaf-8977-6598203c8c25,2023-05-09,West,Furniture,1900.1,426.94
8de08fc2-c3e1-4a85-946e-f10411906f50,2022-10-01,West,Furniture,1454.18,-144.45
d0243d72-3748-467f-961d-33ba350843f0,2021-10-21,South,Furniture,1230.7,-341.94
c63d04ee-541c-4a86-bba5-cd2fdea45c19,2023-07-04,East,Technology,842.3,222.87
989240ac-e689-43a9-89e4-8e8c25c61c45,2022-01-27,East,Office Supplies,1866.13,-74.93
fbe94499-dbc0-40fd-86fb-7bf300b9d4a3,2021-10-08,Central,Furniture,1733.47,75.24
8a4b8f7c-2147-4a15-bcce-96f6250a4578,2023-10-01,South,Technology,99.99,341.03
1c24220e-2cab-47e7-8c6b-66e5402adf9c,2021-01-20,Central,Office Supplies,62.47,142.36
21bddb41-0699-4731-9dcf-8766a93b12cd,2021-05-21,West,Office Supplies,759.16,306.36
c9d6a63b-ca3c-4f5f-9bb5-c40c03cde2e3,2021-09-21,West,Office Supplies,1623.0,207.46
040a3aae-52e2-4fd9-96bf-10ab3ce915e7,2021-09-10,West,Technology,1974.68,461.74
20733f6d-0d6a-45b3-83ef-20162c9b662e,2022-01-17,Central,Technology,309.33,417.72
1d181ee9-86ad-4a8c-abc4-123ebde13c1b,2022-03-01,East,Technology,1192.32,194.45
72c22a16-79eb-4168-9045-56e5bee3eb79,2021-05-16,South,Furniture,767.97,382.57
97fa7f04-8363-4007-9cae-9610c72c1fe3,2022-03-23,West,Technology,1940.13,635.63
38b77c07-80fb-4296-b3b6-a09b1beaf6ac,2023-06-05,Central,Technology,1685.82,61.95
ba2c98ce-0b19-488e-9d77-a45ef206c269,2023-06-10,Central,Furniture,1678.27,36.59
a8addf36-ddf2-45eb-a8a3-f341c8819065,2021-09-29,East,Office Supplies,942.7,493.52
a4b1f991-7542-4646-8d37-a539857dd3b3,2023-07-12,Central,Technology,835.49,257.32
ffa361be-0f92-40e1-87f9-7d05f6ca6b8b,2021-01-18,South,Technology,554.08,-407.69
6d204496-66d0-4371-98e8-8ebb7a9e8eef,2021-01-21,Central,Office Supplies,122.19,659.75
b65feea9-7d82-4264-9ba3-62e7afa415e5,2023-07-30,East,Technology,1730.8,-459.98
e63658c9-12d0-498d-b18d-4d05e8e22743,2023-12-27,South,Furniture,1627.67,472.92
25f934bf-9bb9-4155-9275-eb9414aeaf5c,2023-10-15,Central,Technology,1999.44,486.43
9fd34579-4667-42ce-a04e-178c10d08d11,2022-10-11,South,Office Supplies,1993.31,739.04
b64fa54a-8c61-4654-95da-75c1a21150f9,2022-09-05,East,Technology,1115.31,-429.63
98eeac2b-fe9f-4caa-a182-f347533f5a72,2021-09-22,Central,Office Supplies,1540.28,275.91
816bcb9f-7426-4193-8b7e-6b3c87d292a6,2023-12-14,East,Office Supplies,1890.08,56.19
cb08587d-1963-426d-ae21-8b099afd4015,2022-11-20,Central,Office Supplies,1700.8,-70.18
a79b44b6-da50-4fed-9d4a-3d81b3a7d0e0,2021-03-03,East,Technology,502.22,-382.59
8d244e3e-c4da-4ddb-a0b1-5abaa6a27967,2021-07-28,Central,Technology,906.58,231.45
6e191042-370b-4063-9d90-e79eb888f6ed,2022-09-29,Central,Furniture,267.03,122.75
69efafb1-3a7e-4e14-a359-eee173991a47,2022-09-12,East,Technology,1908.56,-364.08
66132e69-7418-4109-93d1-bf0f56c438e4,2021-01-01,East,Office Supplies,1216.29,296.24
50032b35-1857-4baf-bac7-e2b96a7e4c36,2022-02-12,East,Technology,465.0,459.34
4140752c-aa44-4259-9001-8b7b6d4067f4,2022-06-17,South,Office Supplies,1346.68,497.46
afd380c4-2713-482c-b41e-a3ac5fd23109,2021-03-23,East,Furniture,1240.08,676.99
175a81ec-112f-4612-b969-9ed2ec48bf55,2023-06-22,South,Office Supplies,722.74,32.31
6e8f75a1-17dd-4d81-95da-705cd4ef00aa,2022-07-16,West,Office Supplies,235.98,738.99
5f65c8ce-bd21-4c11-be9d-61ee18b87245,2022-10-31,East,Furniture,1346.43,625.06
0f5ae9d3-8e6e-4003-a14f-3f12cfd01cbd,2021-10-29,West,Furniture,1045.41,-114.55
8fca7b6a-8fc4-4092-b4e5-59e596229348,2021-10-15,East,Furniture,1546.91,-292.93
692ac139-1f4a-4ca1-ab85-fd595463adc7,2021-04-14,East,Furniture,1045.13,66.01
f0ede303-aa53-419c-9fa4-bb9f5a856750,2023-01-12,South,Office Supplies,1705.84,22.47
ea74bb18-de3b-496f-ac45-96f6c012a0ff,2022-03-19,Central,Furniture,1108.29,248.44
49a214ae-f7e8-48e5-8d2b-91efb8976ec5,2023-10-03,South,Furniture,1126.27,258.4
1a85910d-5a05-4c11-8ffc-a6b199b479d4,2021-03-03,East,Furniture,1754.54,474.98
279c658a-3676-4ce5-81e5-c9f693f277cc,2021-01-30,South,Furniture,812.93,162.86
d8e7012f-3968-4c81-bb70-c3b8a81fdec3,2021-12-26,Central,Furniture,276.69,-363.73
8e676a01-d86a-4460-99a1-120e1bb43332,2023-08-13,South,Office Supplies,67.28,615.78
47503f1d-c33a-4f6c-9d69-1fba5e187b24,2021-04-27,Central,Office Supplies,1512.72,-97.31
6dda4f8d-cea6-4f4c-b9e5-8ff092f837d4,2021-03-19,South,Office Supplies,1244.42,762.69
c4767556-f97b-42dd-8f9b-72aed85c16bd,2021-05-12,East,Furniture,1411.12,-346.78
accb461a-9d13-4363-9f29-4a8bd1846c39,2023-06-13,West,Office Supplies,433.8,745.73
9be71737-06b8-4231-8e86-7f3ca487eeab,2021-12-08,East,Technology,281.38,-381.68
b18753e6-d457-4ad9-a867-a096edd877c8,2022-01-17,East,Technology,38.94,-199.65
45f50c52-2e2f-4f77-8769-79d644777442,2022-07-30,Central,Technology,707.67,-439.45
ebe9e207-4f19-4ec0-832d-4526b3e4110a,2021-11-08,South,Office Supplies,1183.94,416.65
2e709838-0190-4620-99dc-abd056febfb9,2023-04-17,Central,Technology,790.57,605.39
a847bce7-90fa-4b57-a4ac-2130deaf528d,2023-08-20,Central,Furniture,880.58,64.29
bdb025ff-2451-45a4-91d0-59b26699cd99,2021-10-03,West,Office Supplies,1809.28,707.08
177d6e7e-07d9-44ce-b8c8-8faea2178f84,2021-07-28,South,Technology,703.03,267.39
604e46cb-3712-42d1-87cd-b6a1bf012e32,2021-09-07,West,Office Supplies,1032.84,319.01
284bf962-5744-4596-b422-21676b7a2460,2022-04-08,East,Office Supplies,1569.47,599.04
530ac1c7-b8ba-4368-8fc7-77685ebbcca5,2022-12-22,East,Furniture,799.12,-114.16
98a21f1c-914d-4fae-b100-13a7c6deb2f0,2021-05-26,West,Furniture,1247.95,-39.45
27d415b6-0d77-45a0-a222-b6a615bfbe97,2021-05-15,South,Technology,1726.1,677.74
0cbd3c03-9e2a-44ac-8122-b5b3284c03d2,2023-07-09,South,Furniture,1899.55,671.25
716fda0a-45a8-4829-94e2-86e5ac8936bc,2021-12-12,East,Office Supplies,302.68,769.43
9b69554d-7c54-435f-ac8c-3b6aa974d079,2022-08-17,South,Technology,1853.91,672.39
372f871a-45ee-432d-aa07-f2137129cec7,2021-01-09,East,Technology,989.31,-334.42
585d3f86-1d23-44e6-8329-20b7c143f426,2023-12-16,Central,Technology,523.91,570.84
ad9fb00d-4882-473c-9c63-45ab6e0ed1e8,2021-03-14,South,Technology,923.68,32.79
86e52753-7c93-46cc-97d7-a560adb14670,2022-10-15,East,Furniture,1960.26,788.04
3873e57f-0ba0-48e8-8ef4-92c1aac93316,2021-02-03,Central,Technology,990.31,113.97
0e0630cd-996d-4c50-bc04-a168652ffb49,2023-04-02,South,Office Supplies,664.22,219.99
f200c261-4d29-41ab-b455-12f701f7c7ec,2021-08-12,South,Office Supplies,1270.47,188.71
c3a00c6f-2321-41e1-8471-04c036136e15,2022-12-18,South,Technology,487.89,-81.74
1eb74b56-53ff-43a2-8a19-35014169b9fc,2023-01-25,South,Furniture,160.97,-402.47
6e3f683a-bf3c-4140-bf54-a51101fa964e,2023-10-21,West,Office Supplies,266.47,664.35
88575117-6155-4667-a112-507c2cfa55b0,2021-02-27,South,Office Supplies,264.81,543.48
8f0881ee-8011-416b-bae8-8926b423ccde,2022-05-13,South,Furniture,312.29,-318.62
5aaab32f-ce63-42b6-ab05-347fd556b37d,2022-09-14,East,Technology,286.27,509.8
bdf66ba5-dc9c-46de-a5a6-74c212738a23,2022-03-13,Central,Office Supplies,1285.34,313.6
75b27455-04cc-4ede-afac-16730ad45230,2022-09-14,Central,Technology,371.94,31.89
5024bdc6-dcb3-4df3-93ee-cdc6ebd14d2c,2021-06-22,West,Furniture,697.88,-169.77
67884209-92ca-425a-ade5-93329364f3d0,2023-12-01,West,Furniture,1794.61,617.65
4a1dab32-6aed-4dc7-a3e0-5309b5a1b949,2022-10-12,South,Furniture,953.18,410.24
f758dce2-0556-4aea-a7b0-32831d7c0098,2021-03-27,West,Technology,1338.44,212.06
f296d9f0-cd23-42c2-abff-e17b532401fc,2023-01-07,West,Furniture,352.92,292.44
b08a4895-d4ff-4666-b5c8-e90d9e3d750d,2022-11-09,West,Furniture,392.66,-381.61
6fcc57dd-168f-4e12-9ca2-60c9eb7607c9,2021-07-21,East,Technology,91.33,116.1
6f887f28-3e49-4d09-9b19-d8b8d8302081,2022-08-31,Central,Furniture,346.18,-248.19
1422373f-8622-48d1-a683-e10796c044d0,2022-03-14,Central,Technology,564.39,-229.1
beed10b6-4f6e-474b-9eda-b0276550f74a,2021-12-06,South,Furniture,362.25,359.7
c77444cb-5543-4c3c-b8b8-f24e56ea57b3,2023-03-28,West,Furniture,186.52,684.63
a21b0307-82af-485c-938d-994c2b0abedd,2022-07-04,East,Office Supplies,250.07,24.88
31a3ac4d-828c-47e7-87d5-b7be1d30d990,2021-01-17,Central,Technology,926.95,-229.93
59e1ac09-5970-4859-86b6-e4ade7ea8d5a,2021-01-23,Central,Office Supplies,420.6,343.37
a53bc024-d1a6-4d87-b54e-2019ba35844e,2023-06-09,Central,Furniture,734.9,632.54
1a5165ca-3c7c-4d85-a5cf-0041d0a643fe,2022-05-21,East,Technology,1011.8,472.81
2c6a6e9a-3280-47a1-8187-222b257d5e52,2021-12-21,East,Furniture,1383.89,629.38
c257cf73-c29d-482b-a722-796e9a36d1ec,2022-12-21,South,Furniture,88.23,197.52
f387e1bd-2d59-42c6-934a-5a2fa7cf705c,2021-09-27,Central,Office Supplies,1600.83,477.44
76c5a0dc-7e7e-4419-a0c1-4035c5d95f51,2021-11-07,East,Furniture,1259.52,-317.92
9458054e-c287-4f06-9050-f7efc1235c91,2022-02-26,South,Technology,172.7,-47.24
e1cde87f-ec95-4f87-ae5e-c36572eb7474,2022-10-21,East,Furniture,1748.42,6.41
fc8d5b93-a2a2-491f-a49b-1cd99082889b,2021-05-21,South,Technology,1842.54,164.68
f891b0c3-dd3f-487e-92bd-c6619fe0a8c7,2022-11-22,West,Technology,131.55,707.8
70944bdb-26a5-44e3-90ee-7a92a09151e0,2022-10-24,East,Furniture,560.99,636.59
a1a27485-7134-4c2a-b80b-3657117b355b,2023-10-21,South,Technology,1614.34,-325.12
97674900-4651-4367-8bdc-43184d85a3d2,2021-08-16,South,Technology,1499.04,-275.37
12fe28bf-81e0-4489-9a18-e2a30e614bcd,2021-12-13,East,Furniture,377.2,-35.07
09a0a0f6-73b0-4091-b634-c1694f76e388,2023-11-12,South,Office Supplies,426.61,-122.03
497de16d-d4ea-420a-9e65-96540e9058b6,2021-06-22,South,Furniture,747.24,299.2
fa34d2e8-dd3f-4d7e-a508-dc9513a4a492,2021-11-16,West,Technology,974.2,673.61
98159d6c-9d71-4084-971d-abf9daf481a7,2021-11-04,South,Furniture,1240.33,750.98
949077c2-7674-456f-a26d-719d81cf3252,2022-09-30,East,Furniture,744.14,349.68
bd29ede9-cab4-423b-b448-83858de7ad6c,2021-06-28,West,Office Supplies,930.44,589.61
e8b77f7b-7321-4f6b-8a80-76ece5582e16,2021-01-20,Central,Furniture,1497.47,182.76
30307633-a6de-41d8-9258-17b7cf501889,2023-09-26,Central,Office Supplies,83.0,-229.17
80599b93-79c2-42e4-9ae1-a991524f93ff,2023-08-17,East,Technology,512.35,182.09
73557b9d-0fd6-447e-b52d-4af2269ed4c9,2022-02-07,South,Office Supplies,1429.57,221.61
d65e59dd-e62d-4d06-8f9b-85581a7f195b,2022-03-16,Central,Technology,1791.46,465.19
15969802-b6dd-4257-bb7d-9f1c57eb89b1,2021-05-25,Central,Furniture,1028.24,-214.15
0a0537f0-2c2c-422b-a568-95c6812a1f9b,2022-11-08,West,Office Supplies,1068.91,-21.2
fdb1429e-7010-4d13-b526-b22d3f6c21f7,2022-04-11,East,Technology,223.27,-26.76
9c1c3517-85d2-40a6-8629-5b5d707df251,2021-08-02,West,Office Supplies,900.35,747.27
eafde7d9-5f73-4a3e-9d28-6aa428a39779,2021-11-07,South,Furniture,1069.91,77.13
c6435300-68a5-4c68-a32d-bb5e486bb6bf,2021-06-04,East,Office Supplies,492.52,481.62
0d67d38e-990f-4c5b-adcc-3daf569f3ab3,2022-08-28,West,Office Supplies,545.79,476.05
55ab946d-a5b5-4dc2-a181-c85eca0ac6ac,2022-06-27,East,Furniture,760.8,-154.79
8ed6ad5e-1831-4aa3-9466-9d1910df9974,2022-03-05,West,Technology,49.94,243.43
4082cbb9-48bd-4b3e-a2f5-df2badaa44ca,2022-03-23,West,Furniture,650.94,662.59
f6e39356-a814-4562-9a00-3f16b9469bcf,2021-06-30,Central,Office Supplies,430.78,117.76
267eddce-df8f-4197-9a4a-99b2e806133c,2021-11-02,Central,Technology,661.72,728.65
a9e27ba9-952e-4abb-94dd-5061555736f8,2022-12-16,West,Office Supplies,248.33,-221.2
4f6b58c8-598d-4aec-aaaf-e5432434a678,2021-10-05,East,Office Supplies,1782.15,-403.59
a981b098-b2cf-452d-a7f3-33b3f7baf55e,2022-12-22,East,Office Supplies,1191.25,658.89
b576255e-9854-4f22-a102-f9c964575bc4,2022-12-31,Central,Office Supplies,1361.41,601.99
8f158449-4f40-422f-95b0-2530f020e992,2023-10-20,South,Technology,1580.45,790.37
54170a17-caaa-4bbe-a4bb-f962606e0e1c,2022-08-27,Central,Technology,1001.9,383.21
b3ecb951-ab8c-4f97-a0b7-1785d02ce0c1,2023-03-25,West,Furniture,182.97,717.69
ff4625af-bd20-463b-b275-b5f3d436a7a8,2022-07-17,East,Furniture,1078.84,575.03
17ec889c-86c1-46cb-a996-30f7af77520e,2023-01-11,West,Technology,1177.81,597.75
822c4d32-6c64-4c15-aba3-01cba561e1e9,2022-10-15,South,Office Supplies,1493.42,239.88
4f11d8dc-5cd3-4369-84aa-c1b75ca0c428,2021-02-19,West,Technology,869.0,-2.93
577bc55a-36d5-4494-b37f-d50d2e25b5ee,2022-10-18,Central,Furniture,263.88,714.93
31274148-7c7c-404e-8422-d03ef29a6339,2023-12-12,West,Furniture,574.71,61.75
27aa7cbc-2337-4bbc-bffe-77c839feb99c,2021-11-20,East,Furniture,732.53,200.47
c9c23e69-d82c-4565-8bb9-07ec13c11754,2022-01-25,West,Furniture,1295.38,79.95
8a2e6a93-c558-4bb2-81f7-f3fb19e45c6a,2023-07-28,South,Technology,1145.85,234.26
86cac6f4-e238-4e93-bd17-c5e8d5ca69ab,2022-03-31,Central,Technology,718.63,111.66
e05b46c5-5636-4094-a974-31db09a9d1c1,2021-10-07,West,Furniture,1973.17,-437.64
98e52499-218c-4e1c-9e37-4f7ac42cbc39,2023-08-27,Central,Furniture,1215.49,646.66
2e4bebc4-2989-4880-a77d-1be96070b6a1,2021-03-11,East,Furniture,482.08,77.71
9feefdff-c566-4a81-b15e-54f6d4d30795,2022-03-07,Central,Technology,212.55,265.63
b89f72f3-2a60-4652-a714-7668cf1d7d3a,2022-10-28,Central,Furniture,314.19,-319.06
5d42b9e9-692e-47b6-8b2f-6d5c700b5d5f,2021-04-18,Central,Technology,499.46,-495.6
f836f571-3cce-476c-b836-c448ad261ec5,2023-01-06,East,Technology,329.76,-181.12
c09cb506-48f1-496d-9c4f-fb4671b701aa,2022-05-25,Central,Office Supplies,381.27,415.96
3be79df4-72ec-416e-88a7-23e9bfa016c2,2022-06-13,South,Furniture,577.34,-371.05
f7315749-4f39-49a8-bd3a-258288b4f474,2021-06-05,West,Office Supplies,355.01,681.55
e76adca9-7811-4802-88cc-7cfecf01f944,2023-03-06,East,Technology,1794.56,-220.47
ada58417-5e2a-432d-b1ab-0b56d5c9fdc7,2023-05-06,East,Office Supplies,169.67,-234.03
70cafdd8-fc04-4f08-9207-0158f2771f63,2022-11-17,South,Office Supplies,1053.78,-264.04
c7332304-4822-4120-84f9-eccd7630a8a7,2021-01-31,Central,Furniture,826.69,-481.82
6b2d5b09-8707-4ad4-80be-7e3561c2645a,2021-05-15,Central,Furniture,1964.93,503.35
331f63fb-d11f-48c0-a97c-a4fff75d599f,2023-02-08,South,Furniture,232.96,637.54
df7d0dd7-236e-4608-9acb-394acd1f5318,2023-08-21,Central,Office Supplies,801.73,298.41
7b07fd31-a424-4f23-8d5b-a7cd400035f0,2023-08-15,West,Furniture,1939.25,-255.34
ef2ddcc4-8df6-41da-9f07-c1a5dfc620ce,2023-05-28,West,Office Supplies,1732.36,-129.14
8412a335-d88c-456d-b61e-5fdb1a435206,2021-10-21,West,Office Supplies,1635.97,118.7
1578d709-48f9-43d0-9fea-e1e0d9e604b3,2021-09-25,Central,Furniture,523.23,740.65
73069588-45d5-468d-a90a-3abbc35b9fea,2022-04-11,West,Office Supplies,350.07,-178.44
d4bf7a4b-25b8-442f-836b-15c7e7c225da,2023-12-20,West,Technology,1340.6,451.14
e916da57-f248-43ab-977a-8a5f6ffe33b3,2021-10-11,Central,Furniture,1859.46,71.28
e27718c5-737d-4fb6-9113-76e038d77b9a,2021-03-05,East,Office Supplies,1117.96,-112.8
6a36af18-06d3-4b93-ae33-688d597e6845,2021-09-20,East,Office Supplies,1147.51,92.69
5fbbf0b1-8083-49c8-a57e-01c90da23e5c,2022-03-22,South,Furniture,567.16,-407.43
14e4180c-fe99-46a3-a2db-c8503c5bf3a7,2023-05-21,South,Furniture,1541.29,538.29
519554e3-0737-4c86-b97b-5f515ffa46ef,2021-12-07,Central,Technology,382.22,-183.71
b6f6dbf1-d6d4-41cc-995d-82f8ee4a9b5d,2022-11-23,South,Office Supplies,654.12,443.04
25637cc3-ca97-4bf5-95d5-96afa663d2cd,2022-04-23,Central,Furniture,856.62,-411.15
eada79a3-4970-4d9a-89ce-3cfb2339ba19,2022-02-19,Central,Technology,1020.14,741.63
d4c3a832-b231-460b-b8f2-ce6bd46b415d,2022-02-20,South,Office Supplies,492.4,-249.08
781799ff-b49e-44cc-8243-69e72387eaf6,2021-05-01,West,Office Supplies,238.53,647.56
e7e646c7-0158-4463-9d87-76a072d78bdd,2023-02-10,East,Furniture,1225.13,552.32
3735262d-4184-4b03-84dd-7054144823f7,2021-09-19,South,Office Supplies,584.37,758.22
f0b2a5d1-8c7e-4f42-a646-eaf9d5c0244d,2021-12-07,South,Furniture,1166.66,121.26
6c5a6c93-871c-4884-9bdf-90f2ba2c0f19,2022-02-22,East,Furniture,317.18,445.62
3cd5fd7f-49c1-4669-86b3-3fe61c76bdf6,2022-06-21,East,Office Supplies,967.47,-18.08
3d0a5f0c-0c39-4ec7-9f31-74054d183eba,2022-10-28,South,Technology,1069.85,-260.32
9f708368-cb3c-48ca-a392-57316b79afcc,2022-06-05,West,Furniture,113.13,76.0
d6312a80-1c61-4ec2-9014-2131750565f5,2021-11-02,South,Furniture,679.84,-284.53
893ad232-98c3-43ca-bff4-cec6e7b7b4c6,2023-02-18,East,Office Supplies,277.49,776.66
93364f7e-83ef-49f3-a1c7-cc8a04351b64,2022-08-27,South,Office Supplies,136.12,-374.88
4a90cd0c-24c1-43b9-b7f2-85723defa849,2023-06-09,West,Office Supplies,1980.02,265.98
5a5226e6-9d64-4932-8066-853d6de299a1,2022-02-01,South,Office Supplies,651.48,314.4
2ff3cde4-6aa4-4c9f-9217-04753d959e3f,2022-11-28,Central,Technology,1621.65,199.5
8603156a-15ea-4bcf-ab10-21ceaa143cd8,2023-06-05,Central,Furniture,516.73,360.84
f4124360-1153-4e99-9c50-8720f982f4e0,2021-01-17,West,Technology,1366.19,-348.96
c9525185-81e0-4a5e-8b48-f49686abd4e7,2021-09-15,West,Furniture,1522.85,221.52
0534a101-8ddc-4719-81f3-8dd4fd034ada,2022-07-12,East,Technology,1195.32,-126.62
0b251279-785a-45d0-9f92-a62163f4c69d,2022-04-01,West,Office Supplies,948.44,722.23
5f90bed6-fb25-464d-a30a-a767a2bb522b,2023-04-13,Central,Office Supplies,829.56,490.69
5b6a8102-0428-4378-bf50-23f440ef3935,2022-07-29,West,Office Supplies,704.25,764.27
3dba6da8-5844-49fc-914b-9547c9dc72b8,2021-12-17,South,Furniture,1859.76,-451.18
1a89b71e-a0d5-42c8-a837-fe68bba205ca,2022-08-11,Central,Technology,1662.93,-129.33
c1b5b5ca-bc35-46df-94f7-9dbac5811d2d,2021-08-01,South,Office Supplies,1930.4,-245.95
5a304528-0b59-4562-a227-219f551ff086,2022-10-12,South,Technology,257.35,-485.5
a48e40f1-d042-4dfa-96ab-087a8bc78e81,2023-05-20,East,Office Supplies,1464.43,-184.98
af475b49-c775-4395-9494-05f02cd2a404,2023-06-02,East,Office Supplies,1877.3,382.41
7a8104de-b205-47bb-bb16-f75776f186ab,2021-03-06,South,Office Supplies,370.65,-199.58
2285b2ef-cfbe-4fe9-aea9-c542a1b970d0,2022-03-13,South,Furniture,142.33,161.7
f1901b7e-c6b4-49ef-b74e-ba9310275b53,2023-12-06,East,Technology,1484.83,654.16
339b77a8-4b1f-4d7b-8977-c513752a7d25,2022-12-28,Central,Furniture,1153.2,401.89
e2c328aa-3310-4475-8a86-22250b36e356,2021-09-26,Central,Technology,1685.24,13.02
4f612217-eef1-4694-90ca-e32d0aba590e,2021-11-04,West,Technology,288.15,-15.79
d0be73ee-fd37-4539-a5f2-02f983f02dc7,2023-03-13,Central,Technology,1592.58,92.46
095ffa81-40d9-4bce-b930-ba208b040f49,2022-11-05,West,Technology,411.24,-269.85
493e904d-30ec-4796-a59b-457fc0d7ac73,2022-02-18,South,Furniture,335.68,324.2
0c3ce284-c7e5-4bbb-9cb5-1c535b62a8df,2021-04-09,Central,Furniture,336.89,-26.6
45f18619-54f9-4429-a7de-02ccdda4f4a7,2023-10-12,Central,Furniture,1631.0,608.07
6fdc0bad-5e36-4127-8ca1-b45c1fdd980a,2021-01-19,Central,Technology,1333.74,483.52
7092947d-be49-49ec-a667-d3bbe3b56360,2021-01-05,East,Technology,1050.9,293.67
56cb1ab0-62fb-46d7-b4db-ca07e506f670,2023-07-15,West,Office Supplies,724.07,-26.54
b12b6680-7f07-4cb9-afd3-40c0f945f2fd,2022-06-11,Central,Furniture,1755.63,-227.09
cc1b4157-ec9f-4c54-9e0a-72ab7f5db163,2021-12-19,East,Technology,790.97,509.0
15260718-cd18-4a82-8447-ceab84ef4324,2023-02-18,West,Technology,1635.03,132.33
6e3c4532-1434-4f62-acac-028cba220065,2022-06-08,East,Technology,883.88,-207.82
2e326567-d284-454e-bebe-c0db9a3a6103,2023-08-31,South,Furniture,760.12,-246.27
1a43db54-523a-4993-8b34-46bc8ba435cc,2022-05-02,Central,Office Supplies,930.73,-284.98
4baf0f5e-a932-4094-93f2-8f11147f6570,2023-01-19,West,Furniture,609.74,510.31
b7b8c1a5-9a45-493d-b227-890e4e76833a,2022-02-21,South,Technology,1497.74,-202.32
71a3fad2-b094-4d2a-aaa9-3b436d15f16f,2021-09-28,West,Office Supplies,1010.41,184.63
ba108217-0ad7-49a2-b277-16ec59fefbbc,2021-05-22,South,Technology,472.1,87.01
9d66e815-5a41-43b3-a95f-176cdebac186,2022-08-31,West,Office Supplies,1800.15,253.49
a3b442bd-4649-4296-af58-42c3ff86cc31,2022-03-09,East,Furniture,773.94,640.3
0eaf04b5-f2a9-4c8a-8a9e-4a62fae3114b,2021-12-31,Central,Office Supplies,1091.67,628.07
67fd64c4-a334-458a-abd2-b5121335e5db,2022-05-15,South,Office Supplies,1813.88,86.4
bff9507d-cd14-403e-8359-9af65d01f55f,2023-07-06,Central,Furniture,1252.23,-480.02
07f8d4f0-f3ea-4184-a8f4-e3ceadedda80,2023-07-27,Central,Technology,242.63,54.38
ad973b67-9b89-45cb-9942-644c248d31ec,2021-01-25,Central,Technology,1880.27,288.05
20509c62-08e8-45d7-b02c-1821c8040fb7,2021-02-20,West,Furniture,1259.14,225.09
a52964ff-c74c-4890-bc6a-3174113634a5,2023-06-23,South,Office Supplies,676.46,346.74
f31046dc-6202-4ee6-9cb5-e69c5dc7b3e6,2021-12-09,East,Furniture,287.15,-299.7
2747b93c-9ae7-4eab-884a-67809136f1f8,2023-01-11,South,Technology,1590.11,340.5
5ef787b8-f2e6-495f-b32e-2016add702c9,2023-04-09,Central,Technology,1243.94,-262.55
13aec376-c359-410a-b1a6-014c5f3c44dc,2021-05-01,West,Furniture,1071.59,475.68
5df06e8c-878a-4ed9-a33f-fc8292ec89af,2022-02-11,East,Office Supplies,1788.85,-59.19
4758367b-a649-4cdc-907b-907265e58f34,2023-11-10,South,Furniture,1579.31,422.86
06a241af-1d0a-47f7-b5e4-a4713fe68c9c,2022-10-26,East,Technology,311.83,-437.77
848af440-7fc1-4858-afa0-d842bc55300b,2021-03-19,Central,Office Supplies,630.33,30.22
1e2595b8-8fc9-486b-a9dd-ebf563119aca,2022-04-19,Central,Technology,504.49,416.54
b43bd27f-42a2-49a6-8664-12854303cbc1,2023-01-30,West,Technology,1490.45,-205.07
9ca3fbb3-ff11-48ba-b6ee-1640723ef466,2023-10-03,Central,Furniture,76.73,533.87
ffa623d0-ea9e-4c8d-b1a8-b71f491b90e9,2023-09-14,West,Technology,1144.08,320.01
22bf18f5-1f65-4a87-b33e-e3447dbf4bc1,2022-09-30,Central,Technology,1527.29,263.83
2c33350c-73b9-41d8-92f5-131ada52d2ee,2021-05-26,South,Technology,1754.76,-40.39
ff4c96d6-71f2-4e8f-b69f-68c3e60fd420,2022-04-02,Central,Technology,690.74,127.19
f7b217c7-ae92-4a71-8f7d-cb431679742f,2021-12-12,South,Office Supplies,1644.3,276.55
aaf78c67-51d0-4109-bc90-2838d8741408,2022-12-09,West,Furniture,230.16,114.2
8ccc9cea-109f-48ee-b5a4-720058f0dd23,2023-02-24,East,Office Supplies,1694.44,407.81
4cc9f5f2-e42e-4037-8a55-2ea08acbbe09,2023-03-23,East,Furniture,263.7,63.81
b5a5f8e6-b639-4f04-a852-4385d9f2dd0d,2022-02-11,West,Furniture,800.6,-237.04
2c913a7c-a340-4f08-b341-91b8ed6522b4,2022-03-05,West,Technology,1596.62,-221.89
3967e60a-823d-4107-9c8a-c066cb2fafa3,2021-11-26,Central,Technology,308.34,-492.46
cac4d0eb-3373-430e-bc31-a5971f119c0f,2022-12-11,Central,Furniture,466.21,-108.75
7e7838c9-ca55-438b-bc9a-be10238d6f44,2021-03-21,Central,Office Supplies,1447.28,473.59
9280c5aa-8dd4-495b-9c63-b6f306ba8cd3,2022-09-08,West,Office Supplies,1442.87,532.41
fba6abf7-cdbc-4653-b7a7-e8b75e70f65f,2022-08-06,South,Office Supplies,1285.88,-236.79
e25df9a8-9ca8-45c4-a138-afe08d38bbd8,2021-05-08,South,Technology,1390.96,746.76
65edcfe3-4f2d-4d3f-90d4-de39161237c9,2023-04-23,Central,Office Supplies,1090.02,153.12
7a89cbeb-b807-478a-b788-f5d1ffe575f6,2022-12-03,East,Furniture,511.08,692.07
68d0a2a8-c4e7-47dd-a929-de738693fd9d,2023-10-10,West,Office Supplies,697.94,418.79
20156a72-12e1-43a6-932c-ae01d2c65ee4,2022-06-30,Central,Technology,371.38,439.16
12fc7a87-a470-4d48-9128-b9b1f8ede0ca,2022-10-08,South,Technology,1817.82,-389.44
8471b4b0-ae1b-4f69-b740-d83173318749,2022-02-03,East,Furniture,1170.95,-214.01
d43cdd6d-e0c1-4f1e-a0da-897258321ee4,2022-10-06,East,Furniture,807.69,-488.54
96792482-a3c9-48e4-8d22-38e6c7bf4fbc,2022-12-28,East,Office Supplies,929.39,430.97
21084dd9-f75d-4e3c-848d-56502e9522d6,2021-07-24,Central,Furniture,1895.09,-52.23
de431e06-e924-4069-80bb-ae526ec01269,2023-11-22,East,Furniture,315.17,522.65
84a2576c-1fc9-45f8-94d6-07350e2f8958,2022-08-26,West,Furniture,1176.6,-59.38
2976aab2-2a26-4770-8ddb-1b36272c0588,2021-12-30,East,Furniture,1016.72,565.13
39b86bb2-b596-4a7c-af4a-fa885299e505,2022-09-20,Central,Technology,1226.79,-330.09
84d67c4f-f0df-4684-b28e-41225894f7f1,2023-05-10,West,Furniture,46.04,-274.61
143029a9-d88f-4c94-88b7-63d5e519dd7e,2021-04-15,Central,Technology,1745.53,-56.86
f4d375c1-a293-49fa-b240-d7a14027ab7d,2022-07-26,West,Office Supplies,1864.92,31.03
a0017720-200b-4903-8642-6c458d03f17a,2023-10-21,Central,Furniture,1134.62,-46.69
17eaec83-8892-442f-9d4b-2bf94d85e9c7,2022-04-07,East,Furniture,1396.34,492.74
9780c215-2b2b-48e9-a417-c09380a8a23d,2023-12-15,Central,Furniture,1845.77,-373.96
2bd3cdcd-2779-4685-94a5-3fdef10d27c8,2021-05-16,East,Technology,1417.4,-43.42
e6e987ca-b87b-4384-9fdd-de2ea8a2b7ad,2023-03-18,Central,Furniture,313.55,588.41
ec86a890-d7b0-4bdc-966e-3cbe9aea622f,2022-08-03,West,Technology,1156.81,-413.16
dd20c3bf-d342-4f08-8a8b-b5b490494583,2023-03-15,West,Furniture,1217.36,725.05
f2d3f761-0ba3-4279-94cb-056407437c3b,2023-08-04,East,Technology,854.02,782.21
43c07d43-93a7-4792-8561-b8dca4364fcd,2023-06-07,West,Technology,1475.52,-384.86
92779574-c457-4cc3-b5f7-89bca6b07458,2021-02-22,Central,Furniture,1869.39,-121.35
07c0d116-a394-4d54-9e3c-5a886aa56e6d,2021-04-03,East,Technology,1851.88,-15.88
8baaf744-a08d-421b-a395-4cb17f7f6c0a,2021-08-20,West,Office Supplies,907.17,509.31
4d560a3d-f4e7-469a-a454-09374a27ebf2,2022-12-05,East,Furniture,235.34,274.7
ceae71cf-ce00-4af0-beb0-51817ba24588,2023-01-09,Central,Technology,1969.83,337.68
741b77f5-4c24-4053-a7f5-ae02af5b8f47,2023-12-17,East,Technology,1679.41,484.76
2877f5d9-0f56-45f8-b048-faa112ae5c22,2021-09-17,East,Technology,258.08,-346.63
76e5ae78-7bf7-41d3-aa66-2fce7089fc6d,2023-06-16,East,Office Supplies,1842.48,583.17
24c778a5-9b4e-464b-9716-dc2e343ada2a,2021-06-20,East,Technology,1741.09,417.31
51beb80e-b7e6-414c-9c8a-49225005680f,2021-01-18,East,Technology,1042.49,250.54
586a346a-dc5b-47d1-bcef-1972bbf483ce,2023-03-15,South,Office Supplies,1186.64,656.66
c2baf0e0-2179-43f0-a612-4ab4f9b21e6e,2022-04-24,Central,Technology,804.02,410.4
1b2ededb-8fc8-4fc0-83d5-bceb5edbb8ee,2022-06-04,West,Furniture,118.98,-237.79
1f5d988f-776a-4f09-bde2-885951b1943c,2021-03-05,South,Office Supplies,677.04,58.67
24108e9a-3f77-4cae-b318-b96d44790612,2023-12-20,Central,Furniture,1607.68,142.26
f204be89-4a4b-4563-8cf4-77ef18c8a616,2022-12-07,East,Furniture,19.22,-428.22
6b0ae0e3-9d89-4047-9d39-d7936257a4a2,2023-10-07,East,Furniture,673.66,741.03
e6fdd7af-dd84-4acc-b672-94643f8ea40a,2023-05-24,West,Furniture,802.36,-332.85
ef0a573d-53d2-456d-9040-158728e213bc,2022-08-22,West,Furniture,1079.42,406.7
3098f7b2-500e-45c0-b89b-df7f93e34c35,2021-02-01,East,Technology,1840.51,158.1
fef7d9ea-7f8e-4483-a8ca-aa1dc35bec2c,2022-03-27,West,Furniture,699.23,-466.68
e10b1a47-7fae-4748-b781-321e83c501cb,2022-01-02,East,Technology,700.44,702.17
170d7507-05ee-41d4-bf53-a88e4efc8248,2022-07-19,East,Office Supplies,1477.63,607.39
750d112e-8164-4eec-a4ab-851bf1fac6e7,2022-10-02,West,Office Supplies,909.91,181.54
95560a2d-3713-4466-bda0-6476f778c676,2022-10-28,Central,Technology,456.96,-202.37
4806f804-0cf0-474c-8c74-dc0f5a575539,2021-02-21,Central,Technology,910.35,-341.89
d7c4fe9c-e1e0-4ffc-98f6-fd7f7eb162f1,2022-06-09,East,Technology,290.31,-27.59
4926ce5f-7878-4140-ac2a-4f71a77d95f1,2021-02-26,Central,Technology,361.01,-167.94
1b84edc3-d8e0-49de-8217-ea0e896490ab,2021-12-21,Central,Technology,1001.75,158.7
43b47ee5-e1e8-4e7e-a249-8f666e51484d,2022-01-21,Central,Office Supplies,843.66,756.33
673ba8bd-c38c-4dec-9da3-9a73ba3df7ff,2022-11-22,East,Furniture,1830.54,247.44
0d18ab95-668c-4477-8b95-017c5dae1201,2022-02-19,South,Technology,731.16,656.91
5cce5ba9-31d4-4e09-8fd3-3afc91fdfa4f,2022-10-22,East,Technology,1165.37,346.14
62e7c1a6-12d2-4a06-89e1-cd138da00495,2023-07-09,Central,Office Supplies,1268.21,117.82
8cc36f3b-c3af-4cfe-b34a-6ca38116e3fc,2023-03-03,East,Office Supplies,36.06,610.99
9f8cc29f-fd35-4c5f-9347-9a3b479bc637,2022-01-17,Central,Furniture,1330.44,112.78
20f0156a-1e6a-4628-9c6d-52d5ae2e9af9,2021-11-25,West,Office Supplies,364.29,629.22
5f89ed12-64d6-4fbf-98c0-1e2bf99f0704,2021-02-12,East,Furniture,1922.53,-120.95
8ece1128-56ce-4b42-bc9e-1dcbcb7e6268,2022-09-08,East,Office Supplies,305.84,-332.54
24eeb4a6-c145-45c7-9d98-6115f05eeefe,2023-01-21,West,Furniture,835.1,611.91
66c14dca-8255-4a61-9a3b-031932f57510,2023-09-29,West,Technology,179.85,263.64
09f64405-0b99-4034-8a4e-255280051b10,2022-11-15,East,Office Supplies,1993.78,655.82
cdd0b4d4-5542-47de-b6ad-f48b2314d0c8,2023-11-01,South,Technology,1009.37,719.18
2620f9a9-74fd-43d1-84f2-fd0f79474bfa,2021-11-24,East,Technology,1194.82,-430.28
23c8afdb-83f8-4f16-a4a4-474c9b33e3a4,2021-02-04,East,Technology,143.48,151.26
518b2f21-9cf2-4859-ae6e-2e7253f591dc,2022-09-21,Central,Technology,1502.42,-12.55
9dd2f9de-fd98-4e33-a498-abe92999bbef,2023-01-02,East,Office Supplies,427.71,313.62
97fe56c5-4c9a-4f24-97b4-c294bd44089d,2023-12-25,West,Furniture,1797.13,531.67
827c9f8c-d40a-45e9-81df-6517561c9210,2021-07-06,East,Office Supplies,418.23,-135.23
901bcdef-b56f-48ce-bd66-971e88476c56,2023-05-02,South,Furniture,389.47,223.84
044251db-d0d4-4a67-b992-8faa4cbf131d,2021-07-30,South,Furniture,82.73,421.35
1c0f0bdc-ac7e-437c-94cc-1e2a5e4cb287,2021-10-12,South,Furniture,949.41,-325.24
4ec3f970-956d-40e4-aaa2-6216fada98f5,2021-10-12,East,Furniture,1134.03,558.29
df41e335-b9ae-48e4-a615-99c8cbf81f86,2022-10-16,South,Technology,140.76,287.94
98cf1188-06d2-4913-a117-3719b023a0ea,2022-09-30,West,Technology,1553.3,734.4
a7d4cf50-f791-41e5-83f9-cd6b797ebe87,2023-01-09,South,Furniture,912.04,-58.61
9416e4dc-c6b2-4def-b8d8-b7f1c86c6544,2023-06-12,West,Office Supplies,1053.54,-359.41
0d259caa-b8ad-4d87-ba40-45dd93dfd907,2023-09-25,Central,Furniture,887.12,158.45
86341718-2ba6-4db3-bafe-b1149561c813,2022-03-13,Central,Office Supplies,807.52,-388.45
c64c9647-9ea7-417c-b89f-7039a107cc46,2021-05-07,East,Office Supplies,1123.68,760.38
d25864f2-25d4-40fc-a154-2765d756ba9c,2023-08-13,West,Furniture,318.93,-449.71
9293f705-0815-4147-be00-980eae441e21,2021-01-26,Central,Office Supplies,372.04,479.56
30d73df7-1c22-4cea-b355-56a5f2bd92f2,2023-03-07,South,Office Supplies,1724.95,182.63
6b352f85-504e-4687-b0e7-e75604d9145e,2022-12-04,East,Office Supplies,1892.77,-20.79
34323ec6-b0c4-401c-a9b7-c0fa26c432f6,2023-03-01,East,Technology,752.89,-414.41
9c89d374-c664-45a7-8077-3e33690e7e62,2023-10-03,East,Furniture,548.78,308.82
d92f3c1e-df70-4b2a-b8bb-22a5eba742d2,2023-02-27,West,Office Supplies,1291.56,260.79
b4adaf89-0ff1-4a9f-ba37-0623bc5fd4dd,2022-11-01,East,Furniture,823.38,-134.85
8f964685-3514-4890-84c8-6c4623595fa4,2022-05-27,West,Furniture,60.52,683.29
7a768555-a987-4218-bf84-faef5336723b,2021-12-05,East,Technology,320.74,-104.66
f4e95734-5052-4700-a077-96a38685abaa,2023-02-20,South,Technology,1434.78,84.64
887b03e5-e980-4808-b5ac-824c2c55aef7,2022-05-27,South,Office Supplies,1321.26,206.89
ad05b912-5ab2-4d4a-8bd8-8fcd57a2be4e,2023-11-17,Central,Furniture,63.92,-369.7
ae455cc6-b88e-430f-9e1e-994ac5a11f5c,2023-07-18,South,Furniture,451.72,711.81
43ad3d62-b17c-4b21-8dbc-2c1ca4afe7bd,2021-03-14,East,Furniture,469.84,-13.1
f5141058-3138-4975-bbf3-3a349c2dfa97,2022-08-25,Central,Office Supplies,1347.07,-394.99
4c6a70f4-8ede-444d-876c-f68c3f1be0d0,2023-01-02,East,Office Supplies,49.22,3.48
fb756923-f910-4bb3-b105-32523990e2c9,2021-11-15,Central,Technology,217.18,280.26
b4746349-49fc-4cd8-856b-ad4c4c3077c4,2023-06-09,Central,Furniture,1601.83,167.75
7d2f4e58-b47a-4c5b-b0b3-901535102852,2022-10-07,West,Technology,365.3,402.9
8f7c1d59-594b-4a3a-bad4-65a15129950d,2021-11-14,West,Technology,1308.96,-427.87
b8beff3d-cb9f-4f6d-af3a-6f27ef06fccb,2022-04-19,South,Furniture,483.98,-130.1
92cf6021-1f33-442d-89ac-908746015028,2023-11-22,West,Office Supplies,207.89,565.0
e5508ea2-6133-434d-8b0e-8eb1ad371d9e,2021-09-20,East,Office Supplies,493.91,-396.14
585abefb-d181-4f77-a500-1423faebcd19,2023-12-18,South,Technology,1447.31,612.13
257f7595-cdfb-4db9-85e7-8b23f4613f09,2023-03-12,West,Technology,1712.84,-380.54
f48f709c-49a2-4441-8ac4-de854a5b1aff,2023-12-14,Central,Furniture,1662.14,584.79
ec8be537-58ab-4778-943b-45e3b6d1f6bb,2023-08-18,East,Furniture,800.4,-30.98
bf519362-41a6-4fed-a7ed-c8d8713f8f8c,2023-02-22,West,Technology,1339.49,295.87
d3f4a49b-33ba-4a88-b6c7-d6fa7aa4f052,2023-01-19,South,Technology,417.92,-301.25
8fe069b6-eeda-4802-8568-f42689e03e22,2022-09-14,South,Technology,593.36,-413.98
1bf645f6-2324-4211-8588-fc1bb2384849,2021-02-07,West,Technology,1793.71,-219.28
3d4196fe-963a-4617-bdab-07e79d9d028e,2022-05-05,South,Technology,35.87,-333.79
e7ba26ac-ab7a-4d1c-8cfe-f6833e11bafe,2023-09-18,East,Technology,180.16,-93.87
3b9b2d45-a350-45e4-b9c5-9df987f255d6,2022-05-17,West,Technology,423.69,168.7
548e1f6b-69ce-4e4e-99a6-92c90d700ea4,2021-02-04,West,Technology,62.8,265.39
ae62990c-19bd-4f93-b8ef-7666b7a4c719,2023-11-08,South,Furniture,371.06,526.83
f6eab3a0-0153-4221-a331-0a28c550eca8,2023-09-17,East,Technology,1170.25,353.11
286ed390-edd9-4a1a-ba58-5b278ce3e7c3,2022-04-16,Central,Office Supplies,848.63,291.39
e1721c83-ef5e-4376-a723-fb72682b163a,2023-06-07,East,Technology,1786.42,35.32
a689b424-7a3a-40e1-b9c7-73a0e0decc3d,2021-08-03,Central,Office Supplies,1636.71,115.95
4988e418-f6c3-4218-8183-6315330f8be1,2021-08-04,Central,Furniture,690.22,38.88
0f25477d-a559-40e7-8910-fade52380bf2,2021-07-03,South,Technology,526.25,594.82
a6fd0cb1-16e6-45c0-84cb-294fe86e8e63,2023-12-15,Central,Furniture,765.59,-201.0
bd1a8f4b-88ff-4d40-bb72-c86d92fa675f,2022-12-09,West,Office Supplies,1184.69,-492.56
098c60b3-efc9-409e-99af-6e09b91e3d6e,2021-04-02,Central,Office Supplies,543.45,346.72
6afa828c-2cd1-4b9f-abe5-841fe9c96c52,2022-02-12,East,Office Supplies,1252.06,-236.8
ef158d5b-2d00-4d05-966d-4627e1dace6a,2023-10-04,East,Furniture,824.73,657.15
d61169a1-ff46-46bf-894d-916deb6d2fed,2023-05-22,Central,Furniture,1108.57,616.76
2fb21e66-7ed1-4aab-89b7-c9bc65a16fa9,2022-10-19,South,Office Supplies,877.89,-400.25
df4e713e-f64e-4dfc-bfbe-ac7aefc59738,2023-12-24,Central,Technology,595.99,-361.7
0997623a-e072-4d96-8a1a-81f5ed10f004,2021-05-01,West,Technology,1897.42,143.72
9a4ffc0c-9165-42ed-8c63-6e95025f5543,2023-04-27,South,Furniture,1529.58,291.99
55c551fc-fba5-4cc8-adaf-37661b780ede,2022-09-16,Central,Office Supplies,288.83,-142.62
a42d0cd7-fd35-4f6a-b450-388748d90846,2023-11-27,Central,Technology,1738.25,431.84
e3a68a70-7e71-4b55-8639-bd418b15bd94,2022-11-19,Central,Office Supplies,979.99,273.39
811414f8-d9df-4d0e-a25a-ed6cf0458043,2021-02-16,West,Technology,1790.16,-77.73
cf0e6d2b-315c-467a-85d8-a6ad77d0359e,2022-09-25,West,Technology,1601.71,-467.02
bb2aa146-2999-494c-94a7-b69b1cd66b09,2022-08-31,West,Furniture,856.17,475.2
b7f60cdf-41dc-4c60-a5f6-0735757b6b29,2021-11-16,South,Technology,54.71,-220.82
564cfbd2-bc92-4d81-839b-058c2faabe0b,2021-10-18,West,Office Supplies,544.67,584.82
aca58d95-915a-4c30-8b86-b5a1ca6fbff8,2021-04-06,West,Technology,1087.85,46.38
9c678393-2ced-4c0d-b173-04b5c1dd484a,2021-04-19,East,Technology,1270.62,250.2
67ce378f-e5a4-483b-a383-889adb2c6ac8,2022-09-17,East,Technology,523.2,634.83
53f30073-83e9-4ef4-ad7d-f5d0d3b59af7,2021-09-10,Central,Furniture,287.32,622.71
186b2880-ab54-4a15-a69d-01ff1634725b,2023-06-17,South,Office Supplies,1671.51,-17.02
7a3a6e96-23ff-43d3-bb4f-b88a2f4dd219,2023-11-17,Central,Office Supplies,1968.96,-228.44
01bf9e73-3f80-4385-af92-40b652d78f10,2021-01-24,East,Technology,1056.12,507.69
725d4259-3c4b-4eec-a231-ee7342c2d2eb,2023-01-08,South,Technology,351.64,63.0
546252e7-f43b-4052-8459-bd6ec0f63229,2021-10-25,South,Office Supplies,551.89,-250.35
92a81713-b90e-444b-951c-25d54d4c5280,2023-06-21,West,Technology,46.6,675.75
5c0b9b10-a757-4b10-82f5-25b902ed73ce,2023-06-23,South,Office Supplies,1829.45,-242.46
aaf407f7-0fe7-4149-bc7e-5368b1594847,2021-10-03,East,Furniture,244.32,-466.45
28e333b6-4e8a-4c4b-b724-20411e43fbd2,2023-03-02,East,Technology,1157.27,-473.64
ec50ace4-80a5-4e65-afa2-855967c96204,2023-08-15,South,Furniture,555.37,309.01
c5144d98-b41c-404f-a346-f415e5267a2b,2021-05-05,East,Office Supplies,1112.81,360.18
a38295d3-1e0e-4546-b0b6-dedf4f9c4027,2023-11-12,East,Furniture,1306.33,-95.65
5e175b66-4b87-459f-b0cd-7f05ea87855e,2023-05-31,West,Furniture,1661.19,-83.99
f5159494-3818-4fd3-b889-936a9d5817e8,2023-04-14,West,Furniture,420.78,-58.66
74797b61-2737-4b52-ba6a-210722319050,2021-09-06,Central,Furniture,31.88,384.21
5fa5e0aa-9b11-4530-bd24-7c11bf6b8cdf,2023-02-02,West,Office Supplies,282.4,-424.43
e9ad0e9b-8c9a-41e9-b3b2-63376a74dbb7,2021-07-06,East,Office Supplies,1801.04,707.85
cd4f8b2b-899a-4252-81e1-b94a78883058,2023-05-23,South,Furniture,1749.04,-210.72
c3093b6e-37e9-42e2-935a-c07aaa0217d0,2021-08-28,West,Office Supplies,1198.85,799.58
98874bfe-c136-4c65-ae2a-e3413f59e4f2,2022-10-13,South,Office Supplies,1205.03,-277.02
86879aa9-14f5-43d0-8991-2032df85c777,2023-12-28,East,Technology,1333.42,503.01
5c9deee0-b42a-4456-8736-5a84725e134d,2022-05-17,East,Office Supplies,358.99,-209.56
1cb9b73a-906d-4c8c-aad0-8c8913fe8a29,2021-11-14,South,Office Supplies,1829.68,-394.9
e723ada3-8c32-4db2-942a-895e0fcf601f,2021-12-29,South,Technology,843.35,637.41
89628f6e-929c-43b3-b3c0-8bf18167999f,2022-12-22,East,Office Supplies,772.45,616.38
dabf984e-53ff-4461-aa1f-1b61265cb9d9,2021-05-21,East,Office Supplies,1042.65,24.64
ae27d432-1dc1-47eb-b11c-767385351a69,2022-12-12,East,Office Supplies,103.46,413.11
7d23d479-9549-4a82-b787-ef8d3495311e,2021-01-10,East,Office Supplies,340.9,224.19
720b274b-82a7-4586-a61d-9cde1747f387,2023-04-10,South,Technology,1478.69,608.84
21c71aa3-7414-43b5-8e3e-25f2cf0671c7,2022-10-19,South,Office Supplies,174.77,-90.43
905c7bdd-74f0-4eae-aa59-43ce836435e3,2022-04-24,South,Furniture,1210.27,180.77
ac3a812f-765e-4cb5-8f0d-55400ec7d662,2023-08-07,South,Technology,498.24,130.98
0592bfa5-b928-423f-8ee4-334ece920136,2022-02-12,South,Technology,784.7,-39.92
00c59f30-d103-4424-8124-1bb4655ce508,2021-09-24,South,Office Supplies,584.5,658.89
12b2102d-940c-4503-b7c8-6152beed0af9,2022-09-22,West,Furniture,717.79,-284.36
b34c6c73-5833-4b30-ac77-6e950b981ccd,2023-07-02,West,Office Supplies,1440.9,-305.64
0f6ce9bf-fe7e-4362-8a89-b0f0105291d3,2022-03-30,East,Furniture,601.27,249.98
fc737d92-11ab-4d11-a4eb-8000ef40d162,2021-09-03,East,Office Supplies,1137.15,354.74
497ec6d1-081f-46dc-b8d9-a88aef0bea4f,2021-02-16,West,Furniture,957.34,-246.99
22ab7752-c4db-4a62-ae13-418d68ab80ea,2021-11-17,Central,Technology,1330.71,7.93
bab2b77d-fa74-4cc8-a43a-fb7ac40d4874,2023-12-17,West,Technology,1874.29,730.53
5fdcabbf-6b9c-471c-b6ba-745ba55871e3,2023-07-08,West,Technology,1467.82,-179.4
72d35458-61ea-4f30-a42e-707afe2bd987,2023-04-12,Central,Furniture,437.73,368.87
60a399d4-e821-4716-aac8-0da1de9f6f5b,2023-12-04,South,Office Supplies,72.05,462.19
f6d22a7b-aec7-4a82-948b-4376602a4e57,2023-10-30,West,Office Supplies,531.91,82.57
220b9ea9-8a0f-4508-9fe2-c0a0a96b3c42,2021-12-31,Central,Technology,1194.21,718.78
1e5ebe54-5907-4299-9c3b-bdd8a74e02a9,2021-05-16,Central,Technology,112.34,457.65
649f7d88-8989-45ab-be2b-34d82db0728d,2023-11-14,West,Office Supplies,997.77,95.3
fa8dae42-ba54-4920-a099-d18087623997,2022-01-04,West,Office Supplies,1197.72,240.14
c194f97f-00e3-4026-95b6-de85390239d9,2022-05-23,Central,Office Supplies,675.15,400.4
76876c62-4c61-445e-ba7e-5d9405d1fb63,2022-04-15,Central,Office Supplies,1544.12,269.85
6c93a791-8b60-4511-b816-8aebac6a7c85,2023-12-04,East,Office Supplies,222.13,642.31
3acb43a3-d2c7-4ffb-a118-433b882ccd1e,2023-09-21,Central,Furniture,159.52,-36.04
27b608dc-589d-4cb0-b5eb-89c23f5cf2f3,2023-07-24,South,Furniture,1459.1,-110.15
e00da49d-effa-4002-b040-413c4690fb15,2023-12-12,South,Office Supplies,996.03,-222.01
083f64c3-1ce3-42f8-83f7-25feb99b2b5a,2021-01-30,East,Technology,1379.92,-450.88
9d6b9b62-6b53-4a19-a902-b73fcf39f648,2021-06-25,West,Office Supplies,875.31,-444.08
e39836bb-e23d-4faa-afad-49e9c41c147e,2022-03-15,West,Technology,500.34,631.07
1139fa12-34c1-43ea-bd9c-4e6404015ced,2022-07-12,West,Furniture,1640.01,381.91
7249f62c-0898-4462-980c-b95c19d45deb,2023-05-29,East,Technology,1600.84,358.69
df495037-b40a-4181-ac09-bdb799086e47,2023-08-07,East,Furniture,1392.45,299.04
0b531932-bd94-49aa-bea6-e5b20c760d28,2022-10-13,West,Office Supplies,551.57,603.98
8a2db2e6-3bfd-48a6-b05f-ddf566fadca0,2022-11-30,South,Office Supplies,1184.56,124.35
c6ac1b04-dd1d-4cd1-811f-6bf5379ef467,2021-02-11,West,Furniture,728.34,631.53
fe54ee4b-80ff-4173-a3df-ecd70e731dd7,2022-08-14,Central,Office Supplies,192.25,-32.72
ea98fef8-d0d7-4e37-bbf2-025f4a0d2b73,2023-07-20,West,Technology,1835.45,704.72
93d563ae-51a3-4c26-937b-f79bbb44badc,2021-10-07,West,Furniture,282.27,408.25
d18183d1-ac2b-4cfc-85c5-1060991121e7,2021-04-09,Central,Office Supplies,1900.97,-165.67
e0527739-4d40-4f1b-bca5-be2952171bf3,2023-08-17,South,Office Supplies,897.55,233.31
8570b59f-a903-4e67-bc56-8b5324acb722,2022-06-13,East,Furniture,378.41,192.94
46707cd6-4ced-4164-a9df-14e9389641dd,2023-04-17,West,Furniture,1088.38,-320.73
97777f10-f2d2-493f-8e85-140d0f9aeb70,2022-11-14,East,Furniture,1747.16,268.62
2cd58759-e95d-4761-bc36-dc59e134edfc,2021-10-22,West,Technology,1467.13,-90.78
8e4c3ab5-6d5d-4477-adc2-9178a0411612,2021-01-04,South,Office Supplies,1615.06,-431.95
582b91ee-f8e8-435b-8c00-988a7ee1011a,2022-07-26,Central,Technology,1320.98,733.25
61935990-abdd-4a8f-a4b0-5c89f10bce9c,2022-02-06,South,Technology,1387.63,333.94
b2414482-5198-44d8-8643-3603c92a7d7c,2023-08-02,East,Furniture,1699.9,639.99
4cc57e0d-2633-4018-a883-ac6e6a944054,2023-04-05,West,Technology,506.84,378.87
89b5aab0-c121-49db-af12-b150605fb1eb,2021-09-10,South,Furniture,983.96,-35.92
39b02e2a-d96e-484f-bdb0-174e7938878a,2022-02-26,South,Technology,450.21,166.49
24f43c62-b523-40de-9b87-d29c4cfd0fc1,2021-12-27,West,Office Supplies,1975.46,378.47
0ec0713d-ea2c-4a51-b688-d11fce4758be,2023-05-23,South,Technology,1888.68,748.33
6aa0426d-f7c0-45f7-a9a5-3b4f8ff8869d,2023-03-08,West,Technology,88.46,-170.23
636f6e5c-2253-4706-87ad-8b268eaa5841,2022-03-08,West,Technology,1414.09,637.47
548c1d84-340d-4049-8147-65063e2bf9c9,2023-10-21,Central,Technology,1851.24,701.3
73253aa3-ec17-4298-943d-f5b3a58e83dd,2022-01-17,South,Furniture,369.34,371.54
891f6912-17ab-4863-9efe-ef4fd8ddbbc0,2021-03-26,Central,Furniture,1140.21,710.65
0d31812e-30c3-4756-9453-f867b97e6224,2023-12-20,East,Technology,1831.82,17.24
9adf4709-ac75-4344-a08e-149e44b9e602,2021-08-16,Central,Technology,77.55,738.92
12a1fe7d-dfa5-4722-8a1f-c9df9a591974,2023-12-14,Central,Furniture,1397.87,413.62
966be275-c2fe-4954-8dfd-9531302b7831,2023-11-20,Central,Technology,601.72,-445.39
378e6510-8f10-433e-abe4-2e7db96c1163,2021-04-28,South,Furniture,1849.55,678.93
e8334da5-de95-4695-b579-c1437ab99428,2022-12-25,West,Furniture,1942.41,129.81
e8b3d763-f4ff-4f3a-8d9d-baeb553d2625,2023-04-17,South,Technology,1889.09,98.43
30a5648e-efe9-43d0-b639-08bf03ece8ff,2021-06-23,East,Furniture,953.69,236.41
bf337a15-1e08-4f20-bdd1-51b0f64ab6ec,2022-10-06,South,Technology,1725.46,-305.8
ea18d32c-7a9a-4ef5-811b-d1c4ffe3f366,2023-01-03,West,Technology,1690.65,109.92
b42a2d93-9aba-4f15-b214-90623e1a963e,2023-02-19,Central,Furniture,645.01,580.47
3d44cb2c-ea45-4a41-a589-ada1345af934,2021-01-09,Central,Technology,1659.54,-479.87
48769153-c688-43fe-9255-5c758d55119e,2022-08-24,West,Technology,83.65,-145.21
a6129a1c-889d-4b76-b75c-30b561730c48,2023-09-12,West,Technology,1196.58,-496.81
5c11ab6d-42f5-43f5-8ef4-c34d5bf86f3c,2022-08-09,East,Office Supplies,467.72,40.42
774c0afa-7f4d-408c-a1ff-f6c08347f1da,2023-09-23,West,Furniture,249.93,446.81
b8f0188e-fb37-4fae-8d85-63ca193e638d,2022-02-26,West,Office Supplies,163.14,538.4
51facefa-d6f8-4f7a-82fa-1da878308631,2023-10-28,Central,Technology,1395.61,728.75
501ba851-5ee6-4495-b400-29c3ea11905b,2021-12-11,South,Office Supplies,686.35,291.06
dd34aa18-9001-4ed4-8bb4-01e769f753f1,2023-11-19,East,Furniture,1452.29,-168.99
0426fcc9-255b-40e2-bdc2-b74b38a56b49,2021-06-26,West,Technology,140.06,701.39
95831d58-ef4c-4119-8da5-d39b42c21797,2022-06-18,Central,Furniture,637.43,507.91
4b91b8cb-6ae6-4582-b852-b3cd9442b5e6,2023-09-30,East,Office Supplies,1083.59,246.76
3ae28023-5472-4d2d-b239-9ffb27046f25,2023-03-31,West,Technology,1583.54,404.33
3ee82983-d557-4241-91dd-b9bf613d2de9,2023-06-20,Central,Office Supplies,644.32,701.61
f186e47a-a794-4320-8cf6-e8b87fd238c3,2021-03-22,West,Furniture,1255.52,426.11
c36b9a0a-41e0-4a89-966a-9ce7af521b94,2021-06-09,West,Furniture,1773.1,-21.11
b93b17fb-f76d-45fd-bd16-45a0d253d966,2022-08-13,Central,Furniture,1235.57,426.94
75f8e3a8-7d97-4c0f-bd56-09c4a4461663,2023-10-08,South,Furniture,473.59,-447.64
5a2837b2-cb83-43f2-bb96-f6022b115c36,2022-01-28,South,Furniture,58.56,2.34
8bea75c1-b866-47aa-a3d4-526b2b54ff7a,2023-06-22,South,Furniture,1741.5,28.22
e3ad64d4-eab9-4b02-af1d-c1217d024c6d,2023-10-20,East,Furniture,52.33,-283.11
f50d7a37-a44d-4fec-bd85-d7fa8ac97b01,2021-08-09,East,Furniture,1750.66,-469.99
d6cd3155-08a8-4c7f-8621-38ad0f09105c,2023-10-14,Central,Furniture,1062.58,-326.6
d1682e09-f1f7-4904-9307-5157d8c128e7,2023-03-05,East,Technology,1878.74,351.01
01a25ed1-c3ab-45f1-8c6b-7074ab102c9b,2021-05-25,West,Furniture,1599.58,542.98
a175a9c3-d7b1-42a9-a332-a50e6992896e,2022-05-26,East,Technology,1995.89,784.66
26a9e100-b509-409b-9166-58ce3b3f3800,2021-01-03,South,Office Supplies,707.92,-49.73
74bd0c93-8177-4661-b7fe-032c02571851,2021-11-07,West,Office Supplies,1536.7,279.19
a3422e50-9e2a-4324-8f79-a8a75f8a14bd,2022-11-29,Central,Furniture,809.84,718.29
e9aa144b-9dd4-4675-af14-5064aab07015,2021-03-14,South,Office Supplies,964.95,-282.85
0406ff44-7ce4-4679-a8c6-dbc07bb3447b,2021-06-27,West,Technology,1258.74,432.94
694d7b00-8d38-4327-883f-13c601b158e9,2023-01-10,West,Office Supplies,1748.62,481.47
b8e19f56-8787-4a21-8448-2a220308aa5e,2021-03-26,East,Furniture,1968.33,-384.33
49646b96-fa3c-4628-8926-21df465568b7,2023-07-20,East,Furniture,1538.86,619.62
b2a6e468-d02b-4243-8091-3ac10463750e,2021-08-31,East,Furniture,841.36,557.04
f090f5a0-ce61-4199-ae3a-0ba8ac8d6c7d,2022-10-03,South,Technology,848.5,-456.58
eb053fc4-1b65-4dab-ade4-6e91e8e6e840,2023-09-07,Central,Office Supplies,1477.79,-381.59
3db02235-261e-4555-863e-1f2a18a806ef,2022-04-09,Central,Furniture,485.17,-436.14
409e7a80-86c5-41d6-9ea9-f50831227592,2021-03-08,Central,Office Supplies,229.84,-64.83
cb80f288-446f-44dd-9abc-a6e5d0b1e3eb,2022-11-25,Central,Technology,715.7,162.08
f5948a54-5f80-4eeb-943a-9aff659b0105,2021-03-16,East,Furniture,581.61,192.05
3e42df5b-90a3-4bbf-b580-e05067f1698c,2021-11-13,Central,Furniture,599.65,-152.03
4ccb2355-39d1-47ff-b27e-1442fd7fe973,2021-02-18,Central,Technology,474.88,685.08
14a34f7f-d90d-419b-93fb-e043af1d5a1a,2023-03-09,South,Furniture,93.77,-21.26
a65f7b8a-dbb4-4021-bdde-64afa75b395a,2023-09-05,West,Office Supplies,45.57,-440.78
67c0518b-17ef-4621-881c-79d4c27437eb,2023-04-18,East,Office Supplies,1975.57,-109.7
79db7862-8d7d-4772-a08e-2f5c61177270,2021-02-18,Central,Furniture,861.27,190.44
b3eda8f1-026b-4383-a301-ec030e5d8c6a,2023-03-16,West,Furniture,774.81,30.69
d867888b-7ff6-4824-952a-eaec2bdfcb41,2023-09-23,West,Furniture,1362.5,-144.0
54ce26be-c8cc-42c2-a518-a4186f14b3f6,2021-04-12,Central,Furniture,444.33,-329.28
f94d8fcb-dba3-496f-ba32-3f6990dbfad6,2022-12-07,East,Technology,1900.42,564.91
eb4d8f42-8735-40a2-a511-09611869a217,2021-09-05,South,Technology,1574.83,794.99
e6b9d31a-361f-4d90-bad1-fa330ae4ac11,2022-09-17,East,Office Supplies,187.93,-71.6
9118c400-e336-4243-b139-c476de3ce88b,2021-08-22,Central,Technology,840.99,-3.89
ec95b3ac-0beb-4c34-8566-7c4879ba630a,2023-04-02,East,Furniture,1759.45,303.45
47c68688-ecf3-4053-af36-b8cc13087974,2021-09-15,Central,Furniture,1890.02,433.97
a879d8f8-9042-4eb7-8b04-0f53e63949d4,2023-07-23,East,Technology,940.13,9.64
d9b59f84-edc3-41c3-adea-2d2d086c405f,2022-10-07,Central,Furniture,1230.69,676.41
3508507a-f622-4842-8402-2b3c508211a5,2023-05-05,West,Technology,342.4,228.01
d218c9d6-c093-4fb0-a4e9-bcfd9647ff9f,2021-09-28,West,Technology,1982.43,85.51
edcabf94-65f6-4a53-9226-a8b3b674410d,2023-10-09,South,Furniture,471.03,340.67
905f9096-2996-46e2-8c9d-690713b22cec,2022-04-05,East,Office Supplies,1886.04,738.65
d9750f00-d5ab-48ae-9112-fbc03d8f95f4,2022-04-10,Central,Furniture,1302.8,532.92
8a624cbd-e582-4678-ad52-29dd639fc471,2023-03-30,East,Technology,1219.4,-447.98
bd5ff093-c16f-4bcc-a243-bed754ec3f33,2022-05-22,Central,Technology,1030.25,-68.0
b076a7dc-fd0c-4433-8a5e-151b23d3cd4c,2021-02-16,Central,Technology,469.03,111.71
bed63da0-8033-45c2-9413-d64db962c8a7,2023-10-24,West,Furniture,361.29,-91.13
1901ef87-0dbf-4caf-988a-3f87f96d40f8,2021-01-30,Central,Technology,448.77,410.24
1375ee90-d6b3-41e4-bb6d-ca0d6fe5040b,2022-12-12,West,Furniture,381.01,574.15
9d264599-c4dd-4df5-9aec-56a857311609,2021-08-17,West,Technology,1561.37,450.75
f80b2cea-658e-44a2-9879-cf35f4719986,2023-03-14,West,Technology,706.75,786.13
a255e1bb-0795-4c1f-938d-6b8cc607b1e9,2023-02-28,West,Technology,125.11,-145.69
735741e5-fe1a-4ba9-8896-9c5b45f8c28d,2023-10-22,South,Office Supplies,1938.51,637.49
8d93e14a-5b16-4158-ba67-470c7d98302f,2023-06-20,East,Furniture,1768.73,496.61
2f8c83e5-6e8d-4644-a01b-fbcbf0eebcce,2022-06-11,Central,Technology,1856.23,-29.17
614c721d-a921-4b4c-95fb-e976ae007b7e,2023-05-28,East,Technology,1989.87,454.36
4b9dfd58-9e5d-4c7a-85ac-c35415f00cb4,2021-10-13,Central,Technology,356.05,-364.7
12d15585-b68e-47fa-bf17-5534cc4d5819,2023-09-24,South,Furniture,798.52,526.13
6147adeb-277b-4667-8499-d0a615007170,2023-10-02,West,Furniture,1518.89,192.03
277eb0aa-a247-441d-88ad-0899b630794d,2022-12-27,West,Office Supplies,1395.08,-120.02
5c56d9bc-5111-431d-a3be-441dbd5a0c9e,2023-09-08,Central,Technology,316.25,352.51
f165d779-0154-4950-976d-e21f1b46ebdc,2022-03-05,West,Technology,1633.51,334.11
c2e79a98-5c23-4d8d-b1da-35b94eea9db8,2021-05-18,Central,Technology,456.64,-227.67
16591c89-21eb-4aa9-9a2b-d69c450f69ee,2021-04-27,Central,Office Supplies,455.4,-460.48
8e969227-72e7-4b51-ae54-ac6d2ff8e87e,2022-10-13,Central,Office Supplies,1078.58,63.71
1a7167c7-6875-4545-832f-52c48e0370cf,2023-04-19,East,Technology,1189.95,240.37
8de1596c-5a9a-406a-96f1-42a206b919aa,2021-01-04,South,Technology,1164.37,639.59
c8d0f9e5-9919-45ea-98d0-0c2c17d30f32,2022-10-20,West,Technology,192.06,706.68
0328c136-629e-43d8-9d1c-a267530ddda6,2023-07-10,West,Technology,1756.15,187.45
c777a07f-6346-44ef-a9ef-74e34ab6821c,2023-12-01,South,Technology,538.54,479.94
8f3dc97f-e6b0-4a0a-b98f-5dbe15aede0f,2021-06-24,East,Technology,267.73,71.09
3e245fbf-fa69-4cd2-be23-90f3e7bbaefc,2023-07-21,West,Office Supplies,1778.61,469.91
af70de70-2b69-495e-8567-1b58926bffa5,2022-08-21,West,Office Supplies,1911.75,-233.76
44d7df9a-238b-45b7-ab64-777c6177a771,2021-06-21,South,Furniture,1725.63,-17.62
255bfc1c-7e3d-4ee4-84b6-4ec14d16f049,2021-09-24,South,Office Supplies,1620.94,324.5
46a56fe8-6f46-41b1-aace-1aa9103246b3,2023-01-04,West,Furniture,1313.93,-476.39
c85cd714-7bf6-4552-8cbc-90446bcd5ce7,2022-09-23,West,Office Supplies,1106.21,439.2
f1b88d65-406f-44d6-9c72-aebd13b11e59,2022-09-01,South,Office Supplies,183.1,586.2
7eece88d-a002-452a-b88c-ddde3f2086c2,2021-07-25,Central,Technology,822.82,18.88
75366b9f-320f-42c0-9dde-01889803b22e,2021-01-25,South,Technology,751.65,82.33
01bb819c-4dfe-4117-a2af-711f1b628a9d,2023-05-16,West,Office Supplies,526.91,606.67
d773f98d-550c-4fe9-a54c-11d9f2e61828,2021-02-21,Central,Office Supplies,1449.61,508.35
dcb9075e-cdd7-4460-a140-77d39ec4ea48,2023-04-04,West,Furniture,996.79,-125.41
6e3cdd4f-55b1-45e4-b0b2-7304545cd88d,2021-07-27,South,Furniture,171.28,-78.83
a6aa59e5-dc08-4f29-92d3-3488d0c30018,2021-01-27,Central,Furniture,448.16,382.54
4ce953a7-22d9-4db3-982a-2277f966d59f,2022-01-08,Central,Furniture,1369.68,232.16
b1fead13-f280-4f1d-9a6c-0db952171c88,2023-08-29,West,Furniture,161.5,-289.1
2d79a2d1-506e-40c7-baa0-61e9336b00cb,2021-07-06,Central,Furniture,1703.9,-97.09
51b30182-f7fe-404f-a5f3-0779f6ee5cdb,2022-12-10,South,Furniture,995.34,669.98
a205e54f-b1e8-409d-bc20-b9f24a9c589e,2021-03-30,South,Furniture,966.37,394.63
c82f78fd-936c-431c-b7bf-52447db2a7aa,2023-09-15,East,Technology,1188.89,781.77
47c1c017-6045-4909-936d-47d73e0f84ce,2021-09-30,West,Technology,1651.12,497.12
5d71a898-6497-4593-892e-8c93d105c8d6,2022-10-17,Central,Office Supplies,702.14,724.57
33261887-9058-41df-ae9b-f3e11d27c09a,2021-10-30,Central,Office Supplies,1359.25,-218.95
2e0fb5b3-8bae-491e-bf4c-c10f979c30cf,2023-11-11,West,Office Supplies,1135.81,502.93
06e3f949-8cd3-4c62-8482-9b71ae84b81c,2022-02-15,East,Technology,541.39,-473.72
f166cdcf-762c-4fbc-ba2a-a7baf3f81c31,2022-03-12,Central,Office Supplies,1758.47,371.99
cc351e4f-703e-457f-b5ab-8466b5578b00,2022-02-23,Central,Office Supplies,1596.88,110.07
11b461e9-b15d-472d-94ce-e27c4a94ae9f,2021-12-06,West,Furniture,1320.32,-49.21
cb881c32-cbb0-4a8b-9908-a121d1a7ba20,2022-05-22,West,Office Supplies,1702.66,621.13
23a13e20-7fd2-45ee-ac48-436668bd80d7,2023-07-14,East,Office Supplies,1735.92,610.55
40afbf3f-3df5-4967-8d86-70bda2224f96,2022-08-16,East,Furniture,1419.64,-471.01
6c521d13-b719-4b68-a775-ee42a89e22f2,2023-09-07,West,Technology,1675.66,292.36
72f60958-12ef-4101-a082-786fca00ef58,2023-10-09,South,Furniture,1397.97,-21.82
950df1a0-7aaf-4001-9912-316afd9e8e20,2021-10-13,West,Technology,1363.48,40.36
ec6a37ad-81b1-4db9-88cc-4d49669b29b8,2023-09-25,South,Technology,1241.04,581.65
6b15c11b-b113-450b-9ea0-50c6eb9ed274,2022-01-29,West,Furniture,1507.91,-97.21
f7eae66e-ca6c-4f9b-8969-71018b2c550a,2022-06-03,East,Furniture,325.62,725.96
cff2b1c4-e53f-4644-b39e-4df25c0a1feb,2023-03-22,Central,Furniture,1762.93,-266.48
ea163354-a35f-49c1-9804-95628972abbd,2023-11-24,East,Technology,1744.97,361.54
3f8c1097-c4da-4c2e-9bff-a27915c1604f,2023-01-23,South,Technology,68.2,373.74
2a9528c3-5ae1-4bad-aa29-60fda85894df,2021-01-10,South,Technology,1653.38,-172.15
902f3465-0b57-4720-9cd8-758ba5a1c825,2021-05-07,West,Technology,266.45,-77.82
a590fd3c-ad6e-4c57-a520-c3d0fbcdbf5e,2021-10-05,East,Office Supplies,676.89,585.24
54e38579-c0af-4193-b780-ef2f664d5922,2021-01-18,South,Furniture,1489.58,490.35
1b1f2eb1-6e32-45a8-8bd5-cc86f73936e9,2022-04-04,South,Office Supplies,329.91,-72.18
38d5101f-423c-4d9d-993e-478302b34254,2023-10-26,Central,Technology,1637.75,194.14
8ed8a80d-84cf-4e39-bf31-c29f82bbad84,2023-10-19,West,Office Supplies,1665.95,-419.82
38958939-9342-409f-b00a-c64c949cd8d4,2021-08-10,East,Furniture,1019.86,-228.63
768b4f7e-6421-4e66-9fc6-4cd0721e8b1f,2022-04-09,East,Technology,22.71,131.57
b0c07fcc-96ad-44df-adf7-5924c5b8386b,2021-09-10,Central,Office Supplies,581.21,-388.23
ff69723d-584f-485b-a697-384d801e8690,2023-10-19,East,Technology,1237.68,596.33
4ba17233-1ac3-4f31-bb96-e2d10649bcf6,2022-08-04,South,Furniture,1962.56,433.41
15fa9483-f633-4c2d-aba9-00e16a7d5d96,2021-11-30,South,Furniture,1267.31,726.72
baeb286b-f0d0-470f-94d1-3d551db6b844,2022-09-26,East,Furniture,527.01,401.51
57d337d3-4fd8-4bbb-992c-11072444d301,2023-07-16,South,Furniture,1271.67,722.52
8567c805-34f5-41c0-88c5-eb2a7490adeb,2021-01-29,West,Office Supplies,1084.57,220.87
18fdd2b9-79e5-49aa-992a-35497ba109d0,2023-06-29,East,Furniture,1561.89,280.28
73d39457-b25f-43df-b8d4-9848702ba49f,2021-05-20,East,Furniture,222.89,770.06
0b705933-4cde-4b6b-9132-567c51a40d2a,2021-08-31,Central,Furniture,1524.45,334.77
05c8234b-1d76-4a66-b5f5-9cb0cf685878,2021-12-13,Central,Furniture,1087.12,-459.98
1bff3142-a5e1-4b55-97d3-f4ddd963dc72,2022-12-14,West,Technology,1926.35,440.94
ee0f65a8-2a13-4c1f-8cd0-15c1ad5900dd,2022-07-20,West,Office Supplies,690.33,677.11
84182d35-3e71-4433-bd90-b81afbe0e6b8,2022-01-22,South,Office Supplies,1268.92,534.25
54bbbcf8-28fe-4761-8d49-fe3f2ca8f783,2021-01-14,Central,Office Supplies,1864.74,258.98
76492e64-f55d-4e6d-ad26-8b378f5242d3,2021-10-11,West,Technology,213.99,372.69
a137f8e4-67b1-4040-8c39-b9253b5ae288,2023-05-07,East,Technology,1875.08,787.25
a84554c3-a3f6-4c61-afb7-0dab2f383b43,2022-02-18,South,Office Supplies,1378.89,-382.14
bcc57be0-0779-450a-a544-e3136ea05d13,2023-06-05,West,Technology,145.0,367.42
7317591a-3283-4aa4-a212-ab7c9d361cb6,2022-12-03,West,Technology,608.92,-131.58
0123a348-638a-4df6-adf7-2cd3979aa051,2022-09-22,Central,Office Supplies,1419.26,332.12
47419b48-34ae-4abd-b6fc-e0acb4698db3,2023-12-30,South,Technology,144.03,289.91
cbc72f1a-cf08-4a54-b429-9924c0986750,2021-04-02,South,Technology,1168.52,-300.51
ccac2fb5-1a0c-4c04-93cd-129110042d82,2022-01-24,South,Furniture,698.31,-231.23
5da49cb9-2fdc-4992-8971-8eeadf3a098a,2023-08-06,Central,Office Supplies,1245.62,308.12
1d2c2721-7522-4646-b273-75bf5373bf4d,2022-08-09,South,Office Supplies,101.03,-333.3
7d4ed26e-dcd5-4fae-abb3-16a743299780,2023-10-06,West,Furniture,1744.36,-155.26
503b4078-a39c-4ec6-b746-4c02871854c1,2022-11-29,East,Technology,1947.24,585.82
647dc392-9c7e-4575-a37d-dcd698d3148b,2021-01-02,West,Office Supplies,1938.07,-74.78
5a1baf0e-5911-46dc-9d3e-503a9645f0e4,2021-07-24,Central,Technology,1501.81,134.48
2c2ac34b-9e0b-4b01-b536-59efd873dad9,2022-04-02,South,Office Supplies,268.87,723.48
ccf4ffb0-b4bb-473f-ac70-51d1d051267f,2022-01-12,South,Furniture,1518.94,-204.71
97154633-9d4e-4b71-ab2e-c80e4c255823,2022-08-07,East,Technology,58.93,6.51
502cf0ee-224a-46a6-ac0f-680115b24e1d,2022-05-10,East,Furniture,54.03,288.4
1df05d18-4e2d-4255-bd13-1a3d1e2c2e7d,2021-07-26,East,Technology,653.98,481.94
243012da-b185-4eb8-9f90-fc872edc017e,2023-12-08,West,Technology,982.4,672.15
98af5cca-6b11-47cb-a372-542482c56b21,2022-04-24,Central,Office Supplies,1543.11,690.11
6c4c450b-623a-40fc-9326-7d25234b4562,2021-03-07,Central,Furniture,1369.76,509.63
8991b01a-a2b0-4c4b-bc96-6b552f8d8ded,2022-07-01,East,Furniture,897.35,-203.17
ee4205ee-a52f-43ec-ab4e-2281b184d1fc,2022-07-06,West,Technology,554.52,-467.75
2ab7b2ef-8e0e-4033-ac59-1da8fff96acf,2021-12-12,Central,Technology,1994.28,-1.09
2fe5b140-23ea-4956-89f1-137d7d592e19,2023-12-21,West,Office Supplies,858.1,-315.99
9e91a71c-7374-4cbf-978c-57d3508850d3,2022-10-23,South,Office Supplies,908.26,423.5
f3abea0d-5be9-4db3-9d92-dd7c0db977a9,2022-02-02,West,Office Supplies,335.61,359.47
31f3f0c0-22f3-4068-bc0f-549d02740f73,2023-02-18,South,Technology,1591.67,-442.84
8fc3d7d3-f6bd-40c7-a24a-2a50d0b1fde0,2021-05-03,Central,Office Supplies,1390.43,587.57
68bd075b-7eb6-481e-a72f-947d816462cb,2023-12-24,East,Furniture,449.33,-176.63
b5cbe3f5-6a66-4184-bde1-bf5daf4847f0,2023-04-08,East,Technology,173.94,61.9
2ad11fe8-7d1b-495e-b1a0-449dd703262f,2022-11-14,West,Technology,1364.19,368.31
cbbed980-07e6-4cb0-90bd-e9001529e6f5,2022-07-25,West,Office Supplies,1312.48,58.24
085eb489-4ac6-4780-b874-9f3cc2d49b56,2022-03-09,East,Office Supplies,553.79,73.67
49e64c22-89a0-47eb-b98f-569b465cc2cb,2023-11-22,Central,Technology,1902.22,-414.68
90ce77e9-7513-43b9-87de-96ea2b0fbe44,2021-01-26,South,Furniture,310.61,21.88
7eccdaf4-c413-4dc2-85c5-ae8abe15ad12,2022-01-13,West,Office Supplies,870.35,494.3
929d6377-1cfb-455f-82c4-2e488cbadae5,2022-09-14,Central,Furniture,1887.8,689.73
8b0901ab-c66d-4eb3-8494-5e091d3ca5a4,2023-12-27,South,Technology,845.26,37.55
8ac35ac4-5dea-4737-bdab-3441d2c2a960,2022-02-27,West,Office Supplies,1280.67,50.66
c28fa16b-0aa6-4cb9-81bc-be59d296a12d,2023-03-04,West,Office Supplies,801.21,413.42
37f25d36-8bdd-4ee3-b0fd-6672b80f16c5,2023-04-30,West,Furniture,555.69,725.6
bc69c155-1a37-46bd-acd6-f011fd61f13b,2021-08-17,East,Furniture,1968.12,-152.82
3f5e3b8c-c058-4da5-a757-075bd47f83b1,2021-07-04,West,Technology,824.57,72.19
0840405a-ffd2-4491-9ff3-89aa4c36a70c,2022-07-02,West,Furniture,1789.26,534.77
dcb91d5f-593c-472b-8347-dbca7321a8b2,2023-06-05,West,Furniture,467.61,292.6
dd83ad03-7066-4289-9644-84a0d1151fff,2022-12-03,Central,Furniture,434.08,-356.24
cfd7f3b9-c68f-4ba5-9e0d-02b5fe7402cd,2023-02-14,West,Office Supplies,71.96,316.05
bcd4344f-cf8a-468e-b5ba-93573ca87f31,2022-01-22,South,Technology,1306.82,-257.23
dc6dafff-59c2-4153-b06b-0f0c96822e22,2023-03-16,Central,Technology,743.37,163.28
6d9c5b50-a1fd-4187-9c3a-1e0bb5f3f8aa,2022-07-28,Central,Furniture,1730.07,187.83
c8ebe27a-23a4-470e-9dbc-15c02a7dc57c,2022-03-06,West,Technology,951.69,639.06
ce315937-34fa-42b6-9043-7e4c34e50699,2022-09-14,South,Technology,1936.7,101.24
88438de2-59cf-4b0d-91f0-647d0f321333,2022-10-01,West,Technology,379.2,-136.72
2b1ac76c-89ec-4c51-98cb-aa5247f53019,2021-08-25,West,Furniture,1738.56,-199.74
4aea1b8f-b43c-4e0a-ba9f-c10e52daf681,2021-11-03,East,Office Supplies,1555.43,636.53
f3d04ffb-4470-4848-929e-cc924a11be44,2021-07-17,West,Office Supplies,1544.13,-277.69
e67093a0-fc48-4615-83b0-b35cdba6fdf8,2021-12-25,Central,Technology,1691.12,53.63
22b5f457-1860-4d28-90af-b235ade68f51,2022-10-27,West,Furniture,1524.44,-256.67
695e5ea9-c923-4c64-8006-2b5bf67839b2,2021-03-01,East,Technology,1256.18,505.3
46feacd4-fe13-43cd-8f2d-5c15eb346d3a,2022-08-16,West,Technology,271.18,116.68
b390b059-207b-4e21-a7e8-d18eddf6d4ac,2022-09-19,Central,Furniture,74.73,-43.51
257035db-3fea-490a-a1f8-072dddb7570e,2022-12-22,East,Technology,1842.49,-30.57
3f5fbf4f-d417-4230-9274-ee11b61df906,2023-07-28,West,Technology,1237.13,607.88
64880945-ad1d-4537-97f3-4368c2efeecb,2023-08-29,East,Furniture,1595.11,219.91
a1e518a2-93d2-48d4-a465-5c397d4d2add,2023-04-02,Central,Furniture,968.23,433.23
600b4b35-6a0a-47d5-a0b8-575544caa5a2,2022-09-26,South,Technology,243.44,666.15
cb6ad0c7-a235-4dd4-9355-08d073b5bad5,2022-03-17,West,Office Supplies,259.12,672.26
67213a70-17d5-4f59-84d5-98f7e14fe093,2023-06-29,Central,Office Supplies,1374.27,-72.94
b1d81887-4739-4c7b-bff3-0c8d83ff3e96,2021-04-25,South,Furniture,866.31,738.19
7466ef02-5e7b-42c8-a097-dedbefb3b939,2021-07-20,East,Office Supplies,409.04,-467.66
94fb09f0-53c9-4ae7-bcf0-7bb3f343d9eb,2022-08-03,Central,Technology,988.27,-10.11
d8dff535-c62d-4aea-9e70-bd3000a21367,2023-06-23,West,Technology,137.78,664.54
f8ded777-bb1e-4ae8-97d8-21b8bb93cd40,2022-04-28,South,Furniture,1168.12,-142.97
b28187c4-aa05-4442-a284-e8fd755cee2a,2023-05-31,West,Furniture,545.3,-144.99
cbb18c79-1036-408d-99a0-90075bb47c18,2023-01-23,Central,Office Supplies,1597.14,-106.59
f7d7465d-37c3-43c9-a5d0-b51788d00abd,2023-11-02,West,Furniture,627.62,296.01
7ea5a387-363b-45cb-9329-37246dfd171a,2021-09-28,East,Technology,915.89,69.83
48998e5f-d40e-43ce-92a7-4a4144bed486,2021-07-29,Central,Furniture,33.12,444.76
216e9fe5-93f3-4596-8c1c-8b0556771f36,2021-03-20,Central,Office Supplies,154.17,663.38
c9ce44bd-7c3f-4add-9a38-5db590eeb067,2022-02-03,East,Office Supplies,791.06,376.46
c3231466-aebb-490e-a4e7-51de57ff51d9,2021-10-16,West,Furniture,965.08,-234.19
a04d4d14-197d-4ae1-8bc2-ea720c648ca2,2023-07-29,South,Technology,1204.04,712.49
042b03ca-75a7-4686-9632-1d31c8acffcf,2023-03-26,Central,Furniture,590.41,-156.16
28719b9b-db8f-4e32-adef-50031fce01e3,2022-08-25,East,Furniture,1393.01,-305.14
fde91c42-002c-4c22-b4de-5f7070f81dba,2021-10-14,South,Furniture,1721.64,-383.04
fee5ce69-33cb-402e-ad84-414df54191ea,2021-09-15,East,Technology,1561.9,232.4
e1d46f82-21c5-4e41-a8ce-e951b0478ea4,2022-10-01,Central,Office Supplies,88.84,-352.11
dfda35b2-28b2-4f21-8d47-0ed6a6663769,2023-05-26,East,Furniture,966.21,-319.59
17e52113-4626-43be-a068-8849eec71a30,2023-08-21,Central,Office Supplies,218.81,-109.96
1519830c-4019-4303-9c45-7e4da79313b8,2021-07-20,Central,Furniture,491.67,-133.85
a61f0b96-e75f-445a-aa1d-3fc65f31273d,2021-01-18,Central,Office Supplies,1973.46,285.51
a0279a18-6576-4410-8d41-ee472a5fda18,2022-08-20,East,Furniture,293.57,561.77
c156e501-b30e-46e8-b9da-5f8c4e35da80,2022-10-10,South,Furniture,1002.79,489.75
1758d47e-a7cd-4143-ade2-14293bf0d9c1,2022-09-11,Central,Office Supplies,1240.13,-158.77
36a2c52b-0047-4139-985d-f528b4258e19,2021-04-23,West,Technology,1407.91,-181.1
97fb613a-21f8-4d06-93f3-cade7a10013f,2022-12-06,South,Office Supplies,1123.7,755.53
71efe72a-ae13-491e-84fa-4c7239e7a4f1,2023-06-04,Central,Technology,29.44,-489.29
57f479b5-b212-46ee-8210-63710260a123,2023-06-26,West,Furniture,659.66,643.64
dc3f42e0-fcf7-4842-9edf-3bfad12e0eb5,2022-09-27,South,Technology,1040.25,-240.35
7a4a902f-21d6-4b0f-b1ac-040d6c1cc405,2021-10-02,Central,Office Supplies,184.85,731.47
16de66c9-6210-4ef6-ba9c-43081221cddf,2021-10-21,West,Technology,707.75,-55.0
1a6b6a7d-1a38-4ad6-8e53-2ffdbb134f02,2022-06-20,South,Office Supplies,76.07,72.46
4c9bff5c-e188-4eaf-9e18-85c35037cd6b,2022-08-09,East,Office Supplies,166.37,419.26
d038e153-c601-418b-a1fa-01ba231ae7c7,2023-08-07,South,Office Supplies,799.88,263.97
a43e558c-2215-4f00-9fdf-0e05c0cef31b,2023-07-06,Central,Technology,274.1,-86.68
11836c4f-2492-44c7-ad58-db1bfe31537a,2023-07-23,West,Furniture,1139.41,219.98
9c3de1b0-022b-4683-9033-da6587cf63fd,2023-10-19,South,Furniture,1382.04,449.92
59e7703a-70aa-4b0d-aa03-8ad4a667b982,2021-08-28,East,Office Supplies,1603.17,-444.96
bf8e8bfa-a0c9-4a72-b68a-cd40b8f14e3c,2023-07-03,Central,Technology,408.3,-485.44
9db7284b-6965-41d1-ab7e-2e6426c0747e,2023-07-27,Central,Technology,343.29,95.49
379d58f9-dc26-4108-b140-11a1afc2ccfc,2023-05-02,Central,Technology,218.09,-328.61
23d7e6a1-19b8-44fc-a587-1d8916312fc6,2022-01-21,West,Furniture,1276.5,363.65
bae1e137-96ee-40e5-9f87-3b46c0a0473a,2021-12-01,East,Office Supplies,1415.89,-221.73
6dec6bbd-f697-47a1-99fe-3d53624fea4b,2022-05-14,East,Furniture,72.86,62.71
3f6eed9d-23cb-4943-8a84-000350834fef,2023-05-09,East,Furniture,1873.06,-243.03
3f87dfc2-1591-42f2-a505-da9c46e75a2c,2023-01-12,South,Office Supplies,113.42,213.03
b89f3a92-999a-4d86-99db-13028dab66d3,2022-09-14,Central,Furniture,1087.18,-349.13
f0f7ad22-c76a-4e0f-88f0-91f09b8b38ae,2023-05-14,South,Furniture,1421.03,-469.96
d8d994b8-d90f-44e9-86dd-f6cab0c30a59,2023-03-11,East,Technology,1743.23,-433.53
34981735-4d38-4415-a036-35fca88d4108,2022-12-22,East,Technology,1431.03,740.54
304b2370-8270-4238-9b5f-8f39848b34f0,2023-02-09,South,Office Supplies,1605.44,-315.03
a56b61e0-4ba8-44ca-a449-cb6fbf72ae52,2022-12-02,Central,Office Supplies,685.51,421.02
cb35097a-e5dd-48f1-88a7-38ab0df83e12,2023-08-08,Central,Furniture,1631.5,-411.7
62c965b2-7eb0-462a-bd45-74ebf4655a21,2021-10-18,West,Technology,169.43,-359.39
a3595d1f-7fe4-442e-bdb7-88a61cdcc4c2,2022-08-02,South,Office Supplies,1790.69,161.54
e3837348-873d-48bd-922d-d7be980bc81e,2022-11-05,West,Technology,1099.71,104.33
5c70ee97-fca4-4567-8316-d2d6fa4a58ef,2021-01-20,South,Office Supplies,1636.42,737.05
6307d4d1-21c9-415d-9104-5a16ef15ab72,2022-04-13,West,Office Supplies,910.11,728.29
6bbdb66f-9181-4091-96c6-f45cdc5e4e78,2021-07-08,South,Office Supplies,1290.72,513.49
2c3aacdc-aed5-4a46-8bde-005b5d8babd7,2022-01-19,West,Furniture,1057.54,282.73
fcc4091b-f457-47c6-b894-6a15c34201db,2022-01-31,West,Furniture,1465.86,91.45
965d744f-0445-41a8-92af-97e4c536c66e,2023-03-27,South,Furniture,172.44,-36.97
373aedf8-431e-430f-8387-f74d1149d096,2021-09-26,East,Technology,130.1,731.21
f2dcb12b-0f7a-4302-ac2e-28150a3217d2,2021-03-17,South,Technology,501.74,283.78
495743a2-81b1-4b80-a5e1-b0f5ca0ee8c4,2023-03-24,South,Office Supplies,327.49,252.79
c4615234-8044-4eb2-b66e-dbf4a0ea0251,2022-01-26,West,Furniture,1744.85,-198.53
66fba71d-b3a9-4caa-ac6f-6d2e6a59c043,2023-08-03,East,Office Supplies,446.24,-439.29
89a3c811-895c-4fde-a3fa-40691519fd38,2022-01-19,West,Furniture,1951.97,728.75
15669e36-4708-403b-a716-10c19db54283,2021-05-29,Central,Office Supplies,680.42,-92.14
ebc1bb52-82e4-4d4a-943a-c1c54f560ed5,2022-05-24,South,Office Supplies,372.41,75.37
27c6cbb1-cedd-469d-b96c-9a0a3404c02a,2021-11-07,West,Technology,1581.5,-350.97
9620bee6-6406-4ace-93a5-e8508950ddd6,2023-07-26,South,Technology,1320.83,588.0
a65be22b-d5a3-46d9-8362-a810a2611b8d,2023-04-01,Central,Technology,1001.41,-464.08
4f67448e-10ec-4b1f-a4a5-c736ae59aa52,2021-10-22,South,Furniture,1115.17,584.19
f413db19-bade-4d5d-afff-15ccb2dc6c34,2023-07-21,West,Furniture,1441.21,-317.63
3e9639ba-0ed2-4c9d-bd17-5712d8b22277,2021-05-12,East,Office Supplies,464.62,652.53
1db14bfc-6f3a-4115-acb4-678c16120aa6,2021-08-29,Central,Furniture,1992.7,448.7
0e165b12-9bdc-40d1-9cbf-7b8c74102d5d,2021-07-15,South,Technology,1949.84,-285.93
a8761e85-bddf-403a-aa84-30f84f2da233,2022-09-18,West,Technology,1304.15,235.56
033e02f7-1e93-4127-acf7-2140bd9bc648,2021-01-16,East,Office Supplies,407.09,-93.55
02e7df89-b395-4a98-a320-4ff5b538f96c,2021-02-15,East,Furniture,1363.65,-268.3
58c1aad6-f3f8-4ea4-bf14-eafa29f0ef7c,2021-01-07,East,Office Supplies,153.67,616.94
d28fcf68-c871-47b3-8468-b74d85e3ade5,2021-04-14,West,Technology,71.0,24.58
5f32d5d8-2abe-4585-825e-0259b88416d2,2022-03-26,East,Office Supplies,522.79,18.11
df9b141e-c7f7-4da1-bff1-5840207e863f,2022-04-08,East,Furniture,930.62,-279.15
1e38f711-e2ec-43f4-bba1-aed944cdbfdd,2021-03-19,South,Furniture,1737.86,-2.01
55c34853-0783-443c-a65f-ad87c57c7498,2023-10-11,Central,Office Supplies,1457.07,633.1
861b4f5b-45a0-4539-ade8-370ace9e9ebd,2023-10-20,West,Furniture,1487.99,-27.93
f99cea5c-b65a-40f1-8350-ab061059ea28,2023-12-21,Central,Furniture,856.73,737.08
7f0386fa-13ba-4c91-a0a5-fde6939f71a2,2022-12-26,West,Office Supplies,698.41,730.2
0e3141ec-5c31-4464-82c2-99f07487d772,2022-09-12,West,Technology,748.37,-311.63
2ab8bd33-911f-430b-9bff-00b07fe670f3,2021-08-17,West,Furniture,1975.42,-269.5
c5f8e2f8-414f-4994-a845-77805e20c957,2023-08-17,West,Technology,89.82,621.48
ac93281a-92eb-4ab0-a4ee-c67c1a57f9e4,2021-04-15,Central,Technology,1735.39,10.59
bda3c162-3a78-464a-9d86-80cbb90800f3,2022-04-19,Central,Furniture,1161.56,-494.31
dbd30aec-0b46-4173-80a8-547382425912,2023-10-10,South,Furniture,882.84,-143.97
0bc57207-3e9a-4c86-8325-4fbddce8e1c5,2023-10-25,South,Office Supplies,1453.26,276.92
eb93f78c-620a-4158-9d2d-904f78c59073,2021-12-19,South,Technology,978.47,539.05
f5d8fb91-ee60-41ac-add0-622e266bf2ea,2021-02-22,South,Technology,1748.11,-326.59
cd98f9e2-8d88-4beb-890d-9655db842660,2022-03-18,East,Technology,1802.4,-356.3
a7dc2bc0-bd9c-4693-b6ca-1127e9f87970,2023-05-27,South,Technology,849.22,698.72
3f8e2d0d-5261-4dec-b979-d5f56b5bc975,2021-04-20,East,Technology,560.89,476.49
51e744e4-b864-4a08-aa75-752d6a8fcacb,2021-12-05,South,Technology,1188.78,266.71
92502e59-13f0-4822-9374-8a1145712959,2022-04-12,South,Technology,1825.6,499.94
ac5f12ef-8085-4147-9e91-0f365f705b25,2021-07-03,Central,Furniture,429.22,57.51
3922a7e4-2de9-42f8-8d7b-ec04e6e59b32,2021-01-26,Central,Office Supplies,1249.7,485.99
0bc1f9e5-fb3d-4063-8409-c5eacde918b3,2021-11-14,East,Technology,1266.8,-16.66
e0827f76-11a5-49b4-a6a3-02d6f43e8c48,2023-03-14,Central,Furniture,1468.89,-182.68
c605e58a-4845-4343-9db4-49dc77106966,2023-06-13,West,Office Supplies,271.82,447.72
161d5c87-53c9-4e59-8f89-e3b2d847dc53,2023-02-10,Central,Furniture,1434.49,45.57
5e717fca-020a-4497-b4ed-51458d9765c7,2022-05-15,East,Furniture,1818.97,775.79
c8d57717-9055-436f-8aa5-f9d3335f2f59,2021-08-25,East,Furniture,367.57,-45.67
3e19fc1d-9f6a-4a65-bd54-da044dcd0009,2023-09-15,Central,Furniture,482.71,698.25
f8cbab4c-9779-4e84-9e47-2e2276c3e642,2023-04-25,East,Technology,1943.08,712.85
c6a07656-c5c9-4b91-bf6e-f9ed7e4ce29f,2023-01-01,West,Furniture,370.14,-185.59
8beb4e78-e683-43a3-bb82-b7963207343e,2021-07-25,Central,Office Supplies,1710.23,537.69
268b84b6-3ec0-4285-8bc4-ec0ec2aef674,2021-02-21,East,Office Supplies,989.63,63.0
061efb95-68f8-4063-aeb1-9ad201a1fb0f,2023-07-08,South,Technology,501.99,692.78
a2cd1590-58af-493c-8aa2-b4c93ba5bd76,2023-08-11,West,Office Supplies,1742.79,85.16
0274ce40-e090-46b6-b186-a5a8d6ee526b,2023-04-20,East,Technology,896.16,467.59
c2492e5e-005f-40e6-95c3-b2dbf374190d,2022-11-07,East,Technology,1034.49,107.06
bcf2fc3b-d958-44c2-a053-8c1ba84510a1,2023-09-29,West,Furniture,724.87,-203.86
34879e41-1a9c-472a-8eb9-047dba2ac3d9,2022-05-24,Central,Office Supplies,1189.97,-240.84
6b790d01-3cf8-4d20-bbad-793f87a1ec02,2023-11-09,West,Technology,335.41,53.06
f8f9a45d-0f55-4896-b610-396b7df59abf,2022-08-20,Central,Technology,788.25,482.14
47a2a10b-b62e-4b49-a472-96a4ff38b918,2022-04-07,South,Technology,1939.13,286.59
3b41c943-ebd8-43b1-8b3d-0c3617d09810,2021-09-06,East,Office Supplies,523.69,395.22
69be173a-850e-40ad-9872-f72ee5b4a1ae,2023-11-03,East,Furniture,1316.91,-132.98
755d814b-5f5b-4255-a544-9887b36ab3ed,2023-12-20,Central,Furniture,657.13,125.87
94ad6252-15bc-4a3e-bf76-55d7f97c6c3c,2021-07-30,East,Furniture,1549.21,-442.29
a3209116-222d-46a4-8163-b6ce1877bc06,2022-04-07,West,Technology,270.44,562.79
97867b12-1328-4726-a4f4-34d6d1e91691,2021-01-18,East,Technology,1939.94,786.86
a995ecc3-6f5b-49a6-8ff1-c51f915cb31b,2022-05-27,South,Technology,913.04,28.94
4aab47b2-3c9d-428a-a176-1930f6d70248,2023-08-23,Central,Furniture,479.74,-485.75
ed1115d7-50a4-4c85-99d5-7b0242d04d55,2023-10-06,West,Furniture,156.26,-279.27
d4f76322-b362-40d2-a498-8bdecd0254db,2021-08-24,Central,Office Supplies,347.82,348.28
73e7f042-516c-4b0a-9385-3918bc4015fa,2021-03-28,East,Technology,1044.35,295.7
f18cccdc-131e-4723-bbcd-f203459ee674,2023-03-17,Central,Furniture,680.64,524.22
c5285425-c7a9-433c-a2d8-39d333e4f986,2021-10-11,South,Office Supplies,1659.48,-169.95
1b0c62eb-27c8-4c6c-9be5-a4c395af6d0c,2021-12-29,East,Office Supplies,867.47,492.72
50647c59-774f-4354-b316-ce642a147a96,2022-06-08,Central,Technology,504.94,394.38
5bb8b9c8-8932-49f3-9ee8-9a4c681134e2,2021-12-27,West,Office Supplies,1238.12,-80.34
73b0d676-3527-45c8-8534-ca08f6f24d1c,2021-02-18,East,Furniture,1416.49,209.13
da3c45ca-43d7-4f2b-b69d-e1e34eed4124,2023-06-05,Central,Furniture,342.41,-308.54
cebeabaa-2859-4b34-9725-d2c71eb2a7b8,2023-01-23,South,Technology,343.56,88.33
b46788bd-d38e-43e4-8de1-087bafa14a55,2022-10-25,Central,Office Supplies,82.98,645.56
370b9a29-0a53-4df9-9a72-083cb266986c,2022-10-28,West,Furniture,1475.44,47.55
25f88c74-53ea-4919-9b48-62c2d5ff2a1f,2023-08-04,East,Technology,1330.97,591.44
f7e9101d-3f8b-4433-b60e-695c1759ba96,2021-06-08,East,Technology,954.52,267.33
0c880714-8372-47e0-a570-46ea5b11f51f,2023-08-25,Central,Office Supplies,1689.9,-250.56
d1f16485-429a-4a7c-8c80-d33aad5be3c8,2022-02-10,Central,Furniture,1613.28,255.44
f3bc9a71-07f4-4ee5-ac82-989ffd9cfbb0,2023-05-18,West,Technology,1174.86,157.78
8e52fc42-73c3-44a6-9ac7-26b667863fb3,2023-08-22,Central,Furniture,1737.86,18.23
183fea70-3ff6-479e-8cd4-b90abf8211bc,2022-09-15,Central,Furniture,419.62,-344.48
cb371d97-cdcc-4d6a-9a16-998c7648776e,2021-07-14,East,Office Supplies,232.72,41.72
0fc98d2e-030f-4be9-9f17-8f9323c97a1e,2023-06-02,East,Technology,546.8,-405.41
38e7e019-fb89-46c8-87ec-fe71d49347fc,2023-04-27,Central,Technology,123.6,-371.6
668c879b-d2dc-42c8-b2b8-d8aa21768dd7,2021-02-22,West,Furniture,1067.03,40.69
f004e897-a15b-4e18-afb0-64065f4b1a97,2023-10-06,South,Office Supplies,1873.85,-103.0
960be0f4-9513-4c22-9583-9b99a50a13dc,2022-07-29,Central,Office Supplies,88.29,703.21
13325c31-d010-418a-aadc-9960424211e2,2022-09-17,West,Office Supplies,253.0,-11.58
329fc417-1081-4d45-bf45-f8a20594b24f,2023-04-10,West,Office Supplies,909.88,485.22
cf2e3296-7184-4713-a55f-65b7e709fba6,2021-07-24,Central,Technology,1868.41,189.32
d8e70aeb-e7b3-4085-978b-e96820f87ba2,2021-01-07,Central,Technology,639.15,415.31
1f5df912-54e0-4431-8f13-3b65d450afa2,2021-05-13,South,Office Supplies,1019.4,-161.85
0cf697a5-7603-436c-b139-4e3c0aee2557,2023-01-07,East,Furniture,92.73,724.48
6ee35607-92ea-4324-ac93-e5962b015723,2023-10-21,South,Furniture,305.2,189.12
7f0223bc-651e-4252-b974-4cded259f960,2022-07-21,East,Office Supplies,1973.39,580.72
6d39da75-aee7-4ab2-a1fa-8e7a078c26ce,2022-01-18,South,Office Supplies,1930.59,-25.44
e886a011-36f7-426c-9a9c-06792c3d17e2,2023-09-03,West,Furniture,19.83,-369.73
722dce13-47a4-4c42-8665-34972fe922aa,2021-01-05,South,Technology,1904.11,375.83
9d3616a1-08de-4921-a60c-b547e2280fe3,2022-11-28,West,Office Supplies,1281.85,-489.91
a5b40983-3eeb-404a-9df2-372e9e825aae,2023-08-15,East,Office Supplies,1737.16,117.88
e1fdc6d1-6978-4221-bfb7-5c574b8c031f,2022-09-27,South,Technology,914.93,-249.36
1674eb65-0f9c-4300-baa1-c5678cf9eea9,2022-09-28,South,Furniture,1036.04,315.59
6b52f93c-2321-464e-a20d-4a1f479f6628,2021-06-06,East,Technology,982.8,773.25
cc152a1b-e278-4642-a484-e035330faaa3,2023-03-29,West,Office Supplies,1337.06,103.72
fe7c80e9-a179-4e93-bfc8-25ac869bc00f,2022-10-31,South,Technology,287.91,562.75
04ffeab2-cb7b-4b3a-8b2d-158acd5ae324,2023-06-08,West,Office Supplies,69.65,160.12
b69f75c5-c82b-41be-a1eb-64e6fd498e20,2022-06-02,South,Technology,622.78,144.59
c80c2195-8b65-44ce-bacc-99705beec570,2023-01-17,West,Furniture,1412.31,709.55
90ce82e8-e9a5-4368-9812-9eb27c13f47a,2021-08-26,West,Technology,411.69,656.96
453b45fe-636c-4499-9254-aad3809cd839,2023-10-10,Central,Office Supplies,1350.13,521.54
98dc9e0b-51a1-45df-86ac-10102e0869c1,2023-09-25,West,Furniture,1940.12,-114.87
cf89569d-e550-4736-8780-6e713811b519,2022-03-28,West,Furniture,196.86,208.51
cf03f0c8-0eff-45bd-87eb-340dc74e48ff,2021-01-11,West,Furniture,1348.48,-208.93
5b80b8d1-8788-4fed-b8c0-4ed8fdd4ff21,2022-04-26,South,Furniture,893.06,77.09
3b964c74-ffe6-4994-9580-4c2ac44fc4b8,2022-01-21,West,Office Supplies,1737.6,129.48
3f738f50-19a2-476f-a8dd-2bfdf956be95,2022-04-23,West,Office Supplies,362.53,581.13
889fe107-443b-4d0f-bdbc-3093a8284442,2023-02-02,Central,Technology,1388.33,664.84
bcaff931-ead1-4464-8a8e-858cd0f81063,2022-02-05,West,Office Supplies,1677.85,39.01
f2a32efd-ff13-4c80-8398-c3320e500785,2021-07-07,South,Furniture,1889.78,-476.98
fb8fe8c4-d8b4-4ead-9360-8edf382b5b86,2021-09-11,West,Office Supplies,1369.66,620.31
ef69a980-5ad4-49ef-a36f-a890cc21cbdb,2022-05-09,South,Office Supplies,999.38,-273.44
2c78644f-d860-45a2-bdd5-b0f8d6d744fd,2021-12-17,West,Technology,1239.52,308.45
5168bbf2-97af-4bde-bc8e-9d782d14e9f4,2021-04-23,East,Technology,1739.12,-467.54
5bd93609-b297-4782-bcf4-74aace63cb1a,2023-10-18,East,Office Supplies,1145.51,19.36
b4157cea-0738-4ba4-9770-a3dbe9fa97e2,2021-10-29,East,Technology,70.47,781.75
91519998-f293-4585-9a07-d758b357f3f9,2023-01-20,West,Technology,1862.59,-369.1
f2c84743-9027-4770-a460-d0d2904883c1,2023-10-24,East,Furniture,1382.16,50.8
cf767343-fced-4994-9631-c383303014d0,2023-08-20,East,Furniture,1356.26,-100.71
8ac8ad93-7e02-421d-b86b-543ae1b243cc,2022-05-06,West,Office Supplies,439.19,676.61
09b7fdf7-7d8d-4ddd-acf1-49cb4f1e1a37,2022-09-21,West,Furniture,1321.18,630.14
9a069295-3b8d-4447-8e61-065f171b1b80,2021-05-31,Central,Office Supplies,793.79,-190.99
7a5d7c82-86c5-447c-851a-00393803dcee,2021-01-20,South,Office Supplies,1305.95,-394.46
9d37efb6-eafb-4e90-94ec-84ce002ccb25,2021-03-22,Central,Furniture,222.12,315.28
573bfc17-2167-435e-8e73-34f233932b6c,2023-02-10,East,Furniture,1319.11,-62.72
cd6bb03b-eb35-47a0-ad6e-0291b7893986,2023-02-01,West,Furniture,1998.83,373.71
0f3f0f48-52d6-4779-9e43-79cbd8230076,2023-02-10,South,Office Supplies,105.94,-458.24
b466fab6-962c-44dd-a5d0-7461059c1574,2021-11-02,South,Technology,1954.58,-326.58
1c654aa2-c63c-421d-a443-5958eacf33a9,2023-09-25,West,Office Supplies,819.75,392.28
5d696bc8-dc54-459b-86bb-42c7d8b2f8b6,2021-09-21,East,Office Supplies,1742.8,-223.92
b45c9a54-5fa3-4531-9291-6e60f5e72daf,2021-04-24,West,Office Supplies,1566.95,614.86
96053035-6545-4030-a981-fa54f121e129,2023-02-11,East,Office Supplies,1138.36,-423.83
52961fb3-4d40-4b28-9628-ddcd19dd3e8c,2022-06-28,South,Office Supplies,1479.51,-219.87
bb7b6c05-2852-4ca2-b9d2-014a22ee7f07,2021-04-07,West,Furniture,1758.25,798.13
a3a6ef83-cab6-4107-afd6-9b3af2dd9456,2021-12-17,Central,Office Supplies,814.24,63.0
51397c06-a630-4d9d-bcb9-23f5f5edf382,2022-10-13,East,Technology,660.8,413.86
8fddbebc-f7ff-48d4-b509-f08a2c988bca,2021-05-14,South,Technology,1338.51,-262.54
9d1c0838-edc8-4ca8-a3bc-d6f3b18d2c8c,2023-06-14,East,Technology,1617.61,292.83
aa604892-3926-42e9-9b58-eb49c9784b52,2023-10-28,South,Technology,1526.95,443.94
60ddc7f1-2ce3-4822-9080-12b896c56fe7,2021-10-06,South,Technology,1597.65,-91.18
4b657bcc-b041-4f19-bbe7-18354e8bf78a,2021-03-11,South,Office Supplies,876.81,577.57
0075d3d5-ba94-4a66-ad7e-4a452099e71f,2021-08-16,South,Technology,1637.49,284.44
92a54d04-f2dd-41f5-b3b6-d344f2e3c6f0,2023-12-16,East,Office Supplies,249.22,5.86
c55523ed-fe89-46c8-99cb-3540643ffdae,2022-06-03,Central,Technology,1093.53,224.94
2e9ce8ff-084a-4c4b-9146-8cdcf7164b73,2023-08-25,West,Office Supplies,21.46,249.79
cf0df860-ebc9-4914-9176-a9d19a3624d6,2023-06-26,Central,Technology,655.93,-284.8
a3bfe403-388c-4751-9c83-79aef7b02805,2023-07-18,East,Office Supplies,739.26,23.55
7f05fbf5-efca-4577-9aa6-f7cb90c7e6ac,2021-04-21,South,Office Supplies,798.38,-53.54
13eb22c9-bece-421a-94c7-743b2401342a,2023-07-07,Central,Technology,1393.98,21.17
51cbf9e5-fb7d-4ba1-98c8-8c483ced4d1f,2021-11-05,South,Technology,783.23,489.44
f68c62e6-e2a4-4909-a2dd-22d52afaab7b,2023-03-13,Central,Office Supplies,902.9,127.3
ab86bafd-b57e-4883-9258-6d9016b6bf61,2023-01-23,West,Technology,482.71,722.41
55f3ad50-e2fb-4984-bab2-7bcea39c3bd5,2021-10-28,East,Office Supplies,752.77,-118.22
35adde88-43e4-4668-82ea-d2df725656e3,2021-11-23,South,Technology,462.27,40.41
59b9222c-115a-4fac-b173-fcdf3fe1e8f3,2022-12-15,South,Office Supplies,155.66,523.04
b86d066b-1ba8-47c6-897a-24ad41b455b8,2021-03-04,South,Technology,1210.86,209.83
702f31e5-62cc-4604-8c53-644b0053f649,2021-10-22,West,Furniture,1339.74,211.14
2a9527f6-f817-4ebf-ab6e-64c5bb8aa843,2022-04-09,Central,Furniture,1242.79,-430.66
e1bbb8cd-7e3a-4f07-a9fd-28e6e271fff9,2021-10-13,South,Office Supplies,932.35,18.18
6016c743-8bc8-4a02-99ea-493660f34ebc,2022-04-02,Central,Furniture,765.77,-148.05
c9ea356a-7abf-4ebf-942c-b1ae19f738cb,2022-04-28,West,Furniture,1728.03,799.14
c21c3fb3-a6a5-40ff-93fb-71d0dd326d9c,2022-03-04,East,Office Supplies,1042.97,-99.14
7387928a-29a3-4b6d-b9bf-ca38afe9be90,2022-11-28,East,Furniture,963.57,649.85
088dbd82-d883-43f8-8c98-03de12de9e5a,2022-03-22,South,Office Supplies,61.03,379.1
42d943ee-5197-4e75-8523-d4fd4b7f2183,2023-05-05,West,Office Supplies,689.08,-56.81
5780be17-12fe-4c2b-9acf-42c5f3a02120,2023-08-04,West,Office Supplies,766.59,206.59
29310971-601e-4211-a34f-76b42b8c03bf,2021-01-01,East,Furniture,803.66,592.7
f11c0ac5-8c0b-493a-9333-5bc9bb635ff5,2022-02-25,Central,Technology,1164.54,648.38
5683ede0-17d5-4563-ba60-ede1e5eb772d,2023-02-06,East,Furniture,1071.87,-291.49
e4aa786d-9d17-4218-bc3b-0de5981262ac,2022-11-01,Central,Furniture,1219.73,-58.55
6e6b34b9-07ef-4ba8-b45a-6ab37b94a34d,2021-02-09,East,Furniture,1532.12,-64.21
9b792afa-2a3d-418d-a754-a29ff143e545,2022-11-21,Central,Office Supplies,1627.84,-445.34
0db5d441-2837-4418-af27-c1b9e3c6dedb,2023-04-11,East,Office Supplies,1439.06,277.71
f9722cc1-349e-44a9-94c2-9d5c19ec0829,2022-10-09,Central,Furniture,1911.49,611.27
8dda4ff2-b27b-4bb4-a8c6-90b230a2cee8,2021-07-19,East,Furniture,46.28,-3.95
8a45a905-badf-4397-acf2-6429b8d77d2f,2021-12-17,Central,Office Supplies,399.6,462.05
4c2272f3-4811-4562-a91c-f19243e8644b,2022-05-05,East,Technology,25.05,316.01
64953d5f-0cb4-4891-988d-f23b3ccff6eb,2021-04-13,East,Office Supplies,1298.47,-11.66
7daec949-d700-4461-8cb6-b0ba925f8199,2021-01-08,West,Technology,1797.08,-316.62
00fa0eb4-5c5f-48d4-8df4-07b82751ab86,2023-12-11,Central,Furniture,494.53,422.12
d2eaef18-4b67-47a1-966e-cfe36d779595,2023-01-01,West,Technology,1854.8,610.93
7af6cd41-99a7-499b-a005-f5e1a97a2846,2022-10-05,East,Office Supplies,129.93,391.61
34fadee1-0696-4d48-98d4-2238331de35c,2022-05-15,West,Office Supplies,1869.53,-476.76
fa207403-4ab4-47e3-a360-76812bbba89d,2021-04-29,East,Office Supplies,709.73,-218.9
1d91fe39-d801-4004-b93b-ed1b14f9c394,2023-08-03,South,Office Supplies,211.83,-409.68
788fd0cd-65c0-4b93-88ed-abdd4ef03f80,2021-04-21,Central,Furniture,976.88,241.5
43d75413-a939-4bd1-a516-b0d47d3572cc,2023-01-03,South,Furniture,520.99,483.42
6334fa2a-8b4b-47e7-a451-5ae01754bf08,2023-09-06,West,Office Supplies,576.9,-356.25
61a66444-e2af-4629-9efb-336e2f546033,2021-02-22,East,Technology,621.51,589.84
0b6c03c8-721e-4419-afc3-e6495e911b91,2023-12-05,South,Office Supplies,1608.02,222.16
436e3c49-770e-49db-b092-d40143675d58,2023-05-16,East,Furniture,1082.93,396.96
907276ea-44c0-4a9a-964a-cb1f39eb038a,2022-07-10,Central,Furniture,629.5,762.82
b24beb96-c092-4b74-a6b0-7ff60fc79913,2021-05-20,South,Furniture,1224.56,-391.21
ab0b4cc5-15f0-4a19-98c1-80d2aadf3692,2023-01-21,South,Furniture,1435.14,671.59
69fb0763-8a9c-46f7-8ee4-e5125802b640,2023-12-16,East,Technology,552.52,-336.07
3a3e46b0-96f8-4ff7-81a7-2883f8802878,2022-01-07,South,Technology,832.96,10.85
6319629b-d73e-4bb9-8f9c-a17b8db8dadf,2023-10-19,South,Technology,252.55,606.87
f7336094-6b2b-48b9-85c7-f3bed183010f,2021-09-16,South,Furniture,370.49,678.13
efb56207-ddec-440b-afe3-af13891778e8,2023-04-17,Central,Furniture,1365.42,158.28
3c53090e-e1b4-4171-929d-674d798e175f,2023-07-11,East,Office Supplies,371.06,272.34
6511e61a-1436-45f5-8c81-926079ec533c,2022-06-24,West,Office Supplies,1055.08,420.59
08e3f771-b6dc-4d05-9a9b-ccc1e71c681a,2021-05-02,Central,Furniture,1421.0,582.59
844e250b-e684-490c-923b-78208089b8c5,2022-02-21,Central,Furniture,222.69,-342.04
fb95d0fc-ad72-4d05-924c-de09ccea5031,2022-07-01,Central,Office Supplies,1138.95,553.09
f3025d16-1eca-4ae9-a5bf-213d9eca381b,2022-08-19,Central,Furniture,520.56,125.66
f2f5b176-2c41-4bd3-b2f4-44abc1d71f4a,2021-10-27,South,Furniture,1926.22,85.81
363e6ef4-f8df-4c3a-aacb-4fbdfbff8a7d,2022-02-02,West,Furniture,972.26,51.07
0aeccec7-204d-49da-b156-7f2acef74829,2021-02-27,East,Technology,1613.93,161.98
aee14f87-fcff-49e3-940f-f5896c624c2c,2023-07-29,West,Technology,1104.95,728.57
d2938e6e-ff4d-4930-b3b0-fb536f75ee8a,2021-04-24,East,Furniture,96.39,212.66
98550b1e-d588-4c1c-a5db-5946a091e5b4,2023-05-18,Central,Office Supplies,1269.97,739.13
ba236c22-e92a-4b97-91db-1a374204d733,2022-07-04,West,Furniture,1903.29,-265.62
16476e3f-1127-4207-8eae-1325ea074d80,2023-03-02,South,Office Supplies,1207.21,441.38
8d536c75-65b9-4e94-8e6d-e263635a775d,2021-01-03,East,Technology,1640.19,555.91
850a48d4-46b5-48de-9b4b-b8eb537d0bd1,2022-06-19,South,Technology,1769.57,382.87
032a461a-df9b-4c1f-aacb-1f6d7549c9f9,2022-06-22,Central,Furniture,463.88,289.0
966b62ea-9f80-496b-b34e-356ac95b61f8,2023-04-27,West,Technology,431.97,234.26
1cce08e9-6b6a-4061-881c-8d3185c69fbf,2021-05-03,East,Technology,1225.85,619.21
910c4cb7-25f0-4b0a-a64e-f59d6a18e5af,2021-05-29,East,Furniture,827.95,568.14
f6ff3521-c225-4530-952a-53459682d9ff,2022-05-14,Central,Office Supplies,1681.32,-341.02
1b0ae22e-ecc8-47a6-99a6-f80ef08ce6c2,2022-12-03,Central,Furniture,1801.05,603.16
c926a021-19da-4262-8790-3dc5900c0af7,2022-02-09,West,Office Supplies,713.31,38.29
e1509425-891f-4683-9e12-dbf1493d6196,2022-02-26,West,Furniture,481.37,-170.19
439e754c-6930-46ea-a0bd-a1ee5807cf74,2023-08-20,South,Technology,1563.25,630.7
92701d60-7c4f-48e4-a7a0-2a3d620f230b,2022-09-02,South,Office Supplies,556.86,61.63
2c154804-0997-49a3-b919-955c9be4f19f,2023-11-06,West,Furniture,1647.0,550.87
9e45455e-24d3-4751-a729-4d3c46818a88,2022-07-23,South,Furniture,853.24,-157.58
66d71d97-b193-48b8-ae49-c0799bd0d4c7,2022-01-22,Central,Furniture,1338.42,-494.89
e1035e1c-e3bb-42ae-a552-ac5309eda6f5,2023-07-25,West,Furniture,200.12,144.1
0c9e5550-3cd1-4f3f-b0c5-827854dccba5,2023-11-02,West,Office Supplies,1251.48,-369.7
44c1f1b5-ebbb-4763-b9a7-e63bbee975da,2021-07-01,South,Technology,909.02,480.69
567e642e-052d-4b9a-9f58-4603e5a3d8e9,2022-09-11,South,Technology,1177.35,-141.1
4f9a5f98-4d95-4273-8b2c-c805d1403430,2021-03-14,Central,Office Supplies,344.35,76.74
dbb54645-7dda-41b6-97c4-caed47c4cc51,2023-10-02,West,Technology,1476.38,-386.86
f8f58a26-1924-4644-af52-7666b23909f4,2023-02-04,East,Office Supplies,1726.97,-127.34
4cec495b-2267-46e3-ba5b-6ac5de703b72,2023-01-05,South,Furniture,441.31,515.94
c626e38f-716f-4276-be64-ac2af96671a5,2021-01-05,West,Office Supplies,200.47,-302.94
ba92992e-44f8-453c-9224-6d05d3692867,2021-03-20,West,Office Supplies,57.04,341.31
16db80db-a543-448e-9adf-e9816ab19e15,2022-03-19,West,Technology,1287.52,692.65
e9d6bb7e-361d-4014-b114-56de301c8db3,2021-01-18,West,Furniture,1218.12,383.79
7c059799-bdae-4eff-a83c-510ed2efa93b,2023-07-03,East,Furniture,1097.93,554.33
5fb8944d-de00-48aa-8439-6fc0c26e2706,2022-01-17,West,Office Supplies,471.57,-358.34
ca9f1d59-83e8-4700-8e63-813ed22e3226,2021-01-20,Central,Office Supplies,787.9,-174.05
b5a6571c-4fa5-435e-90cc-460428b26b1b,2022-04-29,Central,Furniture,1193.01,662.9
c7cfeca8-22b9-424c-a744-3fb881bd55d5,2022-05-11,Central,Furniture,998.57,429.64
9194821e-e11b-40d4-8637-9f04d9ee7dc9,2022-04-30,East,Office Supplies,1975.69,331.42
e00bd534-3158-41fb-ac7a-0d3107692583,2021-07-02,East,Office Supplies,281.52,362.9
0ec0ad4b-d644-4a9d-b362-d476d53ae57f,2023-04-19,South,Office Supplies,1393.34,38.46
0cf173f9-74d9-41f5-8877-58043fde9814,2022-03-06,South,Furniture,814.59,-442.08
32f8dbab-b462-43e8-9c41-8a83eb04159c,2021-01-29,West,Office Supplies,862.12,519.77
76d70561-d2d1-4ef5-9e4c-4fd1462363a9,2022-01-22,Central,Office Supplies,1438.02,382.33
ec4e8cbb-a2aa-478c-a59e-0258814ff657,2023-07-28,Central,Office Supplies,1387.95,114.65
3defa7ba-07d2-4d4d-ae61-716a1fb621ae,2023-04-29,West,Technology,1982.6,669.69
7233d5af-9813-4da1-bd21-20ad5f59fb4d,2021-08-21,East,Technology,265.5,-62.99
797e3984-ded7-43ef-b5e4-a9c12d761ffa,2021-10-04,East,Furniture,217.18,-117.38
5820b3f2-5989-4d6c-8d24-34f9963dc8bf,2021-05-07,Central,Office Supplies,1451.43,634.64
42378962-e4fd-4c34-9670-7a2129dc073e,2023-04-19,Central,Technology,1160.99,536.08
1723ecdb-b058-4256-94b3-e8cfbfbbeab3,2021-02-07,South,Office Supplies,555.58,169.47
0cb5ee5c-62f5-47c2-8706-fec248fa4e98,2023-11-24,Central,Furniture,168.04,-330.04
c7a2f280-927f-4103-9a94-08c029b44cb1,2021-11-21,Central,Office Supplies,180.46,-220.41
38aa76df-db6b-439b-b6dd-9529f704d72f,2023-07-04,South,Furniture,1789.44,353.1
34ec5264-ad7d-4f81-b9a0-f145a5bab050,2022-08-18,South,Office Supplies,391.82,0.55
83666636-68d5-46b8-a6ce-6d7a44e2a94b,2022-09-04,East,Technology,653.51,587.42
f796611f-c7c1-4b1b-9d58-631b052226b9,2021-09-07,West,Office Supplies,461.05,734.94
795e6f2b-0247-4360-aea4-a441c47fa57e,2021-03-03,South,Technology,716.44,547.33
2c56e0cd-a5ba-4472-a1df-5609e959137f,2022-01-06,West,Office Supplies,148.15,-9.19
3948fe22-022a-4dda-8d05-79e299e4704c,2023-03-10,West,Furniture,1042.93,525.29
f168c605-ce1a-4669-9bbc-6cbc409ca8f2,2022-08-01,South,Office Supplies,144.55,-43.13
b599277f-f78e-49e8-b676-291d4e329b4b,2023-04-26,East,Technology,1602.71,-282.77
e53e5f4c-6c7e-4a2c-867f-358ba48aa108,2023-05-12,South,Office Supplies,475.09,-456.59
7580e4e9-5945-4186-9a01-8d296060b1eb,2022-09-13,Central,Office Supplies,1084.62,1.43
4d59616b-7779-457f-b7dc-8c784082fcda,2023-11-30,Central,Furniture,1761.36,674.63
9fa4a627-d306-48be-8548-867bad5cba24,2022-03-09,South,Technology,1305.25,-189.32
01e187d8-1a31-4044-95a0-f35665abc9ff,2023-09-04,East,Furniture,1070.59,-231.53
f76b9723-a990-4071-bfda-9a9382f29004,2023-12-14,East,Technology,655.42,760.77
8fbba749-5fcd-459e-96e1-8109d7e174e6,2021-02-02,West,Furniture,672.67,-467.49
485d831c-9bea-4529-9801-7a2fa5b83693,2023-10-23,South,Technology,1342.28,521.52
7b53359e-1bac-4d0d-af35-b30b4c68eb17,2022-11-22,West,Office Supplies,1988.34,-82.22
46c79b36-fd05-4963-9616-af7e1057a002,2023-04-10,West,Office Supplies,1327.06,-451.27
46e1ee40-dc8a-46a7-933c-2ed5a3fe0479,2023-04-20,South,Furniture,1119.99,693.14
f3c2944a-b60a-4dcc-a7f7-745142da8609,2021-01-20,South,Technology,1463.99,-318.46
30385dd7-4c7d-4313-a6c6-81b0e4729be5,2021-08-24,East,Technology,935.76,217.31
3d846fc9-c3f6-4136-846d-5a3b2661c426,2022-09-01,Central,Office Supplies,129.68,-143.73
db7904e0-ce30-461d-8e88-c8ece651e3e1,2022-05-15,East,Office Supplies,1128.97,-415.25
6772fe9f-999b-4859-8f5e-0f0bcd67b5df,2021-09-02,South,Furniture,1915.67,-435.1
23d26b8d-ae46-424d-91d0-5ef3a91883fc,2023-08-03,Central,Office Supplies,358.85,-349.78
7f53d344-a7c8-44e4-8684-3c86b8a60402,2023-12-21,West,Furniture,1383.11,-407.22
e82b5b36-4269-428c-8bac-bedfff5a229e,2022-06-09,South,Furniture,409.86,488.73
bc9a7998-6365-4c2a-a793-cb096b271eff,2021-05-21,West,Technology,1076.3,131.24
fea82e3a-b544-41cb-9541-0a9d090aaa93,2022-08-17,South,Technology,202.39,-54.24
57d9cbb0-309e-47ba-90e6-56e592715f6e,2022-03-15,Central,Furniture,906.24,43.88
afb28b3d-38ec-4b4d-b69f-5eabb9ff2c29,2023-12-12,South,Technology,1514.77,707.63
79c9c839-c8ef-4377-a368-84f588ddd880,2022-11-11,Central,Office Supplies,701.67,683.98
5bc677ca-abff-4286-b0cf-9d73e8121ef0,2023-07-22,West,Furniture,1333.17,430.38
2b843ef3-d86d-455d-8cd9-916481df62f4,2021-11-18,South,Furniture,1592.95,650.09
8ee9581a-e061-465f-a859-6f8cd73418fe,2021-11-13,West,Technology,1855.08,-84.46
7885187d-18fc-43b7-8b35-6e9a2e5eeb6a,2022-01-03,East,Technology,476.94,-4.56
b9a5d4d0-4237-41f1-bdac-dc5e20c0f275,2022-06-17,West,Furniture,804.64,297.83
e9a1c6d5-c34e-4baf-8f1c-b2ccceef9fa8,2022-10-11,Central,Technology,313.31,310.71
e64b9b37-ae01-4122-b269-921c2edd9141,2021-07-25,West,Technology,1985.04,126.21
38e59b27-16dc-4a6e-a789-077055ec024a,2021-11-07,East,Furniture,1854.73,20.86
df162ec3-be84-4aa2-b92c-04da5af3da5a,2021-03-28,South,Office Supplies,1084.51,782.03
e3082ddc-c9c0-4b7d-aba4-170b4e9d23e9,2021-10-22,West,Technology,1685.65,567.46
95e7f614-42b4-4281-9f26-946654d1332a,2023-07-29,East,Furniture,1046.71,65.47
1e26ed31-d9e9-4758-b6b9-04364b46ef33,2022-12-29,West,Technology,1250.94,445.48
a267d32f-ddcb-44bc-8dbd-c5da787515b9,2022-04-12,West,Furniture,187.36,-149.57
9ee339ff-f1bd-4598-948f-664a9565257b,2022-02-14,Central,Furniture,1512.99,-369.78
31cd9f6e-e3b1-4d36-b8e3-6397123b31cf,2021-02-02,East,Furniture,264.15,-41.84
ae423568-de14-453b-9eac-41d9801f4909,2023-02-21,West,Office Supplies,1653.87,23.86
69c165ae-4c61-4ae8-87a3-7f1061b512ed,2023-02-27,West,Furniture,1566.24,-478.5
26996aab-daaf-4529-9eef-f82a0dd70158,2021-03-24,Central,Furniture,1420.4,559.23
57b936b0-3346-4332-be0a-824e232a5e82,2022-11-03,Central,Furniture,81.96,-33.05
e4917f7d-91c4-4efc-bcb8-96bb68c0cbef,2023-01-28,Central,Furniture,613.23,254.54
24aa5685-7523-46ce-bc95-0bbae8184f34,2021-03-08,East,Technology,533.59,-403.85
2e2bdc6c-b736-4c4f-9cc5-d97550fe8199,2023-02-25,South,Technology,726.67,-272.5
55273407-7cd2-492f-94b0-0f62c768b07f,2023-07-30,East,Furniture,184.41,656.6
503be788-2d44-4af8-bc94-76b1a18b5d15,2023-05-18,East,Furniture,1874.55,291.29
73b9c2ac-0134-476b-8ed9-fa95a26e865b,2023-01-21,West,Furniture,1112.07,735.37
c606ddc4-c2dd-401d-b59a-15334605ec0e,2021-03-08,West,Technology,617.99,798.38
288f3435-c3b5-44db-9387-03c92b29bf36,2023-07-16,Central,Technology,799.99,-16.58
c79ddb62-c379-44c1-8903-94ea7d54ec82,2021-09-19,West,Technology,899.93,-111.56
6f07b60f-9d4e-4b5d-a120-bfba1689e0b8,2021-03-05,South,Office Supplies,1205.18,615.86
6dd49c96-6744-4b9e-aded-cba5a22c3d4f,2023-11-22,Central,Furniture,1036.2,798.19
0131ff3b-6221-4670-ba36-e788f71fb9a6,2021-07-02,Central,Office Supplies,1839.59,318.53
bb0c7919-330c-4ff5-88a5-fa0d09a85dc5,2023-07-21,South,Furniture,998.96,533.68
e45a87e8-039a-4ed5-b337-b2615f8392d5,2023-12-23,East,Office Supplies,1984.39,516.27
87f1d48c-d54e-4948-81c0-c5e3527c8f50,2023-08-14,South,Technology,1704.34,-38.06
010e4265-ad3f-4dd4-8496-26ba30c9a2be,2021-05-24,South,Technology,424.94,246.55
39ec8ca1-3fb2-4f47-bbcd-6c18a06e8de5,2023-04-21,South,Technology,1861.88,582.97
4fe54745-5827-4e80-a082-1918b18ad67d,2023-12-13,South,Furniture,241.57,394.55
80daa8ca-6230-4d27-9a4b-160621019bff,2023-09-05,East,Office Supplies,1636.72,-472.49
10b6a662-2ac1-45ca-8e5d-8f1296b31f4a,2022-03-15,West,Office Supplies,767.44,-62.28
f2ce7eeb-4c56-4b8f-8bb4-32b3d2e76deb,2021-12-12,Central,Office Supplies,1757.17,-312.18
85319f0f-ba53-4122-b4b7-96204a73b0bf,2021-05-03,West,Furniture,1737.43,-197.14
6f04af36-567c-4d44-862c-92fd98abb2e7,2021-05-23,Central,Office Supplies,1613.79,677.14
2240063b-fed7-47be-afd0-d2f7e3524444,2021-11-07,West,Technology,1582.16,-452.04
7d7c59a5-e6c1-4650-bf02-f5b057bd56c9,2023-11-24,Central,Furniture,616.31,-214.26
2a35ce30-303c-404b-8007-93365bf7dda1,2021-08-14,South,Furniture,171.03,-97.56
cfdfc6f9-eb0f-427c-a82a-3879f2b5a7ea,2022-08-29,East,Furniture,811.93,301.95
396d1ffb-3a79-4efa-84e5-5bd56744acd4,2022-08-12,West,Technology,355.31,194.33
3610901c-2196-43b5-bc21-109bba27bc64,2021-06-05,West,Office Supplies,1392.95,-216.25
812faa38-96f6-4c09-859c-1ba0bbec721d,2021-05-30,East,Office Supplies,698.74,-286.49
b60b4f87-5dd8-4ffc-9f87-8b322b429596,2022-06-05,South,Technology,1951.46,-192.16
600c9c71-0990-4647-8ac8-d87ea689d07f,2023-04-15,South,Technology,1285.53,153.29
c5709e30-417b-4634-a3ec-152ce0653245,2022-03-05,West,Furniture,1646.74,-147.47
980b6853-0c70-41eb-9f85-c2dd88e44a48,2023-05-10,Central,Office Supplies,273.72,731.88
1bad52a8-a976-4c4d-8c47-2187fea35d37,2022-06-10,South,Office Supplies,1725.41,103.02
0c5921f8-050d-4bfe-960b-f603a750350e,2023-05-22,West,Technology,1846.29,-423.57
71be94c3-6ab1-4db6-9da4-66feb0937085,2021-03-15,East,Furniture,979.25,448.05
40b374f8-8c1a-42c7-9fa3-ed1f61584f88,2022-06-17,West,Office Supplies,1216.44,-72.5
349b5089-2733-4670-b3ad-a2ba797209c0,2021-09-11,West,Office Supplies,1531.97,349.54
0261c87a-a15c-459a-af8c-a888b1f81ad9,2022-09-13,Central,Furniture,357.93,-136.53
19d9d0b5-a962-4996-abbe-3b5a4d15f7d8,2022-01-10,Central,Technology,1010.11,241.97
9f6facc1-451d-48fe-8532-fc74a9987bdf,2021-10-17,East,Technology,803.34,503.8
6b382a0a-231d-460b-b362-cd559b0ada0b,2023-10-20,Central,Office Supplies,301.28,706.41
82f73861-1adb-48cf-a60c-1638d4a5a81e,2021-07-05,Central,Furniture,741.39,-160.53
485f7888-1e23-4a4b-9e21-741fb8011026,2021-06-23,West,Office Supplies,145.66,-64.69
7f6bd3c6-1b34-4937-88e6-09391d2fed2a,2023-07-12,Central,Furniture,61.37,103.55
c72850c1-3322-468b-9be7-8aec32da81f0,2023-10-17,Central,Office Supplies,278.98,705.33
f91e5fcd-85ec-4729-94dd-1b56435391b2,2022-09-19,West,Furniture,1926.6,671.8
68e5c8cd-b414-4e4a-9ba0-c3e033a0daa7,2021-02-20,West,Technology,1103.56,-383.16
8c52d271-0a16-4e18-a90e-3e894b9c22f4,2022-04-04,Central,Technology,1931.99,-328.49
b02e21aa-352b-4ec8-a90d-21cb7f111a36,2022-12-08,South,Technology,870.67,144.16
3c088990-54a2-4051-bb0c-cad9eee13cae,2023-11-29,West,Office Supplies,630.51,-361.39
16c8e3d7-abf0-463e-8343-8b6400b3700f,2023-11-11,Central,Technology,1017.22,-50.74
92fbacf6-d5d1-4669-9c45-3357e8294a67,2021-09-04,South,Furniture,884.63,-307.1
f30ee4fe-262e-4559-be7d-9a19ab450578,2021-08-16,Central,Furniture,220.27,326.85
13365c0c-82ff-4f2e-878f-07cf170fa87b,2021-01-29,West,Technology,1285.24,734.34
e79f9f3d-19ee-4c3b-b93c-4b0bb93b770c,2022-05-03,West,Technology,439.92,795.75
74eda60e-3b2d-420b-a4f3-418541822509,2021-12-17,South,Furniture,1242.98,-12.19
439db29d-4bc8-4c16-ba2f-bd74fd1935cc,2023-07-23,South,Furniture,1303.9,278.72
d02c75f9-198d-43a4-8cd2-0e4376dae194,2023-01-01,West,Technology,312.53,613.15
da2cf852-0a19-4939-9fc7-ab262cb941fc,2023-11-20,East,Office Supplies,132.09,-347.3
ad409244-cd35-46ef-9c37-07394a629c5e,2021-01-11,Central,Furniture,1563.72,396.43
1dabb10a-bd10-487c-ad0e-0597500d92a7,2023-01-10,South,Office Supplies,925.0,31.5
e3ea2d7f-c219-4845-99eb-404c1851d1cf,2023-01-12,East,Technology,125.75,-232.01
236dd176-da1c-46ae-8279-e2ab0bbf6334,2022-02-28,West,Office Supplies,1989.78,23.58
54231dbe-2ba6-4158-a5ae-cf37a9d1a28e,2022-07-19,Central,Office Supplies,124.98,-401.25
f480b91e-700e-4efc-a4ff-c31a5b86ea69,2022-03-09,West,Technology,1393.12,404.03
bbaa574f-e0e3-45ce-84af-ecb79f2ebefc,2022-04-06,East,Office Supplies,1967.52,-171.43
57bcad3a-d0a1-4fe8-9f64-2a5317cba85d,2023-01-17,Central,Technology,485.97,-95.17
6676cc75-6699-4af5-9d24-181c2ed087d4,2023-12-21,South,Furniture,293.08,-342.59
d5f0fb6a-4596-4a75-b4df-b83ff659f188,2021-03-30,Central,Furniture,251.56,624.06
7a6e43d0-d9c5-4cd9-b09d-721b62be4009,2023-04-07,South,Technology,613.52,141.48
e2d903c8-a61a-4d8e-abf7-240fccc62fed,2023-11-21,West,Furniture,211.08,243.79
21ec4754-1cf1-4654-aab2-02c2cc0243c6,2023-11-21,South,Furniture,1387.4,240.26
fb481ded-0f03-4337-b9f6-143bb2383056,2021-08-02,Central,Furniture,133.96,33.64
1a8cf13c-28ce-431e-9827-4fc3f1458426,2023-09-23,East,Office Supplies,1023.75,-249.71
7b90942f-973b-4977-a946-28206a80cac2,2021-11-02,Central,Technology,1993.43,468.67
702b7014-adab-4c2f-91a6-46dacd613988,2021-05-05,South,Office Supplies,1629.8,-334.83
c7774fae-6137-48c3-9c7f-aca62e671784,2022-11-21,South,Office Supplies,1234.29,-364.96
dcd1c413-0760-401f-9c81-fc465bcd236c,2021-04-09,Central,Technology,619.44,423.19
ba2eeeb3-d6aa-4382-a144-6b45af390a9d,2022-03-26,South,Office Supplies,1251.55,-228.51
7bab1baa-2172-40aa-a44a-913af933a9fa,2022-08-30,East,Office Supplies,1058.81,-101.2
e3395b1a-1ce9-4871-bcf5-9d5feb9f33cb,2021-04-25,Central,Furniture,857.91,117.8
1036ca81-0bc4-47ba-b0d0-ebcb6949ece5,2023-08-18,South,Furniture,270.11,84.16
032a09e0-5071-45f0-a7ac-590c42f90f92,2023-06-09,East,Office Supplies,1774.34,421.15
865a7766-ad8c-4fea-9e4b-061eb45e9463,2022-06-11,South,Office Supplies,905.07,310.46
b9493906-939f-44eb-be5e-215ec47cc30b,2022-01-14,East,Office Supplies,397.3,337.72
f4acc7e2-fa57-4cea-b957-134490a4a421,2023-06-15,South,Office Supplies,741.84,428.27
84e3b774-569a-4ef0-9f86-5633ab7aeb66,2022-02-28,South,Furniture,834.12,-119.6
9e44e98c-b359-490e-b030-9aaf85ea16e0,2022-10-17,South,Office Supplies,1656.8,-80.97
ba05dd0f-a966-4a5a-aecf-1ed21861c9f3,2023-01-25,Central,Technology,1469.89,69.4
a9e8f0d8-5883-49de-bb5f-be413fa2bde0,2022-08-25,West,Furniture,1540.92,-100.3
260e37cc-6287-4624-a433-1510ad21b4cc,2022-09-27,South,Technology,31.95,780.42
e45e2ad0-8eef-45dd-9391-6dcfd6cade2c,2021-07-25,South,Office Supplies,838.15,558.27
02fb2869-0df8-4b89-9ce7-eed1fcdfe961,2022-09-25,South,Office Supplies,967.87,-285.95
816ce054-282c-4470-af32-f72aa4b5c723,2021-10-07,West,Technology,48.19,-492.73
7eef09ab-da14-4a47-b823-51d9d94df188,2022-01-21,West,Office Supplies,527.03,-444.38
c05db774-132a-4e58-aa57-e880de9205ea,2022-05-23,Central,Office Supplies,1522.98,-182.72
54b58635-3dab-4614-9215-0ed87ddca413,2023-12-29,South,Furniture,282.85,-351.42
81c61eeb-0ce3-48c8-8735-4e4ff85b6d0a,2023-06-15,East,Office Supplies,1075.27,193.34
60ee64ba-a4b0-418e-8ced-470739034b65,2022-08-07,South,Office Supplies,438.25,615.39
142e3df0-3c28-45dc-912d-aea8673d2920,2021-01-05,West,Furniture,34.12,457.78
92b26acd-cd1f-45a3-b1b6-5ca175873920,2022-07-19,South,Technology,489.99,-219.71
7f9ad277-db49-4e6d-9688-782f72b696ca,2021-12-27,Central,Office Supplies,1951.99,19.09
fb0d3cda-1e63-4261-90e9-688872730e7b,2021-01-22,South,Office Supplies,1605.06,160.26
048c8480-a743-4402-bec7-fb117f53dc0a,2021-08-03,Central,Technology,1919.56,553.27
092c4801-698f-44f8-a747-d24a1a46d536,2022-08-21,West,Technology,980.83,590.86
d36ec1bd-000b-4f5e-8c91-bd138ea02346,2021-04-25,Central,Furniture,228.38,682.63
f692641a-9aad-40ce-8ab2-4f241744ee3f,2023-04-11,West,Furniture,1100.44,162.02
e3de4ec0-4dfa-41be-a335-b2c89e7b1e95,2022-04-13,East,Office Supplies,914.21,402.56
a7939a2e-34f4-4404-8ff5-070182226c16,2021-01-26,Central,Technology,1690.27,-354.66
57423882-f34a-4949-b4ca-0ad7abe5be96,2021-07-21,Central,Technology,205.18,234.88
d10bf4dc-0de4-4af4-9347-94cc5d04032d,2022-08-04,Central,Technology,981.6,-176.7
54fc286f-7457-4d47-9825-301039112943,2023-01-26,Central,Technology,308.6,61.23
99966612-9ea8-4552-8475-66bf8f660bbd,2023-05-13,South,Technology,656.11,324.27
5d00df1b-a83c-4c2b-b776-e729791f49f6,2022-11-28,East,Office Supplies,1477.34,-165.92
18f1a1e4-1d30-4290-b3d9-2aceb7461b72,2021-01-10,Central,Office Supplies,957.28,-432.16
008ffab9-38c4-4b38-a8ae-57b9c262cad0,2021-12-02,East,Office Supplies,758.02,-486.7
a2379e6f-d473-4534-9aea-635257632e1e,2022-08-27,South,Technology,795.01,-471.19
8c357321-4abf-4f5c-8cc7-147ff6e5203c,2023-03-15,East,Technology,924.3,-489.15
1b37ef19-b3bc-412f-9fb7-474e85a0d089,2022-09-16,South,Office Supplies,1572.18,-356.54
7e0f60b2-2a06-4609-a599-bd3c0bb81d38,2021-03-17,East,Office Supplies,1785.25,-188.66
be153187-b783-41d5-9264-04b923f47a55,2022-05-29,South,Technology,1911.12,-212.41
41191aa7-1b61-4453-a8c2-094db8b818cf,2021-03-22,West,Office Supplies,1575.94,782.84
1ee93260-3002-4831-b227-e8d89c60c81b,2022-09-04,West,Office Supplies,637.66,-102.19
3730dfba-6494-4d5c-9a29-6905ee22a70b,2022-01-03,East,Technology,1379.39,-334.35
30c9c51f-c80b-4af7-9315-fafa7500f785,2021-03-06,South,Technology,880.83,209.23
c1d48a10-1b96-4925-9682-d038b77f69b9,2022-09-08,Central,Furniture,516.79,615.34
a21c0c06-ed37-4567-8be7-728e6a1aba9d,2022-09-07,West,Furniture,1683.33,381.48
1f8b4af1-96bc-432d-ac11-7babd6642fe8,2022-01-06,South,Office Supplies,86.47,-115.09
75175f39-7354-44fb-a44a-0371c5ab4e57,2022-11-06,South,Technology,1804.51,230.1
811317a8-f4c8-4393-96dd-6c82a8909e31,2021-01-13,South,Furniture,928.34,429.31
011c4544-7fb3-4be5-b6bf-2f7222778161,2022-07-31,South,Technology,1278.03,446.54
8da03d88-0c6f-4051-bc78-842387c5f526,2021-03-10,East,Technology,1322.11,366.5
95ca788d-d6bc-4712-aecc-a931ef705d01,2021-07-20,Central,Office Supplies,1791.28,632.05
c7f4f4f9-8222-4ad3-aca3-91d47ba16dd7,2023-04-05,East,Technology,1276.97,631.14
b11af726-2d5d-4395-a901-a768ebd14b0c,2023-09-23,East,Office Supplies,1231.73,252.62
d0b3d752-bb01-42a5-ac74-5800941c23fa,2021-05-17,South,Technology,142.64,58.81
a8535961-632d-4302-9a82-833c20dda0ff,2023-10-03,East,Technology,1041.63,334.04
52645a59-e1f8-4b33-9b2d-5a2a99bd6240,2023-09-11,West,Furniture,308.84,563.68
6b2d9ccc-6279-403c-a1a2-cfe7810d5c57,2022-10-29,Central,Office Supplies,1477.49,-492.65
b148b2a6-ea79-47e1-9be7-02abfac08fc4,2022-02-18,Central,Furniture,1029.32,789.6
65daced0-460a-4125-bf8c-93d4c32afc4a,2021-01-13,East,Office Supplies,1363.65,-262.24
4b4ef503-f872-4413-97c5-982cf6ae10e8,2023-08-28,East,Technology,92.93,111.32
235fc3d5-2224-4806-8e07-2a5273edb223,2023-04-27,East,Office Supplies,178.74,633.64
e2ed8686-b334-42cb-9a3f-0ad169a9aff9,2023-07-03,West,Office Supplies,1435.48,-207.45
d7d3b9d9-4c85-4233-8325-bd9ebf98e734,2021-07-07,West,Furniture,153.45,119.83
505c7527-dc57-446d-8c3d-031ab3952193,2021-01-18,West,Furniture,151.8,-327.64
8db78572-ef7d-4821-bca0-258eb63d65d5,2021-12-03,South,Technology,34.1,13.6
35afbb2d-336d-4786-b7a3-c30aa1f0fa7a,2023-07-01,East,Furniture,1913.44,-269.72
afc5c20e-4a63-4af5-b6e1-e7ac9fc97264,2021-03-10,East,Office Supplies,1477.64,-27.28
21f6c63d-ac20-4f11-abd3-3927586528e6,2023-07-10,Central,Technology,712.97,-14.5
f9a55cf2-a66c-4fa1-b5dc-8a9afb38cd91,2021-07-03,Central,Furniture,600.11,791.12
8ae0b8a0-80ff-4909-ad85-2212f554e1f8,2021-09-14,West,Furniture,705.91,793.26
b5d9ad36-5287-464d-a30a-6658b1be6df2,2021-04-02,Central,Furniture,1551.56,-350.78
8ff19886-5a2c-41bc-82c2-26ff1d8b32d9,2022-01-04,Central,Technology,1326.13,443.76
f1530f68-9215-483a-9532-caba7af985ff,2023-09-20,East,Technology,378.54,-432.73
ac9b389a-6adf-4568-b5ca-a993aacad101,2021-02-14,West,Furniture,356.48,-460.75
88addab1-d765-4a18-a4d4-66ebbf74531c,2021-08-11,Central,Furniture,205.81,-363.07
6c21835d-d8e8-497c-a0a2-59014932936e,2022-07-21,West,Office Supplies,1324.0,755.13
1b41a61e-85d1-41ef-8344-edb3ceed0ffc,2021-07-30,East,Furniture,1531.1,723.12
0d95aaf5-2534-41bc-a180-b78a06783c34,2021-02-06,South,Furniture,537.44,-247.89
4458b006-332c-4e0a-8e7d-a698ab95c72f,2023-08-03,Central,Office Supplies,51.68,-289.83
fbc8c77e-2933-4fc4-8918-a346c00c200c,2022-02-12,Central,Technology,173.52,-187.3
257c54bc-4024-4424-aef2-ab2f495fa2fc,2022-06-11,East,Technology,1936.04,170.21
c8cba592-b0ca-42eb-8fe1-621ad6e1ba00,2021-09-03,West,Office Supplies,597.94,240.62
8a8a4105-c0eb-4875-b439-67294b8e5509,2023-12-06,Central,Furniture,1540.75,-211.93
73dd3bc6-d064-45a8-9bd2-9cb108453b2f,2021-11-07,South,Office Supplies,1253.08,483.61
acef45c4-de37-40fb-9db9-4eee1a3c2131,2022-12-16,East,Furniture,770.06,-97.58
396c357b-dd66-4071-8fd7-b1a1bd4f6118,2022-07-31,West,Office Supplies,419.32,698.77
638e1388-8faf-4d4a-a5a9-9ebcbe0ec2da,2023-06-03,West,Technology,251.56,353.74
cbfd4a31-c8c8-4ad6-82cb-cdc73cd30e99,2022-12-28,East,Furniture,1233.88,67.26
b1644235-49a2-4fde-b235-7a3ccc7f9517,2023-12-18,East,Office Supplies,1551.52,526.89
61af663c-ed2e-4bcd-8c06-df90aa1c4023,2023-07-18,South,Office Supplies,1291.37,563.29
c9c1ad45-f4ea-4b97-aaa4-15b56336c815,2022-07-24,Central,Office Supplies,1065.3,-122.37
f740d87c-500a-474e-af65-e8ccf9cf8499,2021-12-26,East,Furniture,93.48,-58.37
be6127a8-0351-409d-8dc5-fb068d5809b7,2021-06-24,Central,Office Supplies,1937.29,716.74
de6cf36b-9edd-4182-b3fd-862d4057e470,2023-06-12,East,Furniture,1599.44,-285.84
716ca1f2-dec0-4f3a-9c46-1b34c7eab19b,2023-10-06,Central,Technology,592.72,-445.2
a23ff67d-e957-4bc2-b9bd-8bd6d479cc36,2021-10-17,West,Technology,1960.14,90.27
5e244824-a5cb-4c6e-b5a4-c55bb4629214,2022-09-02,Central,Technology,1207.74,541.57
bd0b0fa2-8bee-483f-96a0-6bf2c14ebd10,2021-03-06,East,Furniture,1169.02,503.17
b993ff63-c6b1-4d94-b24b-cc3d9a7791a2,2021-03-18,South,Technology,1498.67,695.39
72e588e9-4b4f-4b2e-b189-10ecf6dbb2b6,2023-08-27,Central,Technology,1625.42,193.16
13106665-aec2-4b19-bbc3-98d82d6bc882,2023-04-09,East,Technology,1316.39,-369.92
bc2e2b59-2c7d-4667-b664-c7202fddb26a,2022-10-31,South,Office Supplies,264.91,265.3
0a670143-6090-403c-9e8d-f8ad838b77ad,2021-03-08,East,Technology,683.15,511.91
43a534d2-8e7d-4f5a-8773-e66a6db2b020,2021-07-26,East,Office Supplies,1856.89,-378.67
d89462e8-9580-4c3a-a932-a211214c0a4d,2022-12-21,West,Furniture,456.99,-275.55
77617d80-549f-434c-8171-f5a74148bd11,2022-06-26,West,Office Supplies,750.61,-484.02
0a398bf7-27a1-48a0-afff-a2f4b5ae329d,2023-02-05,East,Technology,869.83,271.75
98cd2655-5297-41ad-adba-948427591ad4,2022-04-04,East,Furniture,884.42,652.75
a0180791-eeb0-43fe-860e-a4d50d04dcb6,2023-10-25,South,Technology,1229.75,371.86
4d187b75-a971-431f-97d8-05949d9887bc,2022-05-15,Central,Office Supplies,1886.72,776.65
8cd74c27-929a-4586-8a37-6c367d94bf10,2022-02-05,Central,Technology,488.98,-418.06
b52a9e6b-c8b6-48e0-92a8-50c55bab7f4a,2022-03-01,Central,Furniture,251.79,673.9
f4fd25b7-384f-4e3b-8680-4a8a515f352c,2023-09-06,West,Technology,402.97,558.29
c948384b-1174-4357-8546-74262f120b9e,2023-07-07,East,Technology,1774.98,-91.49
8b074d1a-6a7a-4841-a8cc-812a8150e0c9,2021-08-01,Central,Furniture,1295.16,765.58
597278c5-1789-4e63-a746-5743897b303d,2021-03-10,East,Office Supplies,578.95,-125.68
a9d049dc-369e-4af8-a226-49ee38a06ffe,2022-05-11,West,Technology,1633.73,656.1
4b27b079-5c5d-4f1b-94c0-c6c254f6516e,2022-03-21,West,Office Supplies,1724.13,644.97
9e47a339-c0ae-4b1a-b347-673637ec07a6,2023-05-16,West,Technology,1694.56,484.95
8fb3a134-ff23-46e9-b990-3d9687cec69d,2023-07-29,South,Furniture,1838.66,232.51
a6388854-fb2b-4b80-808b-d674d2dd3e26,2022-03-14,West,Furniture,511.96,-344.0
5893ef12-ab3f-4d22-9d5e-6aee0240f59a,2023-12-14,Central,Office Supplies,1512.53,191.56
a46b6fce-e78d-447c-bd87-703472173fa3,2022-03-20,West,Office Supplies,926.47,-36.16
3e6b74fd-9f02-4cbf-ab29-d9129d1b83df,2022-05-27,Central,Office Supplies,1685.58,529.88
e2ba9fce-aebb-4f9c-8a35-653cf57a431e,2021-12-16,East,Furniture,1459.7,485.57
cbd431cc-ea7a-4c21-a1a1-a29c5228ed8d,2023-03-10,Central,Technology,1555.13,683.8
41afeb2a-62c8-43f4-9d06-149ef1eab64a,2021-05-21,Central,Furniture,1315.76,-480.72
06531d47-4867-4b30-b956-77318a4cfe1f,2021-07-13,East,Furniture,363.08,551.83
c53f1db3-d275-4d43-8451-7303e94d4fbe,2023-05-16,Central,Furniture,1094.6,720.0
823c7ef9-cd85-45ce-83a9-c2355ffd4015,2021-01-26,East,Technology,1969.49,526.09
4be318a8-0b39-4ccf-bc9f-3bc37210045a,2023-09-07,West,Office Supplies,1875.4,-330.75
5200044b-3148-4df8-a6ca-8d50e5f5c891,2023-05-22,East,Furniture,95.92,-394.34
189099c9-f2be-429f-9514-9755838e9a61,2021-07-07,South,Furniture,337.98,-472.9
c5f833cf-f4ce-4477-b8bc-a9ac2ada62ce,2023-05-02,East,Technology,272.14,317.37
a07eafb1-01e0-4ad8-8880-2d4d89b8b7ee,2023-07-14,East,Technology,1454.7,318.57
a127dc6b-ab9b-453d-b5f5-c65410c2c2e5,2022-08-28,East,Office Supplies,1637.39,782.99
af76b6c2-dd6d-4b41-b692-a531c6097cd8,2022-06-25,West,Furniture,434.89,17.46
34a0dcd4-1a9a-429e-95ee-25876c98fd9b,2023-09-05,East,Technology,1016.65,-68.52
e0ee5e8a-b3e6-44c6-9428-df6c89aa4293,2022-06-29,South,Technology,1683.0,311.75
6f6bbdf3-c673-42e0-bdca-c10ff9e9cf93,2023-04-03,West,Technology,1468.28,573.29
12767d13-f093-4776-9116-d014a5850828,2021-11-25,Central,Technology,1089.05,717.81
0614ac41-275c-45dc-afa0-8cbebf343ca7,2022-03-17,Central,Office Supplies,1184.79,544.06
09b2eae6-54eb-4c91-b784-ae08758fc8fa,2022-03-16,Central,Office Supplies,1021.64,54.68
2d90e4ee-0de4-433e-92c0-620c1667c518,2022-05-28,Central,Technology,602.12,325.39
12087e20-8ede-4b46-807d-0affcb51a911,2022-09-11,South,Furniture,1134.39,613.19
e9366a85-3a46-4be3-9255-a4de9330ba83,2022-09-23,Central,Office Supplies,1380.88,137.79
737cf8b5-6356-4add-a85a-9f2b4236c0bf,2021-09-01,South,Furniture,1747.91,-218.31
50ffde64-6eda-4a8c-a789-e7d0a155eb2c,2021-09-18,West,Furniture,1276.22,-279.36
1e494952-ac5d-4e57-a3b6-64f40452f779,2023-07-17,West,Technology,1524.63,-499.79
b864a47b-a434-47fb-8182-978288eae7d4,2023-12-02,West,Technology,328.54,433.71
bef6a59a-c186-4221-9030-56b79e4c24dd,2022-07-31,East,Office Supplies,928.5,-355.57
d926fe41-b36d-4121-8ba6-fe0995ea6825,2021-08-21,West,Office Supplies,28.57,-183.01
80b9ec30-ed94-498b-9b92-3c67129538df,2021-07-11,East,Technology,500.89,-112.76
af95be79-c971-4f51-8a32-bb221b2bb2ec,2023-02-06,South,Furniture,1455.66,228.49
481186e9-1625-44ca-9b47-e6394d2551eb,2023-08-16,South,Technology,1983.7,17.34
61a451ff-700b-4b43-ad3b-9d13c3e90323,2023-02-09,Central,Technology,207.36,377.08
07e3c39a-a925-4745-9276-9c9665262474,2021-03-23,East,Furniture,808.97,-427.67
38491ecc-8891-47fd-a804-d0ac795741bb,2022-05-05,West,Office Supplies,1602.14,-338.88
cbf925b5-6418-46b7-bf2b-43b422e9e527,2023-12-23,Central,Technology,416.03,148.97
4b83b570-8bb4-495a-9976-b2bacc27f386,2022-09-25,South,Office Supplies,1114.62,-61.95
4c4d6e40-24e2-426c-a250-d133f5cb5be4,2022-08-14,West,Technology,1468.81,-115.44
f7222fbe-ea06-494b-a310-ff72ad62d094,2021-01-19,Central,Technology,1235.81,-412.86
a5df6f85-bab5-43fb-9dfc-d1d5cb863dea,2021-12-31,Central,Office Supplies,384.17,664.43
02dabd76-f310-4525-b517-9e725f857b21,2022-09-27,Central,Office Supplies,717.22,399.36
243113fd-8e19-4d07-9ff0-b9bf8db3c2c1,2021-06-09,East,Technology,1569.75,-341.9
929daf9f-0149-42af-8ab1-a5041f8c56e0,2022-10-15,West,Technology,1112.91,-415.44
8c2aa0b1-8982-4bf8-a4e2-89c098be5ff0,2021-08-05,East,Technology,20.41,767.33
35c606b5-4e00-4d55-95ca-dfaff26d3dd3,2022-04-26,West,Technology,1524.37,385.52
b9d707a9-e74e-40b3-bdce-635fbf905d6a,2023-04-22,Central,Furniture,80.27,42.69
e7d73d1d-69a3-4991-b634-646c5806a961,2022-10-20,Central,Furniture,1494.01,412.25
2477f047-8336-4758-99f9-3502a55bc44f,2021-02-17,East,Office Supplies,412.94,483.23
9dec2b83-3885-4f7e-af1a-25a829344e15,2022-11-27,South,Furniture,1916.57,513.95
1d57e734-31bf-4cf6-80b3-af7cd5b211a9,2021-01-17,Central,Technology,742.2,121.24
913a1734-ccb6-4571-abc5-35452e6d7a04,2022-04-06,Central,Office Supplies,660.59,58.85
c04446bf-d9f4-4bbd-8dec-644cda2d2156,2022-11-29,East,Technology,306.29,-485.66
8c8181b4-fe8b-4ccb-bd75-a5f3eeafca83,2023-09-22,East,Office Supplies,618.15,704.52
12b99a50-8cb6-41f0-a509-6396761579e7,2021-08-28,South,Technology,1754.54,284.3
402d105b-113e-4f84-abf3-90964a68369c,2022-10-17,Central,Furniture,1992.71,-235.9
94a1eab0-b9c0-47aa-b289-f58b1923cafc,2022-09-23,South,Technology,742.94,695.48
5b6d6b7c-54b2-4582-b398-1e9e7cb882a0,2021-01-25,West,Furniture,902.74,689.41
3c0a584e-a7cd-43cb-abda-06b220d2b528,2021-07-23,Central,Furniture,1446.92,785.94
11defebf-9e98-461d-88fe-bf6d199c8d94,2021-11-02,South,Technology,1773.53,636.27
7c6166df-515a-4b43-b189-1f48e66e2c11,2022-07-03,West,Technology,1190.16,797.12
a8cfe589-9dc8-4e1a-940e-7d01735d88f3,2021-04-08,South,Furniture,789.14,-181.91
27035b27-958c-4936-b186-78ce4e40bfba,2022-07-23,West,Office Supplies,831.12,594.92
cec56969-5d4f-4107-911d-dc7990c80420,2023-02-22,East,Technology,1394.28,569.94
2b2bf58c-6da5-4dad-b56a-abc050fb35b0,2022-07-22,West,Technology,16.4,-199.78
c921057c-3f05-457c-902e-d818013ca998,2021-02-12,West,Office Supplies,1242.98,-372.03
a40dfea5-bd64-487e-b652-ae9938b5e89a,2021-04-21,Central,Furniture,717.43,773.25
5c074653-d711-43e4-86d4-7d416fa5d3b0,2022-08-05,Central,Technology,1590.45,-115.17
54e14f3a-bba4-4ae0-adf8-f7672261ddef,2021-11-06,South,Furniture,195.05,632.16
7202fae5-767d-4b27-bade-4367e0bd202c,2023-11-24,West,Technology,1180.52,-494.63
7caa281b-4e33-4644-8657-20ae5bd67d4d,2021-01-07,East,Furniture,967.14,-472.67
a542deb9-2cff-45f8-9bdc-74a98d3a5d76,2021-04-16,South,Office Supplies,1288.23,105.63
47d6723c-d77f-4eeb-94fc-3a5d9b4bf377,2022-11-17,West,Office Supplies,139.06,-189.67
e42c0aea-23d7-463d-9391-d017dbd4a86d,2021-12-24,West,Furniture,1164.17,396.79
bbc99473-4363-489c-b249-5cff89e2df24,2023-11-22,East,Technology,1127.35,235.23
ba388c8f-1393-49d1-a06a-187de2e6e7a6,2023-09-14,West,Office Supplies,1125.71,-399.27
d97e8d3c-04c4-446a-a461-0160134d695a,2021-05-21,East,Furniture,1210.94,-288.58
d0095507-07fc-484e-a1b2-462781d67019,2022-10-20,East,Furniture,1356.17,4.46
c4ea4ece-67b6-4467-9432-d79794f6c67a,2023-02-12,West,Technology,1611.93,-258.71
09624ec9-e803-42eb-b677-7be4970c9eb4,2021-05-26,Central,Technology,546.94,529.89
e4dc4306-8b20-4e3e-82b7-c0488d3543be,2022-05-06,South,Technology,1651.85,40.89
a7668617-78db-4de3-8a28-4792ffaca645,2022-10-20,East,Office Supplies,1001.53,-378.54
647ac591-5da6-4a3a-a60c-cfb4c6735380,2021-03-25,West,Technology,163.35,129.65
96f01335-c5ab-48da-a435-4021392a9fc4,2022-06-23,East,Office Supplies,126.52,-381.91
22460ac9-4a7e-4bc2-9b6f-1c33bbb4c0ce,2023-03-29,Central,Furniture,675.13,-332.38
172e8c68-82aa-4c46-8049-9bbf76f6a778,2022-11-15,Central,Technology,1571.94,-188.51
02b622e9-808e-48d2-9d26-4b1b6593b659,2023-06-08,West,Furniture,1418.29,617.39
f6c8b8b9-d915-4664-bd27-4ad5a9a54c24,2021-04-07,Central,Furniture,1579.34,702.0
af2537f5-9d31-462a-bb5a-bb36ce7968b7,2022-08-04,Central,Office Supplies,1039.37,574.14
23ef5561-839e-4623-81d8-41d32a74b90c,2021-07-20,East,Technology,886.0,-65.7
90fcc9f1-2ddc-456b-a8c2-cce9723b80d4,2021-10-06,West,Furniture,303.43,-145.82
df482e7c-a8cf-4f62-90d9-170cf2dec75c,2022-02-02,South,Furniture,663.1,213.9
bb64a525-bc65-4d94-a56d-4d11f7bd8499,2022-04-15,East,Furniture,873.7,438.41
0a58f43c-5bda-4655-b06d-ca247bc6e121,2021-04-27,Central,Office Supplies,186.31,791.38
3b53f64b-7cd6-4da4-82ef-da8b38048786,2021-11-21,West,Office Supplies,449.02,-328.96
3be8a5df-5e93-4de0-83ac-e8751017ab44,2022-01-17,West,Furniture,1200.47,-435.92
8494205c-34ef-4552-ab28-6d090af57e60,2023-07-07,Central,Technology,1473.97,402.66
635a11f2-5c7a-483d-8a9d-2704e860bcb1,2022-05-23,South,Furniture,1996.71,581.89
e1ad640c-7463-435e-aafb-9f20783c91eb,2022-04-23,Central,Office Supplies,1866.9,600.25
a605b7c9-fb07-4e93-8a37-31ab0be3534a,2022-11-19,South,Technology,1288.7,382.0
f7ebc69a-b428-4f0d-9a6c-f45952f6531f,2023-06-01,Central,Furniture,848.28,740.22
4603c9ee-d463-4183-a231-72118578b1c6,2022-02-17,West,Technology,1275.99,164.31
94213090-4368-4e93-bded-cb7ad5ba304c,2021-03-29,Central,Technology,1573.45,687.96
606cc2f5-2c81-4bf0-91f6-04068b5a8683,2022-08-07,East,Technology,245.49,758.16
96721e98-5d84-46e0-a0e6-96ffa75743f9,2022-02-15,East,Furniture,825.71,601.3
13ed280a-d5e1-4d1f-a5f2-2dfba741104b,2022-07-22,East,Office Supplies,1681.21,-97.31
f9012b9c-6057-453a-8067-f79084440504,2021-11-29,West,Furniture,773.83,-244.92
67e54646-8430-40fa-b90f-ecf5e8410a39,2021-05-31,West,Office Supplies,1148.03,212.56
585409d9-de22-4c3f-9136-6db15a578607,2023-11-23,South,Technology,1179.66,88.92
e31db345-7b6b-411e-8aeb-99597ca2f582,2022-05-12,East,Office Supplies,377.11,641.09
e1ccff0d-8078-436d-81b0-62c19aad9234,2023-12-15,South,Furniture,730.85,-369.96
3ae0acdb-2a65-44af-b09d-338b23936d45,2022-12-28,Central,Technology,675.68,-164.94
47e321c2-a4ba-48bf-83b8-fa0513bc0dc6,2023-06-26,South,Furniture,62.13,477.34
28489240-2fd9-4ce1-a676-27ca3625fc20,2021-03-26,Central,Office Supplies,58.14,-376.52
d123f7c1-b7a1-467e-9a1e-00365cbaa496,2022-05-12,East,Furniture,1665.08,-83.01
6a241f46-3af7-4a21-a93e-7b5b1e4ae3a7,2022-12-16,Central,Furniture,553.41,3.3
1d03c3d5-b862-4cc3-9489-9c37cfa9026b,2021-07-11,South,Furniture,1040.98,309.37
7aa1219a-7a93-48bb-acdb-d5f27b44acd0,2023-06-09,East,Technology,604.46,-294.43
a5b2c7ea-2947-4f54-973e-129c35f0b1be,2021-05-05,East,Furniture,1881.95,618.79
3e612d66-05bf-4618-a930-b0c4d5576899,2023-09-26,East,Furniture,526.0,81.8
97a418b8-92d0-4319-a0bd-14220b0b81de,2023-03-27,East,Furniture,865.02,692.13
833c8f55-a129-4fa2-a27d-4660293fc266,2023-09-17,East,Technology,1746.73,108.23
2598f383-9280-4da2-a40b-50e40a086989,2023-06-14,South,Technology,1685.45,-142.45
ec257a75-421d-4dca-aa95-59080e503fd8,2023-04-06,South,Office Supplies,380.34,-315.62
67cbfc39-f54f-4b92-8442-906f2e16f0b6,2022-09-11,East,Furniture,1607.26,-495.13
a33b3dfd-9048-45c6-b820-5aa7996f7e88,2022-11-07,South,Office Supplies,921.79,191.8
ba5c865d-b834-4070-a0e5-f6e504c44853,2022-04-12,East,Furniture,971.11,-360.7
f27f3ad7-4890-4b6d-9240-ef02a9681fc1,2022-09-21,East,Furniture,275.63,9.25
9b4547e0-72fe-4dc2-b772-aa9715f39d39,2023-06-22,South,Office Supplies,170.4,266.05
7b4e9ecd-de07-47b1-b8ae-8d5dfe268e77,2021-11-30,West,Office Supplies,1458.6,-141.61
6928043e-d492-451a-b828-3a052baa43c9,2022-10-30,South,Furniture,997.96,-272.21
95284c0a-cb6b-4562-a488-c84d99d090fd,2022-05-28,Central,Furniture,879.33,507.14
9f8acdeb-2e8f-45a8-847a-3b7ed209383b,2022-08-27,East,Technology,1461.72,730.83
2aefcf3b-43b7-40ef-82c4-1c54a8debd88,2021-07-11,Central,Office Supplies,1533.37,-369.43
ec1f41ce-57b9-4dfb-af82-e70cb9644e4f,2023-05-11,West,Technology,326.23,-297.73
119fb03e-9731-4c91-98b6-691b74169e82,2022-01-01,Central,Office Supplies,1224.35,748.02
21d8b96a-62ad-4157-a0d2-759a3ad51382,2021-10-30,West,Furniture,279.35,-450.88
85d0691c-33cd-4d56-843d-72db1bcb404c,2022-05-16,West,Office Supplies,1505.24,770.92
af32baf8-811d-44af-a8ca-7483dc0e3375,2023-08-02,East,Furniture,1317.34,-493.96
9b02c535-2649-4478-9396-6f0a6b77af9e,2023-02-08,West,Technology,1913.66,635.77
e6cfcbd8-79d2-4001-ad6b-8a4e18a70609,2022-02-14,West,Furniture,147.23,-100.48
e0b4659a-09fe-4cdd-998d-65ba9d6022c5,2023-09-02,West,Furniture,123.54,720.17
c09c2ebe-80da-4ed7-880b-cb0ec8ab96ac,2023-11-08,South,Furniture,571.55,-87.97
a8cdf44d-7b74-4440-97db-4c2f1e158e2f,2023-05-20,East,Office Supplies,530.79,350.6
8a0ea57a-9a7d-409d-a6e8-790b215d3b1f,2022-12-16,South,Office Supplies,501.49,-395.96
f00f63ef-e59f-41c2-804e-a81ad3d877a8,2022-09-08,East,Office Supplies,1813.45,-184.97
6e76936a-a634-4d1a-adb6-10f4c65de86e,2023-04-30,West,Furniture,506.6,505.78
dff47c51-5ed1-4e7f-abb1-f2bc85a4b0cb,2021-01-11,South,Office Supplies,551.18,187.29
6dd013f3-87a2-4e22-b298-b8110b1ec578,2022-08-05,West,Technology,1521.2,706.36
7b6c7129-cd63-4ba8-b03c-664b3abf9c65,2023-12-03,West,Office Supplies,904.98,57.38
59bb8900-6198-4718-84c7-aab4ca20508d,2022-12-30,Central,Technology,1555.65,630.76
e869707c-bdcb-4ffc-8dfb-a4e996cbdafb,2021-03-18,South,Furniture,140.08,83.64
937ca77c-b25b-4de7-9652-1e08c2f43c10,2021-10-16,Central,Furniture,980.27,773.02
412817eb-2246-49cd-acec-df821903f9b3,2022-01-13,West,Office Supplies,76.89,747.78
e8fb5a96-3b85-46e1-840f-54057a25ed81,2023-12-15,East,Technology,134.68,-72.12
9929afeb-4884-4a14-9575-11addbeae9f8,2023-01-13,South,Office Supplies,1813.81,651.7
41ff81d1-689d-4205-8b31-f4d8e073c1d0,2023-01-07,South,Technology,287.1,601.89
be5f902f-b58a-4738-8166-72213063ae7f,2021-05-18,West,Technology,1069.52,-226.12
85c53910-93f6-4723-81d2-3a76ca179780,2023-04-23,South,Furniture,828.08,311.58
6001f54d-01d7-4831-850f-1cdc1e2a03f1,2022-02-17,South,Office Supplies,701.21,-405.51
cde5c35a-b011-4b0a-b496-51d6a79055b0,2022-01-15,East,Office Supplies,1800.67,587.72
1b4909b6-5cbd-4682-a8aa-123650deef43,2021-01-10,West,Furniture,53.43,-273.09
95dad216-a6cd-4e3c-ad13-0705279f91ab,2023-09-25,West,Technology,1330.94,-407.94
893e2b89-dadf-4499-82e4-bf0140ee131d,2021-06-05,Central,Technology,1927.15,20.28
9ca4364d-5d9a-49f1-908e-3a956c6e8796,2023-05-26,West,Furniture,1124.73,250.0
65bf8e04-ae3c-4ce6-bde6-849b468b22af,2021-10-16,East,Technology,1874.28,611.39
8d56bff6-69c9-420f-b425-449cc145d6ba,2021-09-12,West,Furniture,113.99,766.52
2dc09158-7b83-41cf-8ebc-6d7ec8a65b85,2021-02-09,East,Furniture,843.4,71.34
7bd7b4bf-8e0e-4bb7-8f20-c5e75ec646eb,2023-07-27,East,Furniture,527.71,-421.42
93e0f235-4e80-410b-bd0e-e0b640f7924b,2022-07-14,East,Furniture,1464.33,473.85
65ebd4dc-b49b-4b72-8631-9c165827bc1d,2022-11-03,Central,Office Supplies,1962.78,234.73
dd23ff41-dae1-4586-a358-755cbc5c3cd8,2023-01-30,West,Office Supplies,520.49,82.26
3ad24ac8-bf70-4042-9e7c-6795a8c6c2df,2022-01-11,South,Technology,1311.81,-97.95
f301bb6c-b306-4300-8879-d93272540ab7,2021-12-04,South,Office Supplies,404.21,153.12
8222cd7f-36e6-4a85-99ab-dc15296b67bf,2021-10-22,Central,Technology,1135.01,-59.72
cd04c001-56a3-4ccc-893c-9cc6668b28da,2021-08-12,Central,Office Supplies,933.23,484.12
af3f9d9a-b272-4aa7-9d30-c42e8cf29000,2023-12-09,South,Technology,1944.29,207.06
639c4c6c-2926-405d-8d53-551ab4f02f6f,2023-07-27,South,Office Supplies,1220.97,639.9
cdeb2696-015a-4a1d-a2c8-cf62f6ee137d,2023-12-22,West,Office Supplies,705.52,206.61
78bf46fa-2534-4e85-92c0-dec2175194d7,2023-01-15,South,Office Supplies,237.05,-190.26
1690636b-6f74-455d-99a9-af6aed054732,2021-11-27,South,Office Supplies,310.98,606.42
5eef0d1e-38c5-4f5e-8359-ff43106793b6,2023-11-27,West,Furniture,458.38,224.38
b9787c4b-09aa-4570-9be9-50c7147d7bfc,2021-07-27,Central,Office Supplies,509.42,-231.11
6690a951-fc04-4a7a-ae41-5f166263307c,2021-11-23,East,Office Supplies,1702.73,310.56
49560c36-8560-4e8a-a7fb-19979d2cd944,2023-05-29,Central,Office Supplies,1126.83,-34.97
0eb5e5a7-98f3-4640-b6a9-e3e3b62bccb1,2022-09-21,South,Office Supplies,1051.55,597.73
2cde9187-d1fa-42a6-860b-340cf21a6f38,2022-03-26,South,Furniture,238.39,89.29
02bdeabe-7060-48eb-be8e-ed12a3ea21a2,2022-02-07,Central,Office Supplies,1721.68,444.37
ee462fcd-a829-407c-99be-ccff33a315f3,2021-03-04,East,Technology,1448.4,-375.8
31dae817-4937-490f-84a5-b18bcdcd0a34,2021-10-17,South,Office Supplies,144.66,14.83
82b34384-9979-4f26-88b1-90e1089a9f4f,2023-05-21,Central,Furniture,1418.59,778.21
9d7d1756-3b4e-49f5-b2cd-9a0a840c5cb0,2021-07-27,East,Technology,1091.64,551.0
5c17ebb5-093b-4d72-ac8c-dcaf2b633b18,2022-05-16,East,Furniture,172.63,-292.08
f9c3ee05-0012-4399-a7af-55453d3fec1b,2022-01-08,South,Technology,922.02,-138.91
46a3cc71-ff2f-4883-963b-5481284e4cd4,2021-09-12,Central,Furniture,974.55,-71.24
ab6ef8dd-5a66-4316-a641-4954c798a445,2022-09-06,East,Technology,339.89,345.48
33478a91-9609-498e-a7cb-a27a65281970,2022-12-16,South,Technology,1891.94,484.09
b4209103-bca7-46eb-83ef-0f77848ac924,2022-08-08,Central,Furniture,1701.45,474.38
8cb21aa2-1715-4c03-ab4f-36381190e515,2023-08-17,East,Technology,1341.35,162.84
8f221604-d46b-4756-b9e4-39ef48d495a4,2023-07-12,East,Office Supplies,929.97,554.07
58f42098-591c-4524-953b-0f1fea3e072a,2023-10-11,East,Technology,829.41,68.2
39ee80ab-46c9-47e0-90c5-9550f69a0539,2021-10-18,East,Office Supplies,1305.44,-338.96
746b161a-31cc-4738-b68a-e9b79b3aa1d1,2022-02-06,East,Office Supplies,1095.41,233.77
0130d66b-932d-4648-a769-b0f1ee01b9e0,2021-09-14,Central,Furniture,133.92,737.99
8198d1f5-6839-498f-accf-147242d7f112,2022-11-14,Central,Office Supplies,1029.88,530.89
80cfb1db-1287-4313-8f02-6c2c1b414999,2023-01-06,Central,Technology,1614.74,252.31
1df44d3e-f26f-4b19-9708-013e4b541670,2022-01-03,West,Technology,923.89,340.85
41f83199-f4ea-4769-8366-c189cd8d9f75,2023-08-25,South,Office Supplies,113.39,709.73
cb1b8eff-d02a-4cbb-89b4-094ae048f1de,2021-09-05,East,Office Supplies,1574.69,56.85
71594914-b1b6-4ecd-8009-45ce932c3ec9,2021-12-14,East,Furniture,410.71,-69.19
7bcf2b31-902b-4154-a088-5550f74f6900,2023-04-11,South,Furniture,524.66,770.41
56f401e5-c1e9-44fa-be47-27fdc51c91f4,2022-06-10,East,Technology,337.77,622.48
ae7cfd14-7577-4730-868d-a4b2f613bda0,2023-10-10,West,Furniture,667.13,-80.04
dcad8ec2-963a-4333-a582-95dc75f1c654,2021-08-07,South,Technology,1515.94,102.91
420079f5-1dc3-426e-bb62-659e0700749a,2021-03-14,South,Technology,1043.58,39.6
c9e55c47-a237-48c1-a1f6-dfbe114b3c79,2021-08-01,Central,Office Supplies,417.71,-306.18
b38046ef-ad4a-4b3c-b86a-f9ddfe83c32a,2022-01-06,Central,Office Supplies,1756.88,745.17
6994bf84-50d3-4a03-8cd7-608f3adcb38c,2023-12-02,South,Furniture,1760.37,25.61
89207bc4-8439-4ed9-9a64-845ef49816ad,2021-10-11,West,Technology,1742.45,637.93
436ae2bb-d509-4e07-b368-d836027d3808,2021-02-03,West,Technology,485.2,-253.84
66205167-17cf-475f-898b-cf673f8dcf96,2023-06-13,Central,Furniture,907.97,212.23
578cd875-d231-4372-bfb0-942cac777762,2021-05-26,Central,Technology,1970.13,-468.85
2db13deb-ee6f-4bea-8df7-164713769ff9,2022-01-26,East,Technology,1546.3,493.49
37f3f32b-5a81-462a-9059-f77b79ff89d9,2023-12-06,Central,Furniture,64.06,255.19
2ecaf629-44e2-4691-92de-d495e4f1e8e8,2021-01-01,South,Office Supplies,139.76,313.27
ee25356a-aee0-4ec9-bf04-18a9f2765513,2021-04-12,East,Technology,933.22,-432.76
bcb3636d-7fbe-4bb3-b0ae-d12de8f10194,2022-10-20,East,Furniture,1819.35,-225.65
3df76a69-bc45-444a-bc1f-dff0331d58bb,2023-08-17,South,Technology,1082.02,-403.37
3aad5840-34ef-41df-83f1-9b58df6c0d60,2021-10-21,East,Furniture,1000.65,-124.41
d61a080a-3fec-4a37-95be-a8dc33e88249,2021-12-21,East,Office Supplies,219.89,315.67
c7688339-27ef-4357-9b24-9c2a9e5c5dcd,2021-09-30,South,Technology,1316.99,236.04
1417c2f9-eb91-431a-9eb0-5b4a1b4ffd5f,2023-03-13,East,Office Supplies,1645.99,295.79
7e1f48c4-a9d6-490d-b4ad-fa22ad0205f5,2022-03-10,West,Furniture,767.04,214.03
db6a34ea-c3a5-4237-81b2-16cf9d23c3cf,2022-04-01,South,Furniture,1553.47,-145.06
d91738f8-0ad1-418c-b53f-091e8a9e0964,2021-08-03,East,Office Supplies,1929.31,-182.14
50bf2995-9ee4-405d-9f06-bc767b777e71,2021-11-26,East,Furniture,415.5,-321.82
e1886146-fc40-43d4-a5eb-45497e0a04c2,2022-04-07,South,Furniture,1051.43,603.79
4654e77d-de67-4278-9313-b3a7e5a1c6e4,2023-02-08,West,Office Supplies,581.4,301.42
c3a6b204-fc01-4a22-aed0-b0b27da56b6e,2023-10-23,East,Technology,1587.78,-257.54
65db6e43-47bf-4db7-82d9-a774ea7f6c7d,2021-04-20,Central,Technology,1159.41,-269.63
20d4ba18-93a0-4478-800b-19de38db128d,2023-07-29,Central,Furniture,1272.82,634.95
6c5540f0-cc9c-441c-8696-99010ddca788,2023-07-08,Central,Office Supplies,1597.85,465.55
08560684-8a6f-44b3-b08d-312e7a732f35,2023-03-27,West,Furniture,797.98,357.22
dc432ed5-64ca-41c7-98e7-edf880a23721,2021-08-21,East,Furniture,1831.03,28.92
750acc98-2cbf-4769-86a1-a468afb3e3ad,2023-08-03,South,Furniture,1070.73,-159.43
84a91789-b2c0-47e8-9ed0-72e9f9fc6034,2021-01-15,East,Furniture,324.33,773.29
0227b8d5-b070-4a53-90ce-857f75c72fb6,2023-11-11,Central,Furniture,1394.84,536.41
61223189-35f3-4e4a-ac92-04b40306a258,2023-01-21,East,Furniture,1588.59,-107.69
5c91f845-534f-496d-99ca-9c1b94bcf47a,2022-05-30,East,Office Supplies,640.36,601.83
2fe938e4-427b-4ffb-9ca1-adcc9cdf0664,2022-05-14,East,Furniture,1715.79,486.61
44f7f01a-3cb5-46d7-834a-130e8c6ea6ad,2021-05-11,South,Office Supplies,1813.23,-113.8
57d52b78-9cf3-437e-b562-037b78aa16ea,2022-05-25,East,Furniture,561.04,54.52
6c878546-7faf-4458-af14-f7775dad348e,2022-02-22,West,Furniture,1967.21,-258.26
c08fe6d7-b361-470a-ab49-acc635e574e0,2023-12-08,West,Technology,290.02,-355.63
668d3c8b-dab5-4d55-9d75-c03c5f4faf10,2022-06-16,West,Office Supplies,412.01,439.59
9247e851-2e0d-4860-b362-f9b74795cd1d,2021-07-17,Central,Technology,376.61,-152.23
af9e7a0e-936d-44a7-bab1-996a21925613,2022-08-28,West,Office Supplies,1789.04,566.08
b8875caf-1991-403f-906e-ccbc3a8359b6,2021-03-31,Central,Office Supplies,1312.04,794.29
8e2ac3ff-3c5d-4a42-8dd8-af09451b6267,2022-11-19,East,Furniture,312.69,-400.39
323132fa-6181-42de-9b37-0ca76ea5e341,2022-05-18,South,Office Supplies,886.24,114.95
bd1116ee-f58a-47c7-8ccf-4130255603d4,2022-11-09,West,Office Supplies,1234.44,542.68
027e789c-ce40-483b-b915-ad7e2648c819,2023-06-02,Central,Furniture,176.09,525.64
226cbc6a-7fe5-44b6-abe8-c7562d36226c,2023-12-08,South,Furniture,1766.01,488.0
a1726883-d971-4e00-a4ad-5e9bfedd22d9,2023-08-05,South,Technology,1609.17,-46.31
50d3802d-b876-4455-88b3-152d845a91b8,2023-08-25,Central,Office Supplies,1015.36,90.01
403fd582-4ccf-4a4b-bc93-243ec90b9454,2021-04-18,Central,Furniture,1934.58,273.46
0c36ad4e-915d-4a63-9bc6-c9288fe84e20,2021-11-10,East,Furniture,841.34,766.12
29d0c613-b0c7-4002-9956-699065fdaadb,2023-05-07,West,Furniture,1968.38,-74.19
411920f6-d056-4199-b728-ddc20f5e8b47,2021-12-10,Central,Furniture,1339.16,700.09
18a73d94-a13e-466d-96c6-d99779fe7ccc,2021-07-13,East,Technology,1273.0,-149.84
42803aa0-55ac-4d06-be9d-a9517329af6e,2021-02-15,Central,Technology,340.25,785.8
8eb7c306-8f73-498e-9c3d-0d5f5c6801d6,2021-01-06,East,Furniture,1765.04,371.34
581993cc-41f9-494a-8f5d-337fee8d5daa,2022-09-04,West,Furniture,860.7,102.56
59e110eb-1f09-4b9d-a969-29b20513eda8,2022-03-18,Central,Technology,332.84,297.41
9b0707e5-f68e-4e81-adf9-568bde0bde18,2022-01-17,Central,Office Supplies,35.09,-145.71
a65d958e-936d-41a8-93ac-b00e32eeeb38,2021-11-28,East,Technology,1123.91,-143.57
fab8328f-2cae-43a2-89d7-16efa62d7221,2023-11-13,East,Technology,1059.53,-352.38
53391df4-5ae8-4d18-88dc-1e26c7c2564a,2021-08-29,West,Furniture,1441.51,-351.73
c655a597-7ccc-43de-82ac-7e1dac565da6,2021-10-14,East,Furniture,1781.61,-48.03
141283fb-e3be-43d6-b26a-030dbc8cfa8f,2022-11-03,West,Office Supplies,168.02,491.71
76b874d3-4959-4bed-9d19-11a5618dde71,2023-08-30,South,Office Supplies,1465.68,290.36
de46222e-2514-47ce-b4e3-5f7ba1b7e3d8,2021-08-22,West,Office Supplies,382.95,-366.64
edb68b81-cec6-4cfe-a3fd-17f02ae63af6,2021-07-19,Central,Office Supplies,1717.77,607.91
9cc05b67-a19b-424a-abfc-2a47565f1491,2023-02-05,East,Office Supplies,1639.94,281.78
e835f080-d951-4f98-a79f-2f429256d707,2022-11-30,East,Office Supplies,1086.18,749.11
57f7d71f-2978-4c73-9440-adec12439b0f,2022-12-28,West,Technology,1423.38,371.24
a72bdddd-511e-4eb8-9040-5c433a6c7da6,2022-12-27,West,Office Supplies,635.56,-272.27
9afa8267-4479-4214-b5de-f8074a965478,2021-12-06,West,Technology,947.62,115.92
e33fc52c-4570-43e4-a53c-8f74a5076897,2021-11-13,Central,Furniture,1645.06,343.05
f0533851-dce0-42bb-87ed-ea0271e4dc42,2021-04-28,Central,Furniture,923.94,-463.26
855c0a97-9640-4fcd-bf76-14495cf85eeb,2022-10-06,East,Technology,722.02,-480.62
2ad55c0b-69fb-4fe6-b346-1e07f72cb6c8,2023-02-26,Central,Technology,993.48,-331.78
20029d9f-05e9-4407-9aad-a0b12f132a6d,2023-12-24,Central,Technology,1658.22,-172.84
406bf02d-a97a-4f4e-bc10-871bba4f4b03,2021-02-22,West,Office Supplies,677.06,58.41
bfeef19d-b360-4faa-be6e-9d47f0c0804b,2022-09-11,West,Furniture,355.79,133.67
65a4c79b-2aba-44f9-b5e8-0364147f1f67,2022-09-17,South,Office Supplies,1426.91,-320.56
efd1b588-1054-42d5-9876-35761a5ed196,2022-04-10,East,Technology,1653.7,375.41
0dc78104-8c66-4766-b922-b440e0f1e44c,2023-01-13,Central,Technology,210.27,274.98
8623bc74-65a2-4cc8-855b-e95d06bfd9c4,2021-02-13,Central,Technology,487.35,-117.2
1a9b0d42-154f-437d-befa-c198c3d6cd54,2022-11-20,West,Office Supplies,292.52,-482.24
15956c42-27c0-4f89-9e3b-f1b34330125c,2021-01-06,South,Technology,702.4,-399.06
63ccf604-e2ae-4f87-ae7c-a782a7a31d25,2021-11-19,South,Office Supplies,906.2,9.2
bcd2e8eb-3f55-40cd-bab7-127e4f32ea54,2023-05-18,East,Technology,1500.16,-299.83
205c8491-a061-49db-b172-f63648bfb602,2022-07-16,East,Technology,1305.78,-10.13
2bacf712-d6a9-49e8-86d8-95e5219b606d,2021-03-23,South,Furniture,1245.65,316.64
5b59f28e-a9de-4b26-88ff-eab0075072d6,2022-01-05,Central,Office Supplies,711.23,211.41
dd3ee854-5340-44b0-aa4f-4a80dc412176,2022-08-11,West,Office Supplies,1684.48,-199.47
def3306a-f998-43f2-b799-fddb79e546e7,2021-02-23,South,Furniture,947.86,-53.03
8c6d768e-45bc-43ba-af52-d36e8a63b93c,2022-06-05,Central,Technology,1958.42,298.24
f2cffcae-f833-4bfb-a296-e3f171e15b9f,2023-08-13,East,Office Supplies,1271.94,619.11
9740b212-2d52-45f4-8a0e-c018b29769b2,2022-05-02,South,Technology,261.27,479.18
bfb8abb9-a18c-4492-b4e0-079a98fb4727,2021-09-21,Central,Office Supplies,1355.59,219.42
6f5aad52-9061-498f-a096-521ea2c723d4,2023-08-28,East,Technology,656.96,-29.02
88a613b4-a3b8-4f92-a3c9-0c6a86017633,2023-02-22,East,Technology,1375.79,-25.43
7b4d8646-58e0-458f-a8af-301f4f45f6f7,2022-04-18,Central,Furniture,148.59,643.24
16ed0330-ce01-4413-ba25-16fe8a27b0b0,2021-07-30,East,Technology,358.01,-448.98
6986305a-5da3-49cf-8ed0-730d711dc1dd,2023-09-06,Central,Technology,1712.92,784.38
02b3c948-4db6-4475-a7dd-1ac44282b6e4,2022-03-23,West,Technology,462.09,363.69
c21f84fc-d0bc-4ad5-85f8-0d9b00060d5a,2021-05-12,Central,Office Supplies,1675.71,385.48
49694032-5808-4790-a2e4-9628d913057d,2021-02-28,East,Furniture,565.76,-450.6
b011b125-0221-41e5-88fc-3da1781d5b6c,2023-09-22,South,Technology,1289.34,287.19
c166a8b3-f26b-4ebf-bdef-3b8eec0dfc3a,2023-01-05,South,Office Supplies,1391.36,130.21
c4100108-0256-4389-8cb3-46637a211151,2022-04-08,South,Office Supplies,1030.18,-362.49
98d53cf5-4afc-49e8-8c47-6b726e310234,2021-03-25,East,Office Supplies,617.57,-138.7
8c57a277-01d9-49b4-8bf8-f29e3b30ee97,2021-07-25,West,Furniture,433.16,657.41
e1d55f85-6967-4586-b046-30085fa72012,2023-02-10,South,Technology,76.05,214.98
3ff93134-650e-48e4-afe6-33f18f807d8b,2022-02-24,South,Furniture,614.85,37.44
a55fa725-bcb3-4168-b706-2cfa29cc0789,2021-01-29,West,Office Supplies,1309.79,-405.51
3878becf-60dc-42eb-9413-c85063c4e76d,2023-11-16,East,Office Supplies,1877.23,428.36
a0152b5b-6c17-4150-9447-16cc4352acea,2023-10-04,East,Furniture,1743.7,413.71
ccca1e14-c3b8-480f-8440-8e983d53ec43,2022-11-06,South,Technology,1534.47,298.26
b1a50a3d-cebd-4b2b-9cfb-bce7e8f2c584,2023-01-06,South,Office Supplies,1579.01,163.34
a60147c3-48e0-4502-8598-f3c8af449605,2022-07-24,West,Office Supplies,1333.32,63.92
44d18524-cf0e-4567-882d-7fc1be3074f8,2023-02-26,East,Furniture,527.97,271.25
1186da93-da7d-4c53-b020-cf0669b41194,2021-09-17,South,Office Supplies,1815.32,-196.59
1c405045-4a22-4ae9-a2f9-cafe2eb23ca3,2022-10-27,East,Furniture,1344.76,723.64
73e88db6-9e23-43d0-b491-5c14a30b669c,2022-12-06,East,Furniture,1125.28,265.43
7df37378-9f6c-4ab4-b352-2c1845aa9503,2022-10-15,East,Office Supplies,230.87,-95.45
26f341c8-04f7-48c8-9215-b5033012f819,2021-08-02,West,Office Supplies,899.64,84.58
05aa5eab-88f3-47ea-b83f-52740cb4afe1,2022-07-31,Central,Furniture,926.11,547.39
4838a888-1a2e-4864-b8ea-ca362f999b2a,2023-06-04,Central,Office Supplies,1730.48,-289.9
703c1286-b717-44cd-a002-91bb44e9f8fb,2021-01-04,East,Technology,1097.83,-119.31
17172654-3b99-4815-8219-a9c7ba23b07a,2022-10-30,East,Furniture,767.0,383.36
3799a376-7e5b-4ac9-83c5-01fe269334ef,2021-09-06,South,Technology,1953.83,-89.86
c9254bb5-4fc3-4d4e-ab95-0c1d578799d9,2021-01-22,West,Technology,230.33,530.25
5f13e10b-ff7a-484d-bf96-dd35cca99089,2021-03-04,West,Furniture,850.87,-330.41
081fec82-ca9a-4f77-b26a-51a576b40672,2022-01-16,Central,Technology,93.63,491.49
c02553ea-d7f2-4678-9489-8025548b2ce3,2022-09-21,West,Technology,1482.41,-411.14
4439940d-0e58-4770-a566-0316f39ef1be,2021-10-24,East,Technology,1836.97,-483.63
8b0ea0b9-1246-4474-a475-c0eec6913069,2023-03-01,East,Office Supplies,567.27,667.69
e54c8739-3133-439e-ae7d-952b785b8a07,2023-10-26,Central,Office Supplies,1718.1,255.74
61af0e8e-d137-47e1-8005-353dd76f1e65,2022-07-09,South,Technology,591.51,-42.63
f97f4994-1f38-4f55-833a-c4d6d4085391,2023-09-13,East,Office Supplies,1822.43,-197.63
62821d61-3fbb-4f57-b6f5-6f1cc4a531cd,2022-09-19,West,Furniture,1510.38,301.95
3f46057b-7165-436b-b997-c779c56f05e6,2022-02-12,West,Technology,1611.76,161.7
32fd73c5-0894-4176-be99-df69bcd49975,2022-10-02,East,Furniture,45.83,789.08
180dc855-c55f-4de8-bc3e-1d1975f94230,2021-04-21,East,Office Supplies,1925.99,778.18
355cca9c-fb6b-41dc-aa7f-7e0685695f97,2022-03-16,West,Technology,1456.08,325.53
f6121d2c-ae73-40eb-a39d-8fe7790b185c,2023-06-11,Central,Furniture,616.45,75.73
289ac251-52b4-44e8-afab-cd734fe66636,2022-11-27,West,Furniture,1660.5,138.48
bea6450f-0acc-423c-ba6d-bed8a110e887,2022-02-20,East,Furniture,570.23,387.22
1f44aa88-855b-4c5b-8cb1-457eeffad15b,2022-05-05,West,Furniture,1746.78,-367.95
4c7f03bb-a376-4c2d-bb31-dcdc40d91a8e,2023-07-14,East,Office Supplies,234.03,-73.14
0d559b64-e334-4bac-9c44-ebd132df8d45,2023-01-25,South,Office Supplies,1410.34,-402.15
f9287d26-37c0-487a-aaac-826edd18ab28,2023-10-01,South,Office Supplies,1085.99,-404.63
6f2537ce-a206-427c-bc68-41d61ce8e12f,2023-06-30,West,Technology,202.1,-245.41
cb5d2b59-2ad8-40ca-83db-7a2e531350e0,2021-11-21,South,Furniture,491.37,130.83
6553b15f-1ea1-4b0f-95ae-b18b46ae7e06,2021-06-12,West,Technology,34.68,520.21
f80590f0-0249-4a09-be3b-1a40ca0553a2,2023-03-24,South,Technology,942.85,131.14
b0d515ab-c891-455d-94c1-76b90ac013d5,2021-12-05,West,Furniture,609.52,-63.88
27ad8d51-98a1-4e4f-b03b-693479ab56d1,2023-07-01,Central,Office Supplies,1200.73,-392.94
3fac4317-16e8-47b0-8552-f3c55f13fb98,2023-12-22,South,Furniture,601.5,215.38
af9a1168-1766-4795-bffa-b493285eed0a,2023-06-06,South,Office Supplies,606.84,-147.35
f83b1806-ee4c-4b18-96a2-d49d9e5f8273,2023-11-22,Central,Office Supplies,1488.95,299.41
0f5f9707-a008-4c20-8272-88e6ff39a117,2023-01-23,South,Office Supplies,105.8,770.34
276732d3-a502-4c4b-9b03-34d80f4d6c40,2023-06-12,Central,Furniture,1806.76,-355.29
1b7e0502-ca9d-4831-894e-7397b38a3db1,2023-04-22,South,Technology,1706.01,-224.24
5115d7ee-3b90-408e-bce3-456320363a73,2022-03-08,South,Technology,1338.93,115.02
a50784cb-c9df-401e-8ef0-0de1fb4f1972,2023-07-19,West,Furniture,1190.51,759.2
e44cbd41-ce36-492a-98e9-d0aac1b6edd4,2021-05-01,Central,Technology,1785.68,503.35
05776108-3166-4c94-bbb2-4366704fe1a8,2022-02-05,Central,Furniture,378.81,667.7
b972393a-5bb0-4d76-a0b5-7717b072afc8,2023-07-20,Central,Technology,167.15,-66.17
0a1bebd3-e60e-4813-802d-a0fa227dcecc,2023-02-26,East,Office Supplies,486.63,789.65
8f1c3fa0-7000-4009-b4e5-70ba7c3cc2bc,2022-10-26,West,Technology,1591.21,-366.32
7d76ab58-b271-415b-8af0-9ec34b726a7c,2021-02-23,South,Furniture,78.99,-431.14
8b2ab759-2fc6-44e6-9113-5d7e30952621,2023-07-05,East,Technology,1169.79,612.28
77e8b762-bb7e-4979-92dc-bffd59008d65,2023-08-22,West,Technology,1990.92,705.44
994316bb-d4d3-43a5-9e1f-1619467ba9e5,2022-05-05,East,Office Supplies,1712.84,-382.24
290c4414-8df5-4b01-9c4d-b762ea1af7d2,2022-05-03,East,Furniture,1047.68,-352.54
730ad7de-27af-4ff9-87f8-9f6211a1e557,2021-01-23,East,Office Supplies,136.65,-456.87
8aa6b006-436a-4b9d-91c5-6a004bb13407,2022-03-15,South,Office Supplies,1664.43,-364.14
c6a28e4e-002f-4ca4-b43e-85315dfb1922,2023-07-17,Central,Furniture,1201.97,-227.75
bbd0fe6c-6108-4fcc-8186-722ba355ad05,2023-12-27,West,Office Supplies,238.72,761.1
9ea6ed4a-04ca-430a-a207-db202f7f2cd7,2023-10-26,East,Technology,196.78,368.22
9ec5405d-c6a9-4598-9d34-0833db592a19,2021-11-19,West,Technology,1820.16,512.12
10372a5c-b893-408a-9219-02163d211daf,2021-08-11,Central,Office Supplies,1341.71,508.98
d1ad3e51-89f9-4de9-b798-0131a885a7b4,2022-10-10,West,Furniture,1660.28,195.6
aee7c7a5-8629-4fbe-b09b-48dd63329992,2022-11-10,South,Furniture,1759.17,536.74
277529a2-8d2c-4e83-8407-26547f5f61aa,2022-04-06,West,Office Supplies,1147.83,274.55
68e8f311-5295-4a96-887b-25d79cf023dd,2021-12-03,West,Office Supplies,1039.72,-91.09
18a440bd-1c47-40a5-9270-2b29a41247a2,2021-07-18,West,Office Supplies,866.55,229.44
0b34fc84-1111-4e29-a8ad-153985f0786a,2021-07-24,Central,Furniture,640.72,193.56
2dbb45bd-2138-42e6-b013-a170d5cf3b4c,2021-12-12,Central,Office Supplies,874.85,570.49
1b67f7bb-33bb-4382-8801-8e83df9d3910,2023-07-07,East,Furniture,1550.02,776.25
08252b39-1947-4a42-b10d-c9d17c413a2a,2022-02-04,West,Office Supplies,1207.83,34.36
637b3648-d617-49c0-a449-d64f922ddab6,2022-08-15,Central,Office Supplies,1786.12,492.41
9fbc879e-869c-4a8e-bd6a-b7c2a86d8706,2021-06-07,Central,Technology,892.33,-370.31
0c90e028-4185-400d-971d-f5fdb38950ce,2021-07-23,West,Technology,1218.11,509.88
b7c4b3ee-9b1f-46d1-b881-49dc5dc96097,2021-06-06,Central,Office Supplies,1266.3,-17.16
ebc8f6b7-ee22-4f70-8359-9c6d1224cbd2,2021-09-01,West,Furniture,1187.48,-448.79
edabddab-7dcc-4026-a7df-30b2356fdc0a,2023-05-02,Central,Furniture,1408.24,-27.78
77d2b94f-1478-4c9d-9503-0b43e3c7ca9a,2023-06-29,West,Office Supplies,482.49,293.84
5c65a65c-0f8a-4c2c-a390-0bc0cd0fa4a6,2023-12-30,Central,Technology,1029.6,-344.97
e3f342a8-f030-4fd4-be54-898e8eda6433,2023-04-10,South,Technology,217.41,701.24
cb53f0be-5e7b-4866-9270-54706a7be8b1,2023-10-09,West,Furniture,775.18,-399.03
9def57b4-d2da-43ec-8eec-c013b55beaaa,2021-04-26,South,Furniture,980.46,709.01
bbfb1b71-0a68-4eb8-876d-e8c5440c7e5b,2023-10-24,East,Office Supplies,1307.93,419.28
13f39289-4dcc-405d-959e-f0fd1204f4d6,2021-06-12,Central,Furniture,1901.56,-71.37
84fcfcb0-f5e9-4352-b745-39f2f1d188b9,2022-05-27,South,Furniture,1205.3,7.98
3b23feed-b9a4-4e2b-99e9-e3a418dcceb6,2023-08-15,West,Office Supplies,1489.75,463.05
317046b9-3080-4a5d-a2a5-0eec881af04f,2022-03-24,West,Furniture,1017.47,281.91
91ed554a-3fae-4f01-a829-0f3c86b4852c,2023-05-24,South,Furniture,1271.87,373.14
8ef4d74b-2dcc-4095-b28f-9444a0154d65,2022-06-12,West,Technology,151.16,5.91
bf00f56c-6a49-49a6-8ee2-5e54bfcb3388,2021-12-21,Central,Technology,516.24,134.16
9399ad15-a37c-41c5-842b-266b1b02fa24,2022-01-26,East,Furniture,730.09,786.83
b3da5808-756e-467d-acab-8b695ba37cb5,2021-01-26,South,Technology,950.26,-221.9
1aa67474-e200-4157-ad54-c95aaa4d52a8,2021-01-07,Central,Technology,100.84,43.21
8cca8963-2e2e-47a4-8ade-c3792ab403f6,2023-12-24,South,Office Supplies,288.65,-120.63
a854027e-5667-4e49-8133-8bdc66cc7376,2021-04-24,East,Furniture,560.86,494.64
999413cc-ff99-47a8-88ad-b388287e4086,2021-10-11,South,Office Supplies,1943.35,493.22
e7094153-5a31-4916-aefb-2a2471693ed5,2023-12-01,East,Furniture,669.38,-119.82
ff31950a-fdd0-44a1-8cd2-216f50adff63,2022-12-01,South,Office Supplies,969.26,-394.19
698f546d-5f29-4290-9848-5a54531c8812,2022-11-10,West,Office Supplies,400.23,-485.14
d37ee471-6e3b-4507-a21c-1209c3a1962d,2023-12-22,East,Office Supplies,1225.45,55.69
3d9ffe59-9bc0-4a93-92cd-adefb9d276f4,2021-09-11,East,Furniture,568.56,33.44
60042231-36c3-4e85-8bae-295e902a405c,2021-08-02,South,Furniture,421.92,784.91
be9cafcf-ed17-46e9-8cdc-718dc4057420,2021-10-27,Central,Office Supplies,1037.98,110.74
73d0b6c7-f62e-4f88-9c29-850b410bfc29,2023-07-08,Central,Office Supplies,20.96,-166.66
000cd21a-65a7-4a30-b5b7-0dd9728f5897,2023-04-05,West,Technology,25.25,658.6
48d3d2ce-fba3-491f-88df-aaf8b9efaad6,2023-12-29,South,Furniture,445.95,138.39
2294fa0a-8482-4c08-842c-65ad9883e9b1,2022-04-18,Central,Office Supplies,83.08,278.93
01ae7eb1-4d45-4ea5-a3ec-4f6afe503fdc,2023-02-13,Central,Office Supplies,224.97,-375.63
36fea0b4-38cd-4122-bc01-45e14ce2afa2,2022-04-12,East,Office Supplies,684.33,-2.21
c5828939-058e-489e-909d-97cddb107e7f,2021-09-26,East,Technology,1607.15,727.49
d284b528-b091-4fb7-b17f-3f92d26aa790,2023-09-17,Central,Technology,1148.38,266.36
82e2b02d-8dbc-4e5a-ab4a-ede646a52064,2021-09-09,South,Office Supplies,1030.21,-52.15
9255273f-ed09-40f7-9217-4fb08e6b3085,2022-06-14,Central,Furniture,594.04,313.37
75dacbbe-09a9-461a-9823-3383279b637c,2022-09-10,South,Office Supplies,1864.19,683.53
43d643ed-236e-4832-a7f6-a2ac5b0c4170,2022-12-18,East,Technology,800.06,-143.81
3ff69f41-9508-4801-a3be-7ca05df924fb,2023-02-22,South,Technology,183.31,156.65
4ce09ecb-cfa2-4fb8-8199-322e3ba58126,2023-12-18,South,Office Supplies,1237.96,746.3
91ae3d4c-6659-4d83-920b-725b17871810,2023-02-03,Central,Office Supplies,236.54,-275.89
13c37b5d-bbf8-4a91-b7a9-f824eafa4d5b,2021-04-10,Central,Office Supplies,696.99,435.56
7b874b4a-cafb-44fe-931f-04afb93c92d5,2023-03-09,South,Furniture,1019.75,298.83
e6267164-d361-4b3a-bcff-ae922c435667,2023-02-18,East,Furniture,1749.7,383.58
d1cbc092-9383-486d-b3ed-d6edb0894de4,2023-03-29,Central,Furniture,992.16,-43.41
a46acc9a-9861-4260-9869-c755e85c1ec9,2021-08-08,West,Technology,1407.49,-91.96
ceef7261-bb15-42ea-8991-2f464ce6928b,2021-07-20,Central,Office Supplies,1985.71,389.47
c7b611cd-1417-482a-a1ad-018a93875413,2021-11-15,East,Office Supplies,271.66,-219.79
559a8f54-c559-4d0f-abff-c53f0e50f355,2022-12-01,East,Furniture,556.72,45.55
6f2e92b9-d130-42db-a13a-14ca5911f42e,2023-03-28,Central,Office Supplies,795.21,-255.37
1edbbe71-de2a-4ddf-ae24-9b726aa12abd,2023-09-26,South,Technology,849.44,-489.2
bf67de42-3a0a-4b59-8538-4872deaa543e,2023-04-29,West,Technology,827.93,761.07
edbc36d8-9a30-4096-9977-66bea71c8948,2023-10-06,South,Technology,1816.15,61.21
a1d770ea-c704-480e-a246-6cd702ed5d15,2023-01-21,South,Office Supplies,1430.92,760.15
863dfcd6-4e06-48d0-8ddb-545b61eaaa65,2021-03-31,South,Furniture,1219.73,-317.58
909e21ba-8a38-45aa-91be-ba8e0a8aeb94,2022-05-28,South,Technology,625.65,263.58
b2a0f778-809d-4444-93ab-3cce264ae04f,2023-10-19,East,Furniture,1649.34,-238.73
ac735be0-0cee-4dc2-a737-f345388629ff,2023-04-30,West,Furniture,1910.57,527.1
f89617fa-6493-45ef-bf53-76a4bb48bbba,2022-03-27,South,Furniture,1644.18,518.81
9343e6ea-985a-4548-80ba-22a47213e7cc,2021-04-15,Central,Technology,13.11,-353.61
6e935615-38da-4a90-970f-ad328135f15a,2022-08-26,South,Technology,1276.44,685.68
25e42403-64f2-402e-894f-6ed34a2f3876,2023-03-23,South,Office Supplies,111.76,-246.98
79d19c4e-1521-4d35-960f-1e2d21d72432,2021-03-18,South,Office Supplies,522.64,296.87
8c53b74c-0c9f-46e6-becc-f7609249ee3a,2022-08-21,East,Furniture,128.45,781.32
6605de3c-15c7-4c83-8336-ffe5663166a7,2023-12-20,South,Furniture,1211.55,647.12
b2a7a475-c619-4773-af3a-cf3380777ac5,2021-04-30,East,Furniture,1376.31,743.53
7b1dbca3-2286-43f8-8314-96ea2160446e,2021-11-07,Central,Furniture,237.83,-54.62
65339cf0-7ce4-470e-b2b7-3d808f2e08d3,2023-12-21,South,Office Supplies,773.84,-362.75
8fa8ae34-3233-4053-9242-ba54a6f9c0e1,2022-02-01,South,Office Supplies,917.91,-255.15
86351a54-bc54-48c1-bf40-8dcc9db1f7f9,2023-06-14,West,Furniture,744.42,150.64
44296ca2-1257-429e-be08-5cb73f09f7a6,2023-09-25,South,Office Supplies,250.84,531.2
af4afcdd-52cb-4ae0-ae18-c9b3c6da85f1,2022-07-29,West,Technology,843.71,-304.8
1ccec1ef-16ef-4cdf-9375-ee61ec94503e,2022-09-15,West,Technology,1504.84,357.65
5d822e3a-6c6d-482b-a9e0-8370abf7a5d0,2022-04-21,East,Technology,151.31,-79.35
5832c8de-521b-48c2-b0c3-ef8a592ab43d,2022-12-28,West,Office Supplies,169.56,-56.44
c509d558-0632-4b36-a7c8-f0c59808552c,2023-06-13,West,Technology,715.99,360.49
5987038a-fcd6-418e-ab54-500d4e089bb4,2023-07-21,South,Furniture,1884.03,107.1
cd840a47-fd7b-4279-9253-55159dc0a8b5,2023-04-14,West,Office Supplies,1340.46,555.64
70c23600-2554-4c1a-9f88-dda37134ae6e,2022-02-26,West,Technology,1360.55,-297.31
3bc5f97f-d173-470b-ac99-3c800b7d1856,2022-09-01,Central,Technology,730.22,526.93
27ef0a4b-5fb2-4838-af73-b3cf331e91f2,2021-02-08,South,Furniture,1191.38,-416.49
15f7ef61-da4e-404c-ba7e-1b86c1fad753,2023-11-22,Central,Technology,30.16,-247.73
3e3869e2-0df6-4417-bd55-38c71cc464ed,2022-05-20,East,Furniture,1275.83,352.99
25ce2a21-ed3e-4846-9efa-0407f2edcab0,2023-03-12,South,Technology,1827.44,611.4
49a5baeb-d1f4-4c8d-951b-1974de668dd0,2022-10-28,South,Technology,1229.02,-171.52
cde55848-b19c-405e-97e0-a1f103840661,2023-12-03,West,Office Supplies,1748.66,-74.65
789fed96-7337-4c2f-8e1c-37621c7cb6ed,2022-11-21,West,Office Supplies,1450.71,198.26
bd717da3-3581-4632-94f5-df7005d2d205,2023-08-27,West,Furniture,249.91,-224.96
8be27516-342c-4348-b63d-75f189bab9c8,2022-02-23,Central,Office Supplies,1805.88,554.5
8c7e2904-4237-492a-8017-466e85f4c0a2,2023-06-01,Central,Technology,142.22,505.73
fe07832a-badc-4599-9f7f-ae0c7ba79d05,2022-08-24,Central,Furniture,1072.6,-311.12
ab132032-b2e1-4f66-b1f0-2ea8242f5829,2021-10-27,West,Technology,292.85,102.98
e7f2418a-953f-4fd4-a069-4b6d04b51c12,2023-11-20,East,Office Supplies,33.3,507.28
4165964c-0b21-4308-86dc-4e34a9dcfe52,2023-04-22,South,Furniture,849.85,-61.47
3360d115-48b5-4c88-8f63-5f4a2b9a118e,2022-01-11,Central,Technology,597.13,323.04
4572b385-9e32-4085-b24f-92b9ca0841de,2021-01-06,East,Office Supplies,977.14,-434.72
f1f71605-a79e-4626-b707-ac0e0d96feb3,2023-08-23,Central,Technology,1158.63,291.3
a90e319d-637e-4f94-910c-8d920222305d,2022-11-22,East,Technology,97.04,-301.55
e9b1c4a1-da22-4b85-a9b9-2a1d457498ca,2021-08-28,East,Furniture,254.78,579.76
1b9ec5f9-dd41-4a67-9c37-5254a8fc5690,2021-11-09,Central,Furniture,1121.7,-37.92
e226a768-de0e-4c53-8ae0-fd7a04e25132,2022-09-06,South,Furniture,692.9,-133.98
fad3b44c-3b2d-4dc9-a2f3-2faea63fcf12,2021-07-05,East,Office Supplies,1461.06,593.16
b5ae2a56-fa03-4d6c-822f-b2f06175a257,2021-03-20,West,Technology,1308.06,-434.81
7c12d198-50c1-48f7-a764-28c4197fa0fd,2023-04-24,West,Furniture,1692.75,15.59
168885c2-8814-4bde-98db-f732dde4d194,2021-04-03,Central,Technology,1388.06,-19.0
f77fa3a7-802a-46eb-b2e9-7c2d2fb90ccf,2023-06-11,East,Technology,865.56,-129.76
b6646199-ed25-459e-8f89-37fa753e9662,2021-08-07,South,Furniture,1349.2,685.28
ec19e4eb-3f55-4740-8a2d-36a605804493,2022-10-11,Central,Furniture,558.01,476.21
7d6c3d2a-5564-41d3-8e0f-bae18787c3f4,2021-05-10,West,Technology,619.56,-416.9
04b40ac9-2831-4f0d-be90-63fb64b5d9a5,2022-08-20,East,Office Supplies,1580.08,429.09
5afa0fb3-5a16-49d9-af2f-077358c69158,2022-09-15,Central,Office Supplies,898.37,185.49
fef97d57-3c77-4a4a-8d65-4036a00f230b,2021-07-25,East,Furniture,1598.78,671.13
469ff562-8052-4405-ba84-bb5ffa6e3743,2021-01-12,East,Office Supplies,1646.62,-93.17
41f74651-a033-4dad-8fdf-de19cfd835fc,2021-06-03,East,Office Supplies,1716.55,246.41
fffcd743-e3f1-4406-a31d-9c8be0f0fe79,2022-10-13,West,Office Supplies,1834.1,150.98
f1b2f143-078b-43a9-bd88-565ad09a934b,2022-05-17,Central,Technology,867.66,136.43
39bfc9b6-47ba-48aa-b2f9-4b2c8e10814f,2022-07-08,East,Technology,644.54,92.94
6491982b-e5ad-481d-977f-4c1626d658fb,2022-05-11,West,Technology,1168.58,-232.68
bada0c94-1679-4be0-a323-8416a82cae18,2022-11-30,Central,Furniture,748.63,482.42
ad9112c5-f5ea-4128-854d-c3bf61d85365,2023-11-30,South,Furniture,1206.14,86.74
afbffde4-a022-4155-9f69-5d179cc96aed,2023-02-26,South,Office Supplies,1414.12,746.07
92a97acd-3d88-4938-aad6-5b8c3a38b844,2022-09-24,West,Furniture,1379.93,-160.95
4ff85111-f875-4fd4-ad2c-cf42271a919f,2022-03-08,South,Technology,755.36,387.57
72fcc072-544c-4132-9af9-7493e8e46b31,2022-05-29,South,Technology,342.05,722.93
a7087280-34ee-4b67-a1bb-d1838acfd4d6,2023-02-15,West,Office Supplies,866.75,362.5
af1dcfb8-8a96-4a11-94be-6d9f2379c05f,2023-10-31,South,Technology,293.76,632.65
235b275b-dcd2-4b97-b3ca-9a6bccd3af7c,2023-03-24,South,Technology,1781.29,575.73
e60d7a94-b483-4162-b043-a39a4f1a84cb,2022-09-12,Central,Office Supplies,698.3,-31.85
6e18b184-229f-485b-a8d9-1a2086181db2,2022-05-16,South,Furniture,317.37,280.16
c521ff2e-f9cc-43ed-a8b4-5c6afee543b3,2022-05-25,South,Office Supplies,60.64,-296.86
9099a283-eedb-4ce5-a7fe-cdcd2528b516,2022-07-11,South,Furniture,1295.19,196.18
115c42cd-5147-4e86-a875-d40aeac7dc2e,2023-02-06,South,Office Supplies,1277.44,-200.45
b82d40de-f2d7-4d53-8870-2ae78eadda9a,2022-07-01,East,Furniture,687.8,466.86
d6eaf269-514e-4353-af23-7c4d1e4ea133,2021-06-05,Central,Furniture,152.71,186.48
078c3875-ba21-4269-a540-fbfee12ff6cd,2021-09-25,South,Office Supplies,825.16,34.6
f90fb6e4-e150-42f3-9195-8000c3f38c8c,2022-01-31,East,Furniture,629.32,-150.56
4da838b7-6947-4bac-b610-f40d69fe890f,2023-01-01,South,Office Supplies,1357.47,798.31
d25ad576-ef0b-443e-bee0-47627168bdec,2022-11-01,South,Office Supplies,1215.5,-406.78
bd03d33b-eee9-495e-a308-6e48e4e5b5b0,2022-03-03,West,Office Supplies,735.54,-443.37
301c6abf-c773-4d46-a6e6-a84a46178161,2021-01-09,South,Furniture,443.61,-217.57
06b4ed27-2f4b-4be8-a1ac-fdb51b555f6d,2021-01-11,Central,Office Supplies,1976.19,762.39
9df034d3-9caa-437c-bc67-95e2c32fc21b,2021-03-23,Central,Technology,913.46,773.01
9cc3c1f5-9129-4c75-9b08-e5a844511ba0,2022-08-24,South,Technology,1379.67,351.41
3b1d12cf-3b70-4092-98ab-182c3b1d0181,2023-03-25,West,Furniture,289.7,644.14
14588063-5bf8-4d1d-86ad-7920aff7ff5d,2022-11-25,South,Furniture,976.32,-221.85
22538040-7a02-4a6d-87a2-b171b02a06ee,2022-06-09,South,Furniture,64.8,763.65
7800e27a-9ace-43cc-989c-83f68098580d,2023-03-21,South,Technology,1015.86,-314.38
2f191516-5fbb-4da5-a64a-1fe8b646e2b1,2022-10-07,Central,Technology,1928.39,-368.54
794e0838-7dcf-40fd-a330-98edda252795,2023-04-05,Central,Furniture,774.57,-354.12
39ed0800-3179-49f9-a9ed-e760233408ba,2021-07-26,South,Furniture,87.6,245.07
f80443ee-c3b8-4179-a899-4c8408403234,2022-03-29,East,Furniture,71.6,515.27
f3402dd3-4515-45b9-ace9-504b03d7f962,2023-11-28,West,Technology,782.09,-23.33
abdce0da-be0b-4ddd-b8f9-500169bd40d8,2021-03-31,South,Office Supplies,328.45,771.26
345e2eaf-c1fd-4581-b3ec-e6b1fcfd8547,2022-07-10,West,Technology,56.47,64.75
f4672866-ed56-42a0-ad54-ff2b10ee4f77,2021-04-21,East,Technology,1514.87,-304.42
9df79a27-ddfc-4a92-b074-feb3fc5217cc,2022-10-07,Central,Furniture,922.46,105.76
dde4f5c1-532c-4c01-b017-c5337d6ce5c3,2022-08-18,South,Furniture,585.6,382.75
6d744a0b-3f2d-49c8-a338-e5797521aa18,2022-07-03,South,Office Supplies,1801.17,581.89
9ba14c35-0ab5-407f-86b6-020a67a55936,2022-02-01,Central,Technology,241.12,96.4
b85f164b-6160-4399-9307-3198bc3eb402,2022-05-21,South,Office Supplies,1912.28,271.69
f06b6c12-9c8b-4550-a4e7-0f9a501a0ccf,2021-06-15,Central,Office Supplies,634.79,-152.45
8941bdd3-9803-482e-926a-4bd0be125f8f,2021-08-28,Central,Office Supplies,1777.92,339.69
b440b852-e033-400e-a432-62b38675820e,2021-09-30,West,Technology,1209.86,781.76
1bfc270c-8549-4255-89db-ebb5c9739495,2022-02-03,South,Office Supplies,1655.15,-436.23
e0b55615-d3b6-4f1b-b4f7-6d09739cafa5,2022-04-15,South,Technology,1968.19,652.49
3ee79d31-feef-41f8-a0b6-2f900adbc4ff,2022-02-08,East,Furniture,583.93,230.97
fbdc532e-6546-466d-89b1-cad184c9b276,2021-04-17,East,Furniture,1922.66,-172.27
632c817e-8ec5-4d47-8a0c-64e5bc341b4f,2023-03-07,South,Furniture,785.07,741.36
f66c7331-a172-4ee3-83e1-847c8420e0d8,2023-07-04,Central,Office Supplies,777.17,128.36
70869a45-4a8a-4b17-b09a-083a0c9ea060,2023-08-09,Central,Furniture,687.37,-68.8
c60fb252-4df7-42ae-a267-e12b65e5f13f,2023-01-04,South,Furniture,1087.4,-264.05
2a9edda7-761a-4914-8931-b2d4d3def87c,2022-04-05,West,Office Supplies,316.75,-182.21
eb45bc38-9cf6-4e33-8b5f-174b6c267b56,2021-01-08,East,Office Supplies,1111.89,582.7
e7574997-8458-4f73-b0a0-c1cd0df6c527,2021-08-12,East,Office Supplies,1087.99,298.73
a566e884-d473-4687-b6ad-1c332469d0c2,2021-11-10,East,Office Supplies,1526.18,687.22
802b1bf4-b8ff-415c-9727-20fa73a27c7b,2021-11-10,East,Office Supplies,1668.96,-198.44
95dfe6cb-c75a-4c94-ae05-7f791cf8d03f,2023-04-03,Central,Furniture,886.48,-342.52
8be15610-b234-4948-a4f2-ae4cf016716b,2022-09-24,West,Furniture,611.64,-492.09
52ce55e3-69df-45c7-a4a0-053f22a37556,2023-04-11,South,Office Supplies,526.08,160.22
74246baa-2dca-4c82-8660-a3e9736d417c,2022-10-24,Central,Office Supplies,397.3,797.8
e552d0a8-b66f-4507-a588-b999971eea39,2021-01-27,South,Furniture,124.72,403.45
171603b1-7466-4e6f-a1ee-b1f133b1d0dc,2023-03-08,South,Technology,691.47,-99.09
a6091ad0-b114-44aa-92f6-9081400564b8,2021-12-29,South,Furniture,547.79,639.92
29fb832c-cbe6-4571-b622-e18ee83bcc84,2022-05-10,Central,Furniture,1933.17,516.24
17584f23-1fa0-4802-bbb7-1494b7e767d4,2023-01-01,West,Office Supplies,1119.84,-479.96
a25291f3-730b-4657-b4cb-46131d39e9c2,2021-03-07,East,Technology,701.08,561.92
b5103e9c-8618-440d-95d6-a6585ce9dbbc,2021-04-09,Central,Office Supplies,1165.13,-109.32
f9a62522-ca83-4709-ba14-675762538cdf,2022-12-05,West,Office Supplies,287.0,-305.42
28ef2f46-f323-423e-9cb0-c90c82fc9294,2021-01-31,South,Furniture,893.65,-205.77
0b3d6dc9-616f-460a-8ce3-77d760f11528,2022-01-16,Central,Furniture,1256.21,109.15
55cf37ba-e989-45f2-abbf-1e35c4acb57d,2022-09-27,East,Technology,982.91,52.33
dcd81a8b-a8d6-4af6-9f0d-def190c40e45,2021-10-29,Central,Technology,809.54,-124.45
2504fd28-de6a-4459-a980-f6ff266c47fb,2021-03-12,South,Office Supplies,1987.76,-276.12
0d22af35-b648-4e8a-84e7-75b92dca365a,2023-08-25,Central,Technology,1761.83,490.9
baebe15d-4f3c-4771-8edd-2a2a6b69b4ae,2022-04-09,South,Furniture,1250.58,787.14
49ed856e-723d-4acd-b601-e005c4c4f69f,2022-02-20,South,Technology,1143.06,511.13
e606d7c2-1e18-446d-ae42-1840a05f36c8,2021-08-28,South,Office Supplies,1245.11,-115.28
00e78824-33ee-46e7-b5de-feba21aea39b,2021-11-26,Central,Office Supplies,410.61,-181.75
03200c4e-40cb-4188-83f0-fac39f601d17,2023-03-08,South,Furniture,796.32,-217.03
7fa70485-dafc-4805-bf64-85de75699aef,2023-09-26,Central,Office Supplies,88.52,-322.3
9ba4d5a6-0178-4e26-8eb5-57ac8b22e445,2022-10-01,West,Furniture,956.34,216.73
37850b5c-3ce5-488c-be53-d702e1f8d192,2021-04-05,East,Furniture,1090.62,287.02
74283491-79c8-42cb-a8d3-110e96bfae6e,2021-09-27,Central,Technology,463.22,417.15
99e95433-1453-417e-b11e-be6f68ffae17,2021-03-12,Central,Furniture,1928.42,384.28
e1d5c0dc-3ea5-45a9-81ae-c50599a04abb,2023-12-14,South,Technology,1819.81,-119.97
a0ee404f-9ea8-4cb1-8732-68c98c1e9464,2022-06-01,South,Technology,1447.07,-70.6
3527bcee-d343-4f88-91f3-79b18ebb8208,2021-03-17,West,Office Supplies,1071.44,385.97
0e18ab96-25f4-4dd6-af51-ac6e0c85f154,2023-04-20,East,Furniture,1741.24,-45.72
253741e4-0966-4d08-9959-5d27a73d2746,2023-08-08,South,Office Supplies,270.0,-223.59
93fde248-aac0-4912-884d-7822da948e70,2023-04-11,West,Furniture,1583.11,-13.36
54c3b22e-4c66-4a4d-9a70-ea8ad6881d3e,2021-12-13,South,Furniture,258.39,-146.29
1be00f8e-0c8d-41d2-9673-aefbeb9e54e0,2021-02-17,West,Furniture,1590.48,-385.19
294d43ed-2da1-4fda-be65-6dcc6abdb05a,2023-08-04,South,Office Supplies,558.78,579.18
a9325ae1-9c70-40da-88cd-29c5ac0e1f71,2022-03-08,East,Office Supplies,1755.41,609.04
92811c92-984f-4323-b329-2925b107094e,2021-04-18,South,Furniture,1888.64,-214.32
f75efed8-2d6b-4953-8fea-d84ec98cfd48,2021-11-27,West,Furniture,306.1,-415.8
5c3552b3-9437-4280-bfd4-67e77491050c,2022-02-23,Central,Office Supplies,930.72,460.48
c4bd338e-17d7-4fc0-892c-d030ee757637,2023-11-04,East,Office Supplies,1962.16,-225.01
e5c482ff-5e5a-40c1-92a4-73f94c9e903a,2023-06-18,South,Furniture,971.98,11.47
c2294116-1152-4a73-91fc-dedd61022b56,2021-01-19,South,Furniture,1728.46,-416.62
109efb40-8ceb-4c57-97e3-23cf6d651847,2023-06-27,Central,Furniture,1181.58,-205.85
1f3cea1d-2271-47ca-b887-73ed4af715b7,2022-11-05,Central,Office Supplies,756.91,530.77
54470290-4640-4b2a-9c02-28afb1d29457,2023-09-19,South,Technology,578.71,545.72
35b86d0a-864f-46dd-a9ec-09d586eced99,2021-04-13,West,Office Supplies,414.41,-230.79
0ee52f63-9caf-4df1-b584-5d71b221e1c5,2023-08-02,East,Technology,1525.98,-63.31
fab6ad91-bacf-4cfc-9245-1cc41bfb3b3d,2023-01-09,East,Office Supplies,779.22,-325.49
16718639-fcb8-4f9e-8769-0baaa104bdce,2023-07-16,Central,Furniture,1027.44,-403.58
9ad2bb72-b04b-4584-b95c-ec2d7bd15655,2023-01-24,West,Technology,989.73,789.82
b4f136fc-fc7c-4e71-89c6-7b51ef13864b,2023-06-14,West,Furniture,1158.79,352.27
d90949aa-9bdd-4d7a-ad53-628b49851b79,2023-01-27,West,Technology,1732.5,204.73
933c8d00-8680-4a0b-8279-1490510564f9,2021-07-29,East,Office Supplies,1961.67,495.15
ed56c714-5a96-41f5-9f8c-eda5feb9ea24,2022-02-28,South,Technology,821.09,592.1
7f13de67-9008-4dc9-9d42-1bae2134e15b,2022-06-07,Central,Technology,1656.76,548.73
7f6bf62c-a1c1-4b96-baab-d9f2850b7073,2021-08-26,West,Office Supplies,1531.41,-478.5
e237c877-2e0e-4673-8ed7-cd177e14c595,2023-05-13,West,Technology,1151.32,-257.15
4a5d6cea-b565-464e-bb93-a53f9c02040d,2022-02-22,East,Furniture,1912.53,351.38
1e42d2b8-0067-4b62-b18c-d979fab0a15d,2021-06-20,South,Technology,408.94,-11.51
cbf6aa23-a01e-41f5-b702-beba0623ffbf,2021-11-22,West,Furniture,227.44,777.23
3513a238-d91b-4a04-bcca-ba381e30614f,2022-07-18,South,Office Supplies,1709.38,365.03
6a25542e-ffbd-4cdd-9d84-d303ccb03fc5,2022-08-28,West,Technology,883.91,743.51
5982aa44-5573-48cf-8ba5-605069fe99a9,2023-08-05,East,Furniture,1695.47,-238.12
365bc763-a333-4ea8-8e58-de208f7763e0,2022-02-24,South,Office Supplies,1787.25,623.14
b0a4f557-3381-401f-a3ff-8fd202e460aa,2023-03-30,East,Furniture,134.29,-82.24
115db44f-ca4a-40bc-8121-81a34818b004,2021-01-21,Central,Furniture,1768.09,786.43
8ccc617e-81b6-4951-8cdf-697f4eca2e96,2022-04-10,West,Technology,902.15,-295.0
1d2467e2-0191-419d-845c-3fbb52ecac27,2022-05-09,West,Office Supplies,1025.76,171.24
65637d1f-5763-4902-9552-0712af92ef22,2021-03-07,West,Office Supplies,1256.92,530.7
f5c9f459-9db1-4d5e-91a4-d796b9720eec,2022-12-22,East,Office Supplies,1853.5,62.44
31ab0158-2cf6-473b-9500-c14707743c94,2021-11-14,Central,Furniture,48.04,108.51
ec1a86d3-5683-4783-9575-9337549c9eb9,2022-07-04,East,Furniture,958.92,782.26
7978dc84-ea89-4979-baa6-d6eaac273009,2022-08-10,East,Technology,1378.57,52.9
22c0c475-a549-46d0-891a-5875cc18dd0e,2023-12-10,Central,Technology,1448.19,285.29
75eb0e8f-a090-460d-a7c7-655a7b434a72,2023-02-04,Central,Furniture,1388.14,-429.1
e55b93ad-8976-4471-9d7f-57d1e45def26,2022-04-10,South,Office Supplies,277.53,594.87
d06d3943-c8b3-415e-b664-704355c9bf0f,2023-03-03,West,Furniture,605.8,342.62
0e5779ec-be1a-470f-ad83-a4c869f8d3e4,2021-01-22,East,Furniture,723.84,25.23
90a014ab-4ca1-4abd-8565-0e0bd5c97d5d,2023-06-10,West,Office Supplies,1610.83,-478.98
8e2017e1-50c4-4b4b-ad9e-5c1eb9974024,2022-05-16,South,Technology,564.73,269.17
93d054e4-3550-407e-84ca-bb38892fca69,2023-02-14,South,Technology,429.3,-483.54
ea8b31f5-ccae-48fe-94eb-8e20af7c7d2b,2023-09-22,East,Office Supplies,1915.32,-498.44
10f35676-5a85-4cd8-8bb8-6be0e355e636,2023-09-20,West,Technology,27.64,300.93
d73aae7b-47cc-4a66-a638-d8bef83893a2,2021-12-13,Central,Furniture,1995.66,-254.28
600fc79c-fbce-4087-96d2-b14d07faf6f7,2023-06-10,South,Technology,1356.87,-250.55
2a7cf9e9-d7a7-47b1-88c6-2063a06303ca,2022-01-26,East,Office Supplies,1658.65,349.25
2ff8107a-63ba-4d86-9b0e-70ad922bda48,2023-11-18,West,Technology,596.29,-430.19
c847b130-dd56-430e-9de9-87a2985e7e89,2021-01-30,West,Office Supplies,38.49,-92.57
db9a0eb7-b48c-431b-8eeb-87ffc064f074,2022-06-08,South,Furniture,1478.36,-305.74
4580dac2-0818-4965-b5b8-135150830841,2023-06-27,East,Technology,1669.95,254.23
e0864418-7f3e-459b-9638-613769f35b2d,2023-09-03,South,Furniture,1483.55,360.29
d4575305-73b0-420d-9f20-19ea3cd61f5e,2023-05-03,South,Technology,294.27,437.48
866cfb2b-3754-416f-8d79-132cf362d408,2021-03-12,West,Furniture,1509.32,-168.2
5fcc997d-1cbb-404b-accd-a2af4d64bb63,2021-08-07,West,Furniture,1540.16,-383.98
33bcb8a9-c71d-4564-8992-b886c8f216c1,2023-10-19,South,Office Supplies,1320.5,-397.71
8188de48-719b-4dd6-97b4-e75be9d18ec2,2022-11-03,East,Technology,1534.57,54.0
e7ab2ef7-7b8f-409a-8c8c-eba90662200c,2021-01-02,Central,Furniture,1693.38,729.6
5711d5fd-30b1-467b-a771-a42280038f26,2021-09-19,West,Furniture,1231.07,-216.95
dfb68a5f-bb81-41f0-bbc4-d138ec737598,2023-08-17,South,Technology,186.32,-166.24
53cc6b95-c689-4836-8f73-ab1c860c7b68,2022-01-25,Central,Office Supplies,980.38,-368.84
192703a7-df2e-47e7-84fc-bb8424aefbea,2022-02-24,Central,Furniture,164.52,287.24
84222f58-f022-44af-bb76-4637d277ab64,2021-08-17,East,Furniture,821.01,383.83
3487246c-21f9-4072-be22-eba1ad3d581e,2023-10-08,West,Technology,820.14,335.81
6338fb29-7599-4b0a-895b-81d6b97d7617,2021-03-10,West,Technology,141.36,619.47
1da76d69-85b8-44d4-9d64-3387b6b38fbc,2021-12-29,West,Furniture,704.15,132.35
0b458c23-eead-490c-8f9c-78bf010d583f,2021-05-20,Central,Technology,230.89,-325.21
df3334c6-9823-4b06-991e-a7e6afe2a940,2022-07-04,East,Office Supplies,1618.39,-123.77
e3a1af97-7785-4ddb-9552-7a3c164a9b18,2023-04-05,Central,Office Supplies,1895.9,361.16
c4246277-8544-44ab-9a64-f27d0bcfd0fc,2023-07-22,Central,Technology,153.91,297.06
05c14422-4ffe-4dfd-bedc-acb7a8b331a0,2021-08-06,East,Technology,1910.68,190.3
a38bbaa4-4fe8-48d8-822c-a6a893daf60d,2022-05-31,East,Office Supplies,1049.93,387.85
33579b27-5225-474a-b5b8-726ce462ff64,2023-03-20,West,Office Supplies,606.14,328.61
88433a38-46d2-4109-895c-7ac8314aabdd,2022-03-12,West,Technology,162.96,645.72
abcec90f-70ec-441b-85d5-601651b3ccf5,2023-08-07,South,Technology,1006.24,261.82
2851a8be-2639-4214-85cc-aa931e1e5d91,2021-01-28,Central,Technology,1591.09,512.18
f5530567-03e7-4d21-9d4d-46d6460d113d,2022-12-30,Central,Office Supplies,1417.1,-176.68
1a354475-8399-4ac5-8f43-a2509f795228,2021-10-25,Central,Office Supplies,109.95,381.64
8ca33a54-59ae-4302-8ae3-297e34e24142,2022-04-30,South,Technology,155.07,672.85
f17aa7a9-243d-416d-8563-abbe51883a26,2021-08-27,East,Technology,811.72,1.45
92f71993-4884-4b5b-8dd3-214cb4508610,2021-03-05,West,Office Supplies,597.63,512.84
4fb67094-123c-4911-abd8-ad4d3eacdb28,2021-12-20,South,Technology,472.44,442.23
8a6342ca-56b7-479e-a46a-0b429cfecbd8,2021-05-30,South,Technology,569.2,-422.62
076c108d-214c-47b1-8cfc-64207192e443,2023-05-26,South,Technology,1608.93,255.96
0ceaaf73-aced-4d55-a73e-2bc578822064,2022-11-15,West,Furniture,1859.16,-330.75
160beed4-0dc5-442e-a233-960a1b1e06c3,2023-10-31,East,Office Supplies,816.15,757.51
b465c027-2dd1-445b-a454-a82a6d2cdbf9,2022-12-16,South,Office Supplies,1813.16,554.83
a124fdb2-97be-4f31-a42a-a836989b68c0,2023-01-02,West,Furniture,649.78,-357.36
7222534d-b309-4e0d-b0ac-0677d60f8680,2022-03-20,South,Technology,958.11,-341.72
5513b74f-4ffc-4c54-9b0a-31ea9dc6d783,2023-04-08,Central,Technology,459.8,272.82
c226ab53-b680-473b-b2b9-c542d143e0a2,2022-11-10,Central,Technology,1284.55,-51.64
141b9098-8892-47fe-8f2e-45efabbe274a,2022-12-17,Central,Technology,1958.17,-454.62
c3b1927b-c178-4e77-ac3b-9258f943375e,2022-07-18,West,Technology,1210.95,204.13
17c95aaa-21bd-45eb-915a-a3c07737cfb5,2023-08-06,East,Office Supplies,722.05,4.2
b2d7692a-eb70-4da9-8d66-d79dd0170108,2022-07-22,Central,Office Supplies,1299.16,-368.6
4f75d45a-74a1-4a0d-98e6-3a5577e0ee02,2021-06-26,East,Furniture,254.61,542.5
c438eae0-b5d0-4595-a4f8-9e23af39f2ce,2023-10-17,Central,Furniture,1778.43,689.6
f28bf846-3b50-4fda-b875-b1c777243aa3,2022-04-25,South,Technology,1011.14,483.57
e54ca6ca-dc70-4e22-a4ca-f1b8394a97fd,2021-04-14,Central,Office Supplies,904.21,569.15
5d0b042d-e9b1-4c76-820f-beef9defeab9,2023-03-09,West,Technology,1175.87,-218.56
ead1d758-b319-418d-aef0-3a1b645f273c,2022-10-23,South,Technology,1253.32,-157.36
dc5cd673-c9ed-46a6-9490-5f79aa4946f4,2022-02-20,South,Furniture,152.83,-228.91
7ccd3dc0-740a-4bed-9323-8affe1e538a1,2023-12-03,West,Furniture,1368.41,494.58
1ce62a9f-79af-4348-90bb-c60d07bf63ee,2023-03-23,West,Technology,491.44,732.29
d8842354-7613-4f44-ba88-f16259f8068e,2021-09-04,West,Office Supplies,1430.77,431.89
593edc83-c497-40a8-8842-04d52bb9a661,2021-11-09,East,Technology,1646.84,645.91
8208fd42-209c-44a5-931e-1d4d9abc9859,2021-01-06,South,Technology,1609.88,330.31
b6da99cd-d14b-456c-a7db-09431a59c3eb,2023-02-18,Central,Technology,1109.48,3.96
8e5fd65f-536c-42d0-9b63-205fcbf85149,2023-03-22,South,Office Supplies,1045.14,53.49
4d579d00-cadc-410f-9228-130ba64272a2,2021-07-20,Central,Technology,294.32,-402.08
972d5d57-669b-4896-b602-72ba8862036f,2023-07-31,South,Furniture,1552.94,-459.11
3e628981-9ef1-474f-bd13-452669d75427,2022-05-13,West,Technology,550.1,404.12
7b7ce7cc-f950-47fa-a8b5-8db58c466308,2023-09-24,West,Technology,998.42,69.96
354f184e-5739-4b03-90e9-4dce6241cba3,2023-03-19,South,Office Supplies,575.71,217.88
6e5fbf71-9749-42b0-b1ad-e82ad05cc78d,2022-09-08,Central,Technology,276.32,224.96
9134c0b7-6f73-473b-baee-bacdc8c8ccf9,2023-12-18,South,Furniture,1262.82,-139.41
b1b2b5f8-8b66-4d1f-979a-7954c98e3f5b,2023-03-10,South,Furniture,118.12,118.66
ab6b3f08-a9a0-44ef-ac4f-54163c749c16,2022-03-06,Central,Office Supplies,1499.8,111.99
b63fa809-ee4d-4dec-bd47-288513f0e33f,2021-06-14,East,Office Supplies,642.0,4.96
1d444351-7c93-4dc3-9635-212d92fe00e8,2023-06-06,Central,Office Supplies,10.27,566.88
534bfa86-7681-4ad7-9898-6758979800c3,2022-10-15,Central,Technology,1027.15,86.51
71f9b0e2-d270-4a52-98ff-d8ad8e1a3a51,2021-09-05,South,Technology,103.24,284.74
67e2189b-f4b4-4704-8edb-6dc82d19bd52,2022-01-16,South,Office Supplies,559.58,664.18
af7d7f21-1bd6-403d-9927-839b11d1ce50,2023-10-02,West,Furniture,1416.88,626.1
d1e2b878-c576-426d-98ae-0666d066ad21,2021-12-08,West,Technology,134.75,657.55
a51e01ad-7e8a-4078-93d1-06cb61004ffe,2021-09-19,West,Furniture,1680.28,-148.99
37b567b4-172d-4bd0-8fbd-4c81a9008ecd,2022-10-29,West,Office Supplies,17.6,-454.52
94ad345a-e323-4264-a390-0c1dd1291d13,2021-02-18,East,Technology,501.18,-160.61
cf51a203-a2d9-49ba-8146-ed52e73bc913,2023-09-26,Central,Technology,1484.4,-137.68
a92f85fe-258f-4afc-81cf-d878000c14a5,2022-07-15,South,Technology,639.38,682.17
4a9ff50e-8800-41b6-b3f6-21a826330c43,2023-05-03,East,Technology,212.77,344.02
7279101c-93f3-403d-9d96-232d63d5e750,2022-08-09,Central,Furniture,726.87,-393.78
e09ef2a3-ae77-4249-b4a6-3e7632173525,2023-08-26,East,Furniture,548.08,-324.01
cb5a4d77-91fd-427f-8cbb-7460510c8c48,2022-03-11,Central,Technology,1687.0,-297.62
eb22ec1d-4df6-4f4f-adf7-92ffe9c7c13a,2021-09-15,East,Furniture,633.56,319.55
b7c12a4c-6f4a-454f-afca-07aef17e4a71,2022-12-15,Central,Technology,1579.98,456.04
fd8398c3-5821-49f8-aa45-2afdfb8a61eb,2022-10-15,Central,Technology,1784.83,617.54
9c8aa872-0214-4a68-952d-986c16db8a18,2023-01-17,West,Office Supplies,873.3,722.83
d8feb8de-6779-4b58-82ab-23a0fc862110,2022-03-31,East,Office Supplies,1820.79,-237.78
0ffa2366-4b4f-4faf-9a3d-c78020a77d78,2023-03-14,East,Office Supplies,760.86,-97.3
f7c8435f-8c83-4c68-a6ac-e59a5e85643c,2021-11-22,East,Office Supplies,1928.52,-187.58
8f5e248e-b40f-440e-8037-447f0d99c071,2021-06-03,South,Furniture,187.69,-33.61
1c153057-5bf7-44cf-ba8b-d601d21ce315,2022-11-20,West,Furniture,1377.17,689.06
07fbb920-dd9d-4e4d-883e-dd69dc7abd16,2021-10-26,Central,Furniture,992.69,247.65
9714fadc-b3c4-4030-ae84-e8323c38c3f0,2023-12-24,East,Technology,781.42,459.65
b636cc4c-5170-4a8a-a00e-0b6064eec4c1,2021-01-04,West,Office Supplies,1269.1,137.16
6f689d65-61ae-4f21-a7f1-c18b61fe800a,2022-08-20,South,Office Supplies,1410.68,-462.48
2c649adf-a998-48e1-b612-41be8b8ce7be,2022-09-18,Central,Office Supplies,18.68,-416.55
8e301bcc-302f-4247-a39a-046d79912c51,2021-10-10,East,Office Supplies,342.24,199.3
5c3bd3b5-ecaa-4afb-97e4-527a6274d240,2023-07-07,East,Furniture,1428.96,434.43
49d93a08-277e-4fbc-aacf-f20fd707cb6d,2021-11-28,East,Office Supplies,1336.11,-220.07
2023fd4b-ab89-436b-9f6b-9b3fff594778,2023-10-18,West,Office Supplies,1932.43,438.48
a5fcd671-125d-4206-82f8-65f8226001c6,2023-09-25,East,Office Supplies,1524.47,553.87
e288109d-b8a9-4014-a4dc-ea0704056d2b,2023-11-25,Central,Furniture,1902.04,35.47
f997f697-6fcd-4f50-a86d-e2517c98756f,2021-05-15,West,Technology,1408.06,470.35
2320de16-15ac-40e4-a2c2-3308fd7ee75c,2022-08-01,West,Technology,603.12,25.24
dc32f8a0-6a75-40e2-8e52-309da46a07c2,2021-05-24,East,Technology,219.68,381.86
b2051cec-c9f7-469f-a4c1-d21074be4b20,2023-04-03,East,Furniture,1565.83,493.2
9f8d367d-6cfa-42dd-ae28-dccd9abbe46b,2021-05-21,West,Technology,1291.86,789.5
6c936f69-8269-441a-b453-30442e07336d,2022-12-30,Central,Office Supplies,105.89,-50.98
627ca9f7-7336-4302-91f0-33748d532691,2023-04-21,Central,Furniture,726.5,34.35
6cbdd931-2f90-4058-b9ca-28265af56a23,2023-02-17,East,Furniture,1914.03,-284.69
7f8736f1-93f3-4702-81e6-ee9a9ac55023,2021-08-21,West,Technology,1005.8,-234.71
b64e26cf-3c9b-4542-bb1d-23a8d8c823b0,2022-04-04,East,Technology,871.13,401.41
ed3353fc-692c-4aae-84ed-98e280714c8a,2021-08-16,West,Furniture,920.82,692.16
0890f506-5df1-4f6f-938b-d3f88bd18d4b,2022-08-16,South,Office Supplies,425.68,12.99
7bb775d4-9172-4023-89b1-85d6fa6d81ee,2022-07-17,Central,Office Supplies,743.73,-266.2
948c7eb4-1cf8-470b-9e5b-2ad8b4732eb6,2022-06-12,West,Furniture,745.93,-129.37
147f0413-b0c4-4ddc-b634-71f87b45bd9c,2023-05-25,West,Office Supplies,114.19,91.57
86c2ad8f-bb36-47b0-baed-6f49245fd841,2022-05-01,South,Furniture,1537.46,-122.15
c02627d1-fbd1-40c0-9bfe-679afbcbd6ec,2022-10-06,East,Furniture,838.84,-196.35
8456ce4f-7706-4136-8788-17ecc764032e,2023-08-26,South,Technology,1646.14,456.78
9c2d9672-e3d1-403c-85fa-b5ea14072edb,2023-05-03,West,Office Supplies,1702.19,-489.8
a1731ed8-78f2-461c-bec7-7a8f16a46b83,2023-07-12,East,Technology,431.87,201.0
ab310bfe-f5dd-4f92-a9ea-a9ffbddf2416,2021-02-06,Central,Furniture,1318.13,531.9
8a08d40e-a239-4ad5-af1f-798c13fd2d26,2022-10-16,South,Office Supplies,949.84,-153.9
9cf021b8-4fff-4b59-9462-8786cc502a89,2021-08-26,East,Technology,1761.51,284.28
88f7f097-57f2-445f-a751-5d4b0d829d52,2022-01-01,Central,Furniture,439.32,369.57
743b9f71-7807-4947-82c2-b367c74d8df0,2021-07-27,East,Technology,1358.85,351.53
92ef63c1-781f-4d3f-a7f3-39dc833de3ad,2022-12-16,South,Furniture,1219.43,79.6
5a589b67-6bc7-4635-94de-19cdbbdb4536,2021-08-13,West,Furniture,597.65,-49.45
4b6c14e4-cc58-4b60-ba4e-8355f5e8a7e1,2021-12-08,Central,Technology,281.84,586.7
b1eedf64-090b-43ed-aae1-d0bc4a099088,2023-10-13,East,Furniture,1306.76,485.98
4dd7962b-bfda-45c9-98fe-b4f3ec40d95a,2023-01-06,East,Furniture,1479.81,-82.37
42ac66dc-904f-4df7-88f7-2c2dba1ad160,2021-07-04,Central,Technology,638.1,-366.08
94010dfe-7921-4c7c-a119-ceee0fb91307,2022-12-01,Central,Technology,1293.22,-406.65
a8049463-0d36-45e4-92a6-f3e62b48c6e6,2023-08-29,East,Technology,796.31,-377.44
bcc4f0db-cf13-4b3d-8ab0-5699fd888cbd,2023-02-20,East,Furniture,1429.28,257.73
7c193e6f-496c-403a-86fd-01e69fd33d40,2023-06-19,East,Furniture,406.44,-432.84
13ad3ead-816e-4f32-a077-5ce4151f62f9,2021-02-11,Central,Office Supplies,1781.53,-62.0
408669bb-4721-494b-88a4-ae21d9f850e9,2021-08-24,Central,Office Supplies,581.95,479.16
4674a0eb-47ed-46dd-9da4-ec0f21ee0f6c,2021-09-24,West,Furniture,741.89,-117.35
bdce4d4d-03a2-4ee9-81c7-d9b3db9c9b7c,2021-12-21,West,Office Supplies,125.6,492.3
e8fe6095-2cb3-4e23-9a94-0c6c1c8e806b,2023-01-03,South,Furniture,231.91,469.11
a8be6c80-26b0-42c9-bd2c-f4eb977e3f2c,2023-11-22,West,Technology,1036.57,-180.42
2ce6f908-cece-45d3-9ea9-09ef7257dcb6,2023-06-10,Central,Furniture,542.51,447.47
3c775558-b365-4b7c-8853-bc5542e17302,2021-03-29,West,Office Supplies,1672.61,472.11
8702f4ad-cca3-44c4-ae49-82cf7c239ebc,2021-02-25,Central,Furniture,39.24,16.69
fbec1ed8-57c4-42c3-8878-9ef0dcacfa54,2022-10-28,Central,Office Supplies,764.4,-226.45
987593c3-2523-42f6-b7a3-f6a6159b558b,2022-05-07,Central,Technology,681.32,177.65
d66de2a1-2776-44d0-925c-7d37ef16d03b,2022-02-28,West,Technology,48.46,697.82
69b6f3b7-fe5b-4fc9-80b4-f6d67ef6775b,2023-04-23,East,Furniture,257.49,331.5
a9217ddc-3cea-4f89-a217-3b7fc536d2ce,2023-09-03,Central,Furniture,833.15,-275.2
2ad3136f-a338-47fa-b9db-138870aff6eb,2023-09-18,Central,Furniture,990.8,387.58
d7825ea3-bbff-46e9-93e7-e89335fab528,2022-11-27,East,Technology,814.54,55.36
43af6c46-a46b-4932-8de8-4b635856e1fc,2021-03-28,West,Office Supplies,1066.57,268.99
0d722918-1db1-4e86-91cc-c8d3c1676505,2023-11-09,East,Furniture,1194.31,454.28
79ea5621-6614-43a7-b6c9-aeb22ae7dc19,2023-05-08,West,Furniture,29.75,169.43
f2c0a0cf-bf03-48c2-b9ec-958b4d266574,2022-03-12,South,Furniture,933.55,558.18
3bd13a43-8853-490b-ac26-4a0cc09f1c91,2022-12-25,South,Technology,1927.36,438.8
63dba8c8-b4a2-4699-aefa-823b613a9ff9,2022-11-25,South,Furniture,1042.87,299.6
87cb0e2a-2528-4a1b-833b-66fc797eb3e4,2023-06-22,Central,Office Supplies,1358.31,-303.97
49ee4969-0309-44c0-af4a-bfccdeca8598,2022-05-17,Central,Office Supplies,630.61,586.73
61cb0527-72e5-4892-8c1c-7204ed5e749b,2023-12-29,West,Office Supplies,1550.24,716.68
87beb021-f636-44f5-90d0-f83dadb1be7a,2022-02-08,South,Office Supplies,1548.11,-321.95
18ecde2b-0a80-4167-b4b3-f20eaed0fb57,2021-04-20,West,Office Supplies,1047.38,134.71
5a947a40-a32e-4ab5-8802-d74aeaef2ec2,2023-09-02,Central,Office Supplies,1952.27,-163.44
9c48c830-6e89-44f4-9820-10d1f4c873a7,2022-11-23,West,Technology,259.84,480.88
45c87f41-dbbd-4290-a6ed-caddeb04cd29,2022-10-16,South,Furniture,43.73,438.12
cd649aff-445f-4de1-8534-17b555c06c8e,2023-02-11,Central,Technology,1542.61,-316.85
958c9cfd-a783-4a8f-815e-38051928aae5,2022-05-03,South,Technology,1616.24,640.14
acdfe0ff-c5ed-4982-b60b-36736422a73e,2022-05-03,West,Office Supplies,249.21,-264.74
ac00f929-bbfb-476c-bde6-67f9bfc46c0e,2021-11-11,West,Technology,538.51,536.44
851b9860-31e6-4645-853f-4f7e96b6a287,2023-07-11,South,Office Supplies,44.93,94.07
fe43541a-b0b6-448c-ad7e-eff756604762,2023-03-27,Central,Furniture,593.68,-73.25
02b53d3d-8c30-463f-9032-739c2e0f0484,2021-05-01,South,Furniture,1548.55,-294.29
11654cb3-d4e9-4a65-822b-7e76ac3cbe34,2023-04-27,West,Furniture,1040.74,-282.1
8677b81d-1902-493b-a947-9974030fe73e,2023-04-21,West,Technology,702.71,360.46
59fcfaeb-7229-44a9-af7c-e6091a99aae0,2023-08-28,Central,Technology,749.76,215.56
407c4370-4886-474c-b9aa-06f5382bab11,2023-12-01,Central,Technology,12.69,-341.29
9e90d107-0611-4bfe-88b6-f61d316da914,2021-03-03,East,Office Supplies,606.6,-353.49
98197749-f041-44f7-8e8f-d00b178976de,2022-12-04,Central,Office Supplies,1296.45,-406.0
3781d306-d5e0-4664-a4db-04c8a8174c85,2021-11-23,Central,Office Supplies,1948.65,466.9
1f2da344-a359-4667-9971-4b2bf3533e8a,2022-12-20,South,Technology,1695.65,425.45
161d6acf-1eb6-41f0-b532-1352b54468e4,2023-03-10,Central,Furniture,56.95,-424.04
603ecfef-2141-4a14-9acc-b00ddb3fb4a2,2021-04-14,South,Office Supplies,1798.14,228.35
a5dd2836-e65f-49fa-838c-2eafa8097a77,2022-07-02,Central,Technology,1568.56,-389.92
2f4cfefb-f798-48a2-8d9e-84ec90e9e294,2023-06-25,Central,Office Supplies,1562.95,674.87
2f2bdc13-b216-4b5a-9c60-57fee5605cfb,2021-04-11,West,Office Supplies,921.41,679.25
a9151364-778a-469f-8b68-d94d40da9c7d,2022-05-13,West,Technology,802.03,407.7
7414e3e1-a387-4e92-9362-0119efa9a0a3,2023-02-07,South,Furniture,612.8,704.05
c4f4b844-46c1-42a5-bec8-8839ec35c3de,2023-07-25,West,Office Supplies,140.73,554.89
aae6787e-e744-4a30-b135-6d676d4ec8a4,2021-04-01,West,Office Supplies,464.19,577.1
41e0cfaf-52ca-4ced-8526-8f0fc516e394,2023-05-17,South,Furniture,500.74,240.62
46fc4ff2-12f1-48bd-87de-01a929769b0f,2023-06-22,West,Furniture,973.31,-102.12
637aa999-61ff-4d9a-8ff8-9e8ac6f06a71,2022-04-15,South,Furniture,1497.41,-216.86
421becca-0f60-40f3-bef7-24105528dc45,2022-07-29,South,Office Supplies,952.88,-74.64
2d8cc973-43c1-436c-9013-b7a3f4a29332,2023-03-04,East,Furniture,125.11,317.04
fabb6609-7de1-4a85-91c4-194a70c98336,2023-08-04,Central,Furniture,1916.0,-275.55
6483b0e7-9c3c-4e9d-b35f-0d14edb7d4e4,2023-09-02,Central,Furniture,1886.02,-163.77
1bc2197e-7df7-4791-a53e-62ba2dae62c0,2022-08-30,Central,Technology,1572.53,108.48
6e66a273-c4ca-40d7-8a66-de6724d4d5a3,2021-09-18,Central,Technology,1982.74,-197.03
1b332e43-a4b1-4f6a-9d2c-e51b37e82d71,2022-09-22,South,Furniture,1093.52,265.24
424d9430-b724-49b7-b10b-7fa9e9a0c20d,2023-05-05,East,Technology,1925.91,700.13
12068ad6-12aa-4a4b-88ec-a4c81a71064d,2021-11-23,West,Office Supplies,160.45,472.52
c6f903cf-4027-4514-ba40-662f9243a301,2023-02-25,West,Furniture,737.7,366.35
7f695b97-e581-4601-84cd-c4e87225539d,2022-02-14,South,Technology,458.51,257.54
0038dc84-a3ed-433a-a722-2ea2261b5048,2023-05-06,East,Office Supplies,399.71,134.33
63f6bf77-aa23-4ba2-89af-9883eed21f94,2023-03-06,Central,Technology,290.2,-257.47
546fcba3-b336-4143-a6cf-bf5144352e6f,2022-11-20,South,Technology,1248.6,663.12
00f2baa4-931b-4fae-a42e-3a16e79503fb,2022-10-01,Central,Office Supplies,1564.83,-176.9
c55fa445-f09e-4302-b525-a4d983f023fd,2021-11-16,East,Office Supplies,1160.81,-381.3
6766d37b-6fa1-49a5-ba67-58707d9d2b3b,2023-03-27,West,Office Supplies,302.46,475.02
cff14c0e-c7eb-4d43-ba4e-f72fd8139af7,2021-02-05,Central,Office Supplies,1624.14,-271.7
39d11950-8a45-402e-91f2-0d9bc90ec689,2021-08-30,Central,Office Supplies,1275.55,-16.54
b0736dd1-f443-464c-a269-9a4400d8c046,2021-01-27,Central,Technology,782.45,-463.23
1f0733df-7b68-4323-87a2-ee6fd166eb08,2023-12-01,South,Technology,1351.52,-321.81
fdd99681-ef5e-4ca5-8909-b0039136e530,2023-01-15,Central,Office Supplies,527.21,-274.84
4d862412-ae8c-497b-955c-4e185be2124f,2022-09-12,Central,Technology,696.93,-429.27
ff3c6d4e-a1dc-4cab-8e21-3ce5668eb10e,2021-05-04,East,Technology,1835.8,353.65
5d87edd2-1735-436b-a5a6-ab3af5757b77,2021-08-23,South,Technology,588.1,588.11
570e5af5-f5ff-4705-9a74-a05688dd44cc,2022-01-05,East,Technology,945.28,-14.69
c2ad0d97-75aa-4cb0-9757-ad381498d0dd,2023-07-12,Central,Office Supplies,1781.38,636.95
33ffb402-a5d5-4bf9-8a3a-bb3ac439dfcf,2022-09-13,Central,Technology,1418.37,-222.65
f7aeede8-0a11-4bac-8df2-1ad52d36db7e,2023-11-25,Central,Furniture,133.78,-76.99
4c82c445-30e5-4543-a925-de8562588ce9,2021-06-18,South,Furniture,303.13,-304.04
1b552618-e57e-42d3-a3dd-e733b225574e,2021-10-08,South,Office Supplies,25.6,306.73
7c8b7f1e-5bf8-4967-b057-fcd4a1701e8e,2021-06-27,East,Technology,1265.53,45.83
701fb3ea-a1fe-4bc6-a29d-650a15b98c20,2023-09-09,West,Technology,900.87,297.27
092385fe-23d3-4d22-b080-bed6bc3e34af,2023-11-04,East,Technology,277.21,490.18
ff12fe28-b840-4136-867e-4b72316e8645,2023-07-26,South,Technology,1916.29,209.41
638644e0-7d3e-4830-bd0d-5c8f97cb4585,2021-02-13,Central,Technology,1064.02,315.92
a4b65cfa-8a61-4e64-8af0-f442102048e6,2023-09-09,South,Furniture,491.37,715.83
f7073712-88b0-4b77-bfeb-4cf34ec77371,2022-06-03,Central,Furniture,1006.2,-111.22
f7716700-7305-4d23-8fd0-b040d5916d49,2021-05-18,West,Office Supplies,1362.44,-33.09
56db638a-097b-4119-8433-fd20feeef3e1,2023-05-01,East,Office Supplies,161.72,433.01
b8943df8-c9ab-4a91-9674-b9e20e5995aa,2023-04-30,West,Office Supplies,556.66,294.7
36308a60-1e41-42bb-a7cf-5ce00af5e4a9,2021-06-04,Central,Furniture,1615.86,-267.91
85eb2b3f-aad5-4fb8-a762-b59cce9e5929,2021-08-29,Central,Office Supplies,924.73,-11.01
dec56dc3-ad96-4213-b0a9-b97f7557c28c,2023-05-31,Central,Furniture,1097.69,108.19
bdb58d06-2621-432d-895c-167fdfcf338c,2023-10-03,West,Technology,871.3,45.21
1270c935-ecc0-4aa6-bba4-f2ba94500024,2023-04-19,East,Furniture,97.36,-268.24
7d283421-243f-45fe-bc47-16ad0970d09d,2023-03-24,South,Technology,339.84,701.76
e83cdff9-78a1-4988-84e1-502aa76180c7,2023-09-27,West,Furniture,896.63,491.01
3e20718a-0bb9-48f6-9e4d-a214eb034c4e,2022-08-25,East,Office Supplies,426.28,125.76
03ad702e-216a-4bcf-a616-dde4b388300a,2023-10-16,South,Furniture,109.46,384.08
e797f3ae-0cca-4c05-a1f6-19ed2c1882c9,2021-06-02,Central,Office Supplies,1688.86,666.47
18e824e9-cb2f-4bc3-921b-f7334eada8d3,2023-03-05,Central,Technology,1962.57,-322.97
d5d9a385-2bb2-4cbc-9c79-4cdb74c88361,2021-07-27,East,Office Supplies,1588.35,-174.52
d145bd7f-d15b-4a37-905f-86aa974e8f83,2021-02-11,South,Furniture,1709.03,205.51
98507072-7f44-4bca-9d3a-e1311b388581,2023-10-05,South,Technology,491.53,538.71
1027fbf7-3877-40f0-9d99-d4c5cc96bf43,2023-01-29,Central,Furniture,1921.65,-452.87
565c1e3f-6d1c-41d6-b3e0-4a38cdf0aaba,2021-01-11,West,Office Supplies,401.88,779.22
bce8e033-fb70-4bf3-95fd-46d7cfbfd796,2022-09-17,South,Furniture,1903.35,91.38
1eece891-5301-4fb9-a6ea-0949adab7b01,2022-08-26,South,Office Supplies,1989.69,-33.0
8bbf1b30-9372-42e6-af20-6a9df9d18507,2023-07-15,Central,Office Supplies,1426.33,-119.46
f6f61488-d620-45f0-9253-b6f72328051e,2021-02-26,Central,Office Supplies,1962.48,-273.34
0bab8f53-c3a4-404f-b696-5c84cb08b605,2021-07-03,East,Furniture,1143.38,529.05
102f4f5c-55e3-4295-ac67-10bd97d46f61,2021-03-15,Central,Technology,526.49,742.04
c1eecd7a-2428-485a-861d-e0171ee92d3b,2022-12-08,West,Technology,879.62,37.74
5eb38ef5-b240-40ca-ab05-61676a478ddf,2023-06-30,West,Furniture,1191.19,738.15
3e5f7e23-704c-49e2-aa3d-d7698dac210d,2021-07-24,East,Technology,155.43,570.94
22249813-0a6b-4e3d-94fd-0594ecf91245,2021-12-07,Central,Furniture,1248.46,125.37
a1d78199-d8ed-4649-8a82-673019977e2e,2023-01-18,East,Technology,1962.54,376.23
28628b4e-c714-4549-a04a-1fe29cc8f772,2021-08-16,South,Technology,388.31,65.48
14aa3ca3-7ca9-468f-a12f-3b2104005940,2023-07-05,South,Technology,1587.26,226.34
ed174fdd-2dee-403e-81d9-6e9601a02047,2023-05-12,West,Office Supplies,1816.72,-424.54
97feb937-a6d9-47a1-b4ec-fe8d16d1f5ca,2021-08-12,East,Furniture,1887.97,405.14
b189727f-6a8d-4a70-88a2-a172e30cdee2,2022-08-26,Central,Furniture,1920.67,-431.33
79dbf407-c5c6-4b7d-8ad0-4982ceb28a32,2023-05-10,West,Technology,1047.7,562.21
24a167fd-34c6-4a9b-a07c-0594b13e655f,2023-08-01,East,Technology,1954.84,572.43
734eab10-85e9-454f-855c-f668a3cb9e18,2021-12-25,East,Furniture,1517.05,-191.8
2caf3d2f-f026-4418-bd3f-bbec697ae294,2021-12-14,East,Furniture,331.73,-79.24
98a547b2-09a1-4b34-b111-84e79c4c37b3,2022-03-04,West,Technology,959.03,125.7
9caf4bfe-7ff8-42c6-b79a-566b2e1482be,2023-03-06,Central,Technology,1439.48,275.66
d3946dc7-a08f-41c6-9688-8e84f346bbe7,2023-10-27,Central,Office Supplies,502.21,-126.44
6b358d15-590c-4e67-8d1b-6d80c8575c8a,2022-11-10,South,Furniture,1284.82,270.23
31208bde-3c52-468a-8ec6-1be5012b809e,2023-10-25,East,Furniture,1336.53,-112.88
fa0f01a4-87bb-4f6d-bc92-0c731e14fe04,2022-04-17,West,Furniture,333.77,-427.86
dcdbf14e-5ca5-4057-9e71-9a56187ebca4,2023-08-02,South,Technology,1134.52,-496.71
81ee30e4-8a2b-466e-bc9d-c0d0c2d94cc9,2022-12-07,Central,Office Supplies,1545.54,-368.5
a05ff5e6-c534-4e41-b6d6-dc3938227b0d,2021-03-13,Central,Technology,1002.8,529.93
0d95ee72-46c3-4497-b546-9cb1a8c9aa31,2022-01-12,East,Office Supplies,34.09,749.86
26331cc6-cbee-43e3-9cd8-89e231979167,2022-05-07,Central,Furniture,27.99,55.06
e9570a2a-f7f4-4477-9802-13baaf6c2278,2021-03-10,West,Furniture,720.49,166.49
28e60130-2d23-4ed1-bf5d-21f279731ea8,2022-10-16,West,Office Supplies,1853.13,-309.1
0dd4c0e6-0b09-4fcc-ac34-4cf0ab8e77a1,2023-02-02,Central,Technology,465.07,216.34
35a7ac9b-48f9-4d0d-9d3b-c1d3a5159982,2022-05-25,Central,Technology,1272.38,-311.95
9de7df7b-5594-452b-805a-8e7e6f46a41f,2022-12-16,West,Technology,451.93,294.58
74017bb3-c227-4738-a3dc-419dce1e8d1f,2023-03-05,Central,Technology,650.12,713.24
0d6dcb42-bd8b-4603-9abb-574e0b16dac4,2023-08-13,West,Technology,1697.6,-245.59
2875ad5d-2d06-4862-8990-779cecc3b699,2022-10-05,South,Technology,1460.43,493.93
83d0bae7-7c2c-4bcf-8770-d18fc9160147,2023-03-17,Central,Office Supplies,199.84,-469.45
3c3c9c08-e523-48a9-9223-d9061db67101,2021-12-16,South,Furniture,863.12,-11.85
946b4482-97bb-4fbf-b1df-c82cb8addf54,2021-10-24,South,Furniture,68.05,-356.03
bf4113cb-32e1-4f17-ab47-ed615372ebed,2022-06-10,South,Technology,966.97,-41.78
3ae56c8d-5360-46e7-a5fb-c1c0ad463549,2022-07-05,South,Office Supplies,1328.24,-274.4
3a4fece7-537d-46c6-9c31-aaf3c76aec88,2023-12-09,West,Furniture,245.82,-14.7
699fdb02-bcdd-4b48-bcb3-c9fa191abb3d,2022-11-24,Central,Office Supplies,584.88,42.78
e43081aa-6022-43ff-b330-4e33deb0de7d,2021-01-21,South,Furniture,801.69,-109.23
95c89b2d-7892-4145-92d2-d7e6387d5add,2023-01-27,East,Technology,1839.87,353.61
6f94da50-e3f7-43a7-8de9-2f1b7c0224e5,2022-11-19,South,Furniture,1986.58,694.51
9c03d65c-ed8a-428c-b756-999b251adf0e,2022-01-02,South,Furniture,99.37,20.77
5f9cb7e0-6328-443e-ad95-63ed747a4829,2021-06-07,East,Office Supplies,1524.41,-249.95
31b42308-b846-4413-b52e-761322eb69b1,2021-09-23,Central,Furniture,749.73,-148.06
450ab36d-f9be-47f3-9bcc-90fca1cc22d8,2023-10-20,Central,Technology,790.99,610.2
083759f8-2090-435e-95fc-f99133c417d5,2021-12-05,West,Furniture,1510.99,243.13
47d5ac92-0f45-45da-9194-1591b134b58f,2021-06-05,South,Technology,1837.67,91.51
772d416d-da05-42fc-9c71-a82122f1c32b,2022-05-17,Central,Technology,1902.35,-305.47
c2a59d7b-2bd3-4971-ab10-b78675656daf,2022-05-27,South,Furniture,1158.47,84.65
4b8fb475-e2eb-42d2-b848-52b657f498e0,2022-06-13,West,Technology,720.67,-137.96
cb68a34e-ca1f-4ff2-a823-442c9a87e357,2023-09-09,East,Technology,1577.22,726.11
e7d3f770-9c8d-4ade-b3e8-16b5a353ea98,2021-03-08,East,Office Supplies,509.49,649.29
8d8164b0-f85a-4287-93ff-c45f2b80e44a,2023-11-25,East,Technology,1132.51,-390.93
6964eb16-1623-4e87-bacd-c514dae18b28,2022-05-10,West,Technology,723.57,171.65
dcb913b4-7d3d-46ca-8592-a38fdb62a1f7,2022-11-15,South,Office Supplies,1316.7,-207.42
7936931e-9771-480b-b768-c85bfee3dbaa,2023-11-17,Central,Furniture,488.39,34.01
03b68657-4777-4e21-b677-a166d644e9ae,2021-02-20,Central,Technology,391.27,639.9
df629d0c-bc76-47a0-ad98-a416bae27198,2022-07-10,East,Office Supplies,1837.3,185.77
6f2aec8a-53c9-4acb-bf71-e1ae3f24ba6a,2021-07-17,West,Furniture,212.59,-65.52
ed6f4ee3-e44e-4cd1-b8ef-a3bc9457f388,2023-09-27,Central,Technology,1016.86,-229.75
e9ebd446-2622-40d6-b23d-9820977e5877,2021-05-26,West,Furniture,449.5,540.42
6af31899-014c-43a1-a5f3-d46692de0df8,2023-03-27,South,Furniture,87.47,311.87
fdc419b2-0a41-4919-8b52-46f3faed5777,2023-01-14,West,Technology,81.68,108.49
81145252-c4c3-4368-bbc5-1a50787cb0d3,2023-08-18,West,Office Supplies,358.69,-217.27
64f22a7c-87f7-47fa-acfa-855f089b5b49,2023-07-27,Central,Technology,1734.87,-65.48
b257e257-cc4a-402c-8f49-94e07ab16533,2023-11-16,West,Office Supplies,572.13,747.8
7ecb002e-73d3-428c-9916-79d3d24025ea,2021-12-12,South,Technology,1901.41,176.12
c0c9c3ed-8ef9-4060-9545-7c643d922952,2023-03-14,West,Furniture,1167.43,20.91
68181f5b-bb56-488b-b172-ec53032e2730,2022-03-02,East,Technology,878.86,177.85
5bc07988-21f9-49e9-b7cf-45f6f32ede3c,2022-03-12,Central,Office Supplies,1164.38,512.69
ffbb4bcc-a5cb-4f6f-bd33-31644bb8ebe2,2022-02-14,East,Office Supplies,1038.23,-57.86
ab45eaf0-7ad3-4e2a-8413-ffc7173a0c96,2021-03-11,West,Furniture,1519.96,-267.68
75938f5a-b40b-4353-a96b-e9034e09c596,2022-04-29,East,Technology,572.17,260.42
956abfdf-bf4e-4e46-9204-79cedba0c89e,2022-07-26,Central,Technology,712.57,364.77
76b90472-7470-424c-b9f6-b641063ff61e,2023-03-02,East,Technology,1789.25,426.53
b400a5e1-dfcb-421b-a37c-db55c596fab7,2023-04-15,West,Furniture,1893.45,646.58
df1e04cb-ca34-4e3c-af58-9a8167c5b29b,2021-11-22,Central,Office Supplies,1786.19,-17.47
b432ece9-76dc-46b5-a076-aed65ed3e00e,2021-06-12,West,Technology,844.7,-402.04
a0970ff4-dc42-4980-8059-5e29a226a75b,2021-04-29,South,Office Supplies,1562.93,745.85
b0d508a9-e4b8-4e89-a287-729e12194d94,2022-04-29,Central,Technology,957.91,65.52
4bed523c-085f-44d1-87ea-651b5539562b,2021-04-10,Central,Furniture,1000.1,310.23
b2b3bb39-4510-4aad-80bd-44c06d07ee0b,2022-04-25,Central,Furniture,417.31,366.2
93423b4f-8add-46f9-9ccc-e19ff2335074,2023-01-21,East,Office Supplies,1186.35,210.47
af4637b3-c9a6-4c37-b507-8c5dcb62f5b6,2021-03-21,East,Technology,380.41,-233.17
55f01600-e17f-448d-9ed6-270514b9bb4d,2023-10-09,Central,Furniture,669.81,481.69
83c5c510-0e08-4343-aea7-7ea8bc5ad195,2023-12-26,East,Technology,1711.51,544.88
5d2e7b90-acb6-4e81-a8f6-0796f200a32c,2021-06-09,Central,Furniture,422.08,218.87
620956a8-1c68-4db0-8d33-3496e3528539,2021-08-25,East,Technology,151.6,135.13
0a76bd91-9e7f-47a7-b721-5daa5d975cdc,2021-12-19,South,Technology,147.33,-351.88
a5eea4a2-2cde-431f-9dce-8d9b5d96120d,2023-10-04,South,Furniture,1882.16,-390.86
8f8dd995-1127-4cb2-b472-99b68f0ce422,2022-05-17,South,Office Supplies,1018.77,-58.57
236e9007-3468-4b6e-8609-0b78b5971e43,2021-03-18,West,Office Supplies,824.73,-95.9
8a257159-3d17-4879-95bd-f39efb334e61,2021-11-05,East,Technology,1623.65,739.75
bcc4f087-7a7e-4c31-a627-61671d121daf,2022-09-15,South,Office Supplies,1673.29,518.71
df02774d-9482-442f-8095-3c13f06bffa4,2023-04-13,South,Furniture,671.06,357.9
c0cffa73-35b5-4ec5-b3ed-8f33f587d26d,2022-11-21,West,Technology,1390.3,172.94
5209eaab-39b6-410e-82c9-6b28beb96a4a,2021-06-26,South,Furniture,1544.53,-282.42
80e9b300-4471-4067-a5de-f08e5a4b4fdb,2022-05-19,Central,Furniture,1312.75,771.99
0df1172a-46f2-4f38-ac45-1540ae2356f3,2023-09-03,West,Technology,311.67,-12.45
73d12f3e-5860-44f4-9f70-b9511038f676,2022-09-04,Central,Furniture,1753.01,-361.0
d45e087f-86d4-4ba8-805f-08927c795dd9,2023-04-10,South,Furniture,1082.8,141.94
882ae449-b5b7-4c24-b85c-a87b1f69e2b1,2023-07-24,South,Furniture,572.12,636.2
e6426f0b-8869-472a-934c-0a09ada59cb2,2021-04-26,South,Technology,856.2,653.48
5e3ece60-9ef6-499f-b3b4-daf34ad1d634,2021-02-28,West,Office Supplies,84.77,-485.74
b177116d-f203-4633-ac5d-d02dccc67ffd,2023-06-25,West,Furniture,264.45,652.18
e214d458-f0dd-4de0-ba63-bde0cf0d3f06,2023-09-20,West,Furniture,1533.44,-147.07
e24c724b-e453-44c2-b037-f0b710ccf85f,2022-11-12,West,Technology,10.02,-449.34
6403c4bc-1486-4c2d-9659-ddcc75373d14,2022-12-01,South,Office Supplies,838.97,602.13
f5504c52-49d2-4ac0-adc6-9c90e5dfc7af,2023-08-18,West,Office Supplies,1049.8,623.03
2a2e1e6a-1bff-46f4-93b2-d1abf4e580aa,2022-11-25,West,Furniture,118.72,275.1
25e050f6-b273-493c-9cad-a48a46a42ee1,2023-04-16,East,Office Supplies,1946.43,246.76
344a21b7-dfff-4cea-a687-0a987f0f6662,2021-03-25,Central,Office Supplies,459.99,557.06
05cf079e-a095-4c4d-b3bd-2348854bc8fa,2021-08-09,West,Technology,615.36,522.2
aeb1fcd3-f836-4a87-aaa2-25714b0d2716,2021-12-27,East,Furniture,614.85,657.14
7951d52b-21cc-4ba7-ae85-4c728a9b7b20,2023-09-20,East,Technology,468.53,218.57
bcda835f-71a0-4ff8-ab8d-a34058c158e2,2022-04-15,East,Office Supplies,12.93,757.94
3066478c-4aa0-4842-857f-dd20a50a0a29,2023-09-02,South,Office Supplies,1461.4,794.99
cd4f2875-df2d-4f20-85a4-3113101d759e,2022-02-19,Central,Furniture,1934.02,-348.49
8505d91d-f28b-4fb9-95bf-1edb3b79da1e,2022-07-09,South,Technology,456.34,604.41
9425fc3a-6964-4112-95fc-0f2ba50939f1,2022-10-25,South,Technology,1329.46,149.77
c96d525e-a563-4cf4-a7df-eb9257c13f7e,2023-03-07,East,Office Supplies,1486.37,3.84
aa757eeb-97e6-42d6-bc74-38955388d128,2022-03-30,West,Technology,1698.37,296.99
8c68720e-d787-463d-87b8-f95cb265a6c2,2022-02-14,South,Technology,851.03,-427.24
913767ab-4dd8-4715-b53f-f3e271fc5136,2022-10-03,East,Office Supplies,612.83,158.4
4e7674e9-ca12-4a49-a5f5-cdc821c7c0f6,2023-01-05,East,Office Supplies,657.34,632.16
3a0e618f-428f-4941-8a0d-72ce2bf6f6c4,2023-06-12,East,Technology,1428.12,-222.5
49c3f48b-f881-4f18-9f34-fd6c7bf75b57,2022-04-01,South,Technology,1635.39,54.31
25f98046-0c1d-480e-9873-9636c50e5194,2021-02-08,West,Office Supplies,371.41,721.33
f4ca6e70-74b7-49ec-88cd-42c05a66219e,2021-12-27,East,Furniture,748.17,57.13
29298691-ec93-443d-9e5e-8cfe2a96c526,2022-10-20,Central,Office Supplies,1804.86,-34.12
2ea9ef6c-4905-4b93-890a-83b4b639529e,2022-10-26,South,Technology,1615.32,72.7
b546c5c0-d6de-40c5-ace4-599df92408c3,2022-04-09,East,Technology,1969.87,175.29
cb618d75-aa96-4dfb-a79b-265ab15f3994,2021-02-03,Central,Furniture,1510.95,321.59
1dee4b6d-3ce7-4d1e-a947-fd26274ac7a7,2021-04-14,South,Office Supplies,792.46,540.9
931414e8-510e-441f-be67-e8e90a88e6ca,2022-11-03,South,Technology,1185.37,87.73
5ea2d56b-42aa-4bc7-b0de-13fc2060917a,2021-12-05,East,Office Supplies,1325.42,562.73
b506c24d-8fff-49f7-b485-0fcd2f3b2b18,2021-07-29,Central,Furniture,166.13,193.84
fa5fafdb-5123-49fa-aa61-b32f08e1624e,2023-08-11,West,Furniture,1093.55,-59.98
72cc3fc5-5f77-4a7a-a5df-ac0758065bae,2022-05-12,East,Furniture,1421.55,355.34
889cd33d-299f-4f30-b9b8-1e658a34b26b,2023-01-16,East,Furniture,342.97,433.04
06617f95-eba1-4fa8-9f19-f85b4d330569,2021-12-06,South,Furniture,1563.46,225.46
c4bd9b59-7fd9-496f-ae5a-88566791659c,2023-02-14,West,Technology,1171.71,-426.4
ed850a6d-7542-4851-b2a2-4da42537e0d6,2023-02-26,Central,Technology,1904.92,-279.15
f85bc2d3-0119-4e6d-a7f3-1b7851f9cd77,2023-10-26,East,Office Supplies,94.42,-129.11
81e58eee-f9c0-4d4d-8bd0-3267bd0e01ce,2021-11-20,West,Office Supplies,538.0,-132.59
4ba99d78-b498-45d0-a5b1-c79954cecee7,2021-07-04,Central,Furniture,1207.09,375.45
f83811c5-4a32-4d2a-a55e-c749795235ad,2022-07-06,Central,Office Supplies,600.15,-476.15
fe7b178d-fb0e-4c28-8110-bcfef1aa9ba0,2023-06-24,Central,Technology,1431.7,482.39
ccb1063d-25a7-4338-aab9-278d92dfcf99,2023-02-13,Central,Office Supplies,1520.42,-155.05
ec1b55dd-e829-46cf-ba81-d86090b3032d,2022-07-23,East,Furniture,214.01,-96.97
1cc0b764-b06b-4fca-96b4-05d7712dd406,2022-12-05,East,Office Supplies,1032.57,186.28
0a42be3f-e671-4582-ba9e-8394bb4ccb14,2021-09-06,Central,Office Supplies,1022.69,-219.3
1deb979d-8d0b-46d7-ad91-f45623b13ebd,2023-07-24,South,Office Supplies,744.87,649.81
9e15ebcc-66d1-47f6-8659-010a4ede79b6,2023-12-29,West,Technology,1866.52,-389.02
5b7e24ca-722b-4439-b869-d3c9d743b5a8,2023-11-06,West,Furniture,1656.74,77.7
9bafcc20-0e16-4f3f-938c-c0ca17acd7e9,2021-08-17,East,Office Supplies,1397.45,604.25
86c45e42-955b-4346-b1f5-5560a42d10f5,2023-10-27,Central,Technology,1431.51,300.6
c4605896-ef87-4f0d-8802-2f8e38de6b6e,2022-11-14,Central,Office Supplies,928.82,-119.97
15661feb-05c5-4f8d-b21a-6c3f47263c24,2021-12-29,East,Office Supplies,1842.78,46.99
ad5406bc-7209-4a7b-9975-a56289d56357,2021-06-12,West,Office Supplies,1392.24,418.7
f9d09e26-165e-45b5-b526-d3b0abeb35d1,2023-03-02,West,Office Supplies,1460.67,765.24
7d8f2350-31c7-4a44-a4f8-f226830481c2,2022-09-04,West,Office Supplies,1724.76,661.08
82f552c8-9ae6-4149-9a69-78cf51589375,2023-05-20,South,Furniture,555.4,-54.84
aab133ba-e88f-4ab5-8e59-22e9f182cdf7,2021-11-20,South,Furniture,1616.07,797.66
b74966cb-25df-48fa-a5c6-5c7b5c6ebf5a,2021-02-28,Central,Furniture,398.53,-495.44
62d846d0-5ea0-41cd-ad79-d8bfda92e740,2021-08-01,East,Furniture,697.23,-464.08
584cb0f7-48de-48be-831e-ef965f71dcc4,2023-05-28,West,Office Supplies,677.86,570.99
72114575-fa3e-4d03-8ede-ae5f59f2674c,2021-05-18,East,Furniture,1957.27,-240.7
3737cc38-166c-4d33-8f9f-dc15dfd23d15,2022-05-30,West,Technology,1714.51,-421.0
bdd4c1f2-71b8-4ce0-a347-2e25ba5498fd,2023-05-19,South,Technology,1405.33,-191.71
7147f758-cdbe-4548-aa65-66e8fe1ad905,2022-07-27,West,Technology,1456.84,53.93
ba5e4066-ce40-424a-a9ee-29f449e3eb48,2023-10-26,East,Technology,1128.52,449.74
ba85e403-6c80-444b-a5d1-36e2f8698e93,2022-04-18,South,Technology,1894.71,311.64
d5e4157d-23ba-4528-aa08-9aa0e57c5c02,2023-09-26,Central,Technology,997.55,-191.09
24c58b47-1609-44d1-9912-509096516ec2,2021-09-12,East,Furniture,767.23,154.25
fd06a179-7980-4efa-8da0-8e483531518a,2021-12-19,East,Technology,334.44,704.08
55dddf38-fc94-44ae-867a-211ade162c17,2021-12-19,Central,Technology,1574.55,559.51
9736bb4f-f5c8-4e3c-aee3-1d4710ecf6ae,2021-09-29,West,Office Supplies,1471.54,-79.85
01b1c626-16a4-4bfa-a032-9ee6c190b0cf,2022-04-12,West,Technology,774.87,776.94
45f8e14d-ea16-4e6e-a388-ca3268d26992,2021-05-21,West,Technology,60.13,421.21
764d7e7c-8e49-40f9-acc5-c9de6a1d9731,2022-08-07,West,Office Supplies,1679.6,-418.82
ea350f17-c157-4761-9162-f6dbb5d2bf7f,2022-08-03,Central,Office Supplies,32.72,-454.29
d5108bc0-2f9e-4ddb-b302-8b32230da680,2021-04-18,East,Office Supplies,1410.36,-281.07
7d9704fe-8dca-4908-8a1a-421961bba5fb,2023-05-05,Central,Office Supplies,1940.81,446.21
4d4f6814-d385-4240-92a2-f8390acfc6ac,2022-06-23,South,Furniture,880.95,-261.14
7e7d5e88-4dcd-4534-95d0-3545d5a76023,2023-09-01,South,Office Supplies,477.6,164.93
397a284f-76a4-479b-bd67-34588f2d0b17,2022-01-31,East,Technology,1412.69,-378.76
276e1d67-00a0-486e-8a8d-5d5a06defca8,2023-04-16,South,Office Supplies,1636.09,697.15
a3fb6d0b-f4be-48b4-8cd7-e6f7433ecd2c,2022-01-20,West,Technology,1097.4,-52.85
1fca0f16-78f8-455f-a2f5-a68bd590f435,2023-06-25,Central,Technology,1934.4,680.57
49a5fd0d-e487-4ab3-aa79-4de7a7604977,2022-11-04,South,Office Supplies,112.82,728.34
e8239943-7dec-4605-adeb-57f96acac954,2022-08-28,South,Furniture,1014.54,-492.03
07480379-3ea7-4419-a510-af65b0167db8,2021-02-07,East,Technology,1439.72,103.38
7e388a19-46f7-420a-83c4-95061e8e06ed,2022-12-26,South,Technology,1726.65,-467.95
9950f11a-1114-40da-b87a-e6defe8c9aab,2021-11-19,South,Technology,366.72,681.3
7b011fdd-94c0-49e0-9c9c-4570bedd62a7,2022-04-11,Central,Furniture,1602.01,173.93
42067d80-de4b-4b12-afa2-2f9290c97f00,2022-03-30,South,Furniture,1109.89,-402.57
f9690579-79dd-4dd4-af97-fbd2a0c45942,2022-08-20,Central,Technology,799.14,-356.64
5f8a2e3c-1e9d-495b-917a-d9bdb1ba0bea,2023-01-02,Central,Furniture,272.11,-1.44
047dd583-9344-4b2f-bba3-16688334e524,2022-01-31,Central,Furniture,1731.94,722.3
94e74f26-29b0-4b37-8271-0779d864465a,2022-08-27,South,Furniture,322.97,400.78
7606fa34-51d6-4f11-a569-3e130efa8993,2021-10-02,West,Office Supplies,626.48,627.9
5b7d9d2d-22af-4503-b17a-ff6de0d96670,2021-07-10,South,Technology,587.19,-23.61
5c75352c-45cd-496b-8d8a-16f329ce9bfa,2022-06-21,West,Technology,1744.11,-443.82
f4852088-e97f-4025-a2e1-17986b65450b,2023-09-10,West,Office Supplies,1348.68,766.61
4aaa7f99-4a34-441e-8c78-947b5b21c9f0,2023-06-09,South,Office Supplies,1595.4,-477.68
13aae9c8-efb2-48fd-a391-ffdb8794ac7e,2022-07-09,Central,Office Supplies,508.43,731.95
a0c69223-c435-4252-b19d-d940838cc137,2023-04-27,West,Furniture,1253.5,-20.72
99487f82-1831-4802-83c2-aee62ee94ed9,2022-03-17,Central,Technology,1147.77,-486.88
52965cf3-8b30-4b4c-aac9-6b60c0ac430a,2023-10-08,South,Furniture,1667.33,395.9
d85195ac-d3aa-4b27-90f3-2ab5df586eff,2021-05-08,Central,Furniture,1813.11,774.7
457e55cb-4d13-4338-8cc4-c0a9af5a01cc,2023-09-02,South,Office Supplies,34.19,755.31
5cce495d-b037-4c52-b2ad-ffa6af793d4a,2023-01-27,West,Furniture,1351.3,-290.78
5a0461c9-947d-4fcf-88cf-c53d188889ce,2022-02-20,West,Office Supplies,113.15,-264.38
230f1e69-034d-42fd-a4ca-abcbd2c4c286,2023-08-06,West,Office Supplies,1102.23,235.2
c75ff368-5f7d-4bb1-880a-fe9f84a6d693,2021-06-28,East,Furniture,582.39,328.5
ebc095f5-571e-4230-a978-78c17c2257a0,2022-10-22,West,Technology,620.49,461.24
37c6bc5d-1a38-4e8e-a9bc-4734e92966be,2021-04-09,South,Technology,712.39,-264.63
d4e20134-389a-44fd-80dd-b3862790e92f,2022-11-18,South,Technology,1246.37,746.71
8f040721-e5a5-429e-8b8c-1d76303c1503,2021-01-05,East,Furniture,674.76,330.36
f3d6b9f2-d4d7-40ca-b08d-16769d09a404,2022-06-07,West,Office Supplies,1468.07,601.16
b6697d0a-8837-4bbc-9898-06fd86912efe,2021-01-21,South,Office Supplies,815.01,202.09
cd75e6de-c19d-4186-b3c7-a1a88d15baef,2021-09-08,West,Technology,146.02,38.56
ea8104ad-75e2-42fa-aad7-34531d2cec89,2021-09-15,Central,Furniture,1569.68,770.34
21986e3c-d19f-4f31-9dd7-3f1f138ef8cc,2021-04-30,West,Technology,578.66,256.76
592448ee-7ac1-44f9-8472-f9f6ec6494e0,2023-03-09,South,Technology,871.21,626.94
23966b83-5cd1-4b22-b0e8-b2fa4fc34759,2023-10-30,East,Technology,1374.03,739.28
fcd2280e-e3c5-4ba8-b122-d7a0d12972d3,2021-05-27,East,Furniture,671.59,377.96
f859396d-c37a-4ab0-85eb-43c898ff805c,2022-09-21,Central,Technology,122.61,213.62
4dffc9aa-b5bb-4bce-ac15-c4ad57904515,2023-05-27,South,Technology,754.1,-495.44
1e5c5da8-d087-4dcb-be94-f1cb075cc8eb,2023-05-08,South,Office Supplies,1889.45,-447.97
b1b9fd9d-db58-4dd9-a0f3-6e9238ec71aa,2021-04-22,East,Furniture,1287.05,-238.89
4eb39f63-3a00-483e-b023-dbc32471a957,2023-09-30,Central,Office Supplies,1346.24,-258.19
fb29ff36-2155-4ba8-b5b8-23e420168e6d,2022-03-22,West,Technology,1268.24,-168.81
c355853e-b0d9-451c-acc0-067f141f746e,2021-06-03,South,Furniture,405.99,-103.58
04d07f29-13e6-45fd-9c99-d366c8b62c18,2021-12-21,South,Furniture,842.48,-31.91
6e663c0a-c1e0-44a1-bbf8-20f6c6523c3d,2022-04-11,Central,Office Supplies,1504.37,46.7
08651a6e-1b99-4b83-b244-0f070ae263e0,2022-03-01,Central,Office Supplies,211.73,-371.47
97da64cb-8373-4f49-a8e7-ebe3cb05aa14,2023-11-04,East,Technology,562.93,-444.93
e8956041-1e71-4fa9-b815-c7df0f2c01b7,2023-01-15,Central,Office Supplies,559.88,376.13
4d38a8d0-10f5-4651-8b14-7f1f40c56cf6,2022-08-24,South,Office Supplies,869.72,198.54
18b475b1-c12a-44f4-82a1-3629aae6f1a1,2023-12-22,Central,Furniture,1960.93,77.39
9a0f09e9-eb8b-4c11-9fb0-ef34c8497436,2021-04-01,West,Technology,144.33,324.77
3334cd07-e6b3-4561-966d-273534952c00,2023-07-07,West,Furniture,1042.21,575.98
077d8688-59fe-4c45-abac-7bf82f4ddc9b,2022-02-01,South,Technology,366.94,56.0
bf06d520-d88a-417b-a543-38df173d5030,2023-05-24,West,Furniture,1941.65,333.46
946a95a6-f2e4-41af-8702-1755f11cc0a4,2021-11-12,Central,Technology,235.47,739.64
daea544a-291a-4905-9a29-fe6b590bd0c6,2023-12-15,South,Office Supplies,813.17,591.51
9ceab67b-ba82-454a-87e2-a618802993b1,2023-01-27,Central,Office Supplies,1478.39,53.8
117e894e-91fa-41c7-8141-bb373de814ac,2022-11-30,West,Technology,1412.06,338.13
c363f61f-9400-4191-91d0-6bcd195efd72,2022-03-24,Central,Technology,851.23,-269.81
b73f6e64-378d-4f8d-8761-f9da039479c1,2021-02-10,East,Furniture,699.58,228.68
2bf95861-4827-4440-b6d9-fe1731094211,2021-07-19,East,Furniture,801.25,775.73
011bb348-8981-4f35-8107-50bce6d33572,2023-07-08,East,Furniture,535.91,173.81
ec9a799e-1943-4791-b9b0-7ec4f93c8859,2021-07-14,West,Office Supplies,418.61,705.93
d9ee9678-8112-40ff-aba4-646336c9b657,2023-04-13,Central,Technology,971.25,29.54
b2b8d698-5dd0-455c-b986-f498b52f80c9,2022-09-22,West,Furniture,544.38,798.5
ac6c2e1b-708d-4094-af64-672f96e1a522,2022-03-25,East,Office Supplies,582.05,252.99
d5b1a96a-2e4c-46e2-9b79-9e6bf52ef4a6,2023-10-30,Central,Technology,1316.94,-445.05
6c914882-612e-43c7-bb36-8cf45ad5a309,2023-09-17,Central,Office Supplies,1937.39,262.78
685707ac-3a40-4e39-83a5-f42136daa93a,2022-01-10,Central,Technology,1211.24,-143.06
5074ac13-fc0f-44cd-82eb-baa21ce370ed,2021-11-09,South,Office Supplies,163.19,-457.77
850cddfd-1c3d-4e19-b745-55601fa54251,2021-02-14,South,Furniture,160.41,567.11
5c7ae8ef-c324-4e35-beed-cc6522cb2720,2021-08-24,West,Technology,1903.33,-141.55
b8ddf15d-8ea0-45f0-89cc-253fb4693ec4,2022-10-22,East,Furniture,601.61,535.51
7e63f654-53ff-4f1f-950e-33880a6552a5,2023-09-13,South,Technology,193.21,-125.32
74fa65ce-489a-427e-a281-03f01d9fff25,2022-06-25,Central,Office Supplies,1202.1,-247.38
afe2487f-4fdf-4f5d-bc75-ed5399b32070,2021-02-15,Central,Technology,1251.06,766.12
39d2d74a-71a7-4782-9751-af9cf9e6debb,2023-06-13,West,Technology,1300.52,-29.86
fc267da6-4a64-4fc1-a843-a5c38dcd6e9b,2023-10-01,East,Furniture,542.13,281.79
db558642-3054-466b-ad8e-e559daf93e99,2023-06-28,South,Office Supplies,40.07,292.98
cd6c78dd-d74f-4844-a50e-a3ec11d1e7d5,2022-08-21,West,Office Supplies,1930.38,228.62
5e10a3a0-addb-4943-b067-ad8279c5f45a,2021-10-18,Central,Technology,509.28,689.1
ac95adb1-ffac-44fd-8345-eeda2de66d5b,2021-07-01,West,Office Supplies,1355.29,376.77
65787d0c-1aec-4b70-ac0e-73077ddcaaf6,2023-05-17,South,Technology,1416.19,24.85
ad3053ce-a896-4e70-85cd-338470249792,2021-10-20,West,Technology,1223.91,621.09
65125d2e-24b3-4c8e-9e85-0f8015c2f297,2022-10-08,East,Office Supplies,632.69,-264.62
fa42156e-972e-423e-b1ed-f3d3668f5032,2022-08-09,Central,Office Supplies,549.48,207.51
e476231a-ecdf-4364-bdce-7f651a0a7680,2022-12-04,South,Office Supplies,1199.36,735.72
5d1c1906-1090-4c9d-ab31-71dcfa549893,2022-12-16,East,Technology,1733.53,313.02
334477eb-56b0-4052-b2f7-5350f9a732dc,2021-07-11,South,Furniture,1894.0,562.06
677f7c73-fd9b-4af3-9812-5123984f5a56,2023-07-21,East,Furniture,220.75,349.63
6cb96a2c-d68e-41f0-bb9d-58321f6d5768,2022-08-10,Central,Technology,318.11,591.18
c3cb0c28-474c-4a29-bfc5-ae23b9a6bd75,2022-10-08,West,Furniture,1890.03,727.83
97f971d5-94f8-4e6c-8416-c07cb6a787b1,2022-10-05,West,Technology,1475.71,-145.2
cd0d4d73-ca1c-4218-819d-11c545e18b77,2022-11-08,West,Office Supplies,1767.16,-279.44
5b29317a-6675-45e2-b177-3294a4d21eae,2021-05-02,South,Office Supplies,413.24,129.19
f33c4c36-9a69-4cad-aaab-583079cfc04f,2021-01-03,West,Office Supplies,1179.3,412.42
82ec0fc3-7c0a-4867-bcce-521367899d92,2021-08-05,Central,Technology,1405.27,-204.65
7462f144-c49b-4e62-a5ba-4f0347656069,2022-05-02,West,Office Supplies,1363.42,-494.67
7d457a09-402d-45e8-9f47-d9021ba84a91,2022-09-05,South,Office Supplies,822.22,-54.18
f14152c7-a0dc-4c7d-bb17-23197f4d55b9,2022-01-09,South,Office Supplies,40.64,759.52
bce05a63-197f-4b8d-879b-f5e62275b1e2,2022-03-08,West,Technology,1170.02,403.46
7f85c4e7-1177-4f21-948f-5ba30d87bc72,2021-09-28,West,Office Supplies,513.67,21.72
2dd93719-f8d9-4f33-86d9-03c0ad987301,2021-02-19,Central,Technology,906.01,-249.65
53b3618b-ade0-4648-9ac6-030661f43c2b,2021-07-28,Central,Furniture,1915.59,-37.08
9f8c2c51-9f39-46a5-8d81-31f52719bfdb,2021-07-18,South,Office Supplies,804.08,-279.21
a93c9413-1396-4289-829a-988f18a95210,2021-07-27,West,Technology,1681.21,-361.8
7e000029-c47f-4b05-851b-5f38c0697f1d,2023-11-23,West,Office Supplies,385.2,678.77
4b26f0a3-33b1-4ca4-b74d-34f5caf07226,2023-12-22,West,Office Supplies,1348.2,796.95
813a3aa5-7d81-4c21-bf76-4fcea97ef131,2021-12-09,South,Furniture,1954.24,-286.65
cf3a2f8d-57f7-41e3-8add-397642fc7edf,2022-02-22,East,Technology,212.77,-429.12
04860bee-8bef-4a76-8a60-1b92dc137c04,2023-08-12,West,Furniture,26.56,-71.35
fd9f45f4-0816-4739-8393-3447f3dc50bf,2023-07-04,East,Office Supplies,872.83,100.16
1e7f92ad-ea39-43ff-a14f-ea786e2f1d3b,2023-04-26,West,Office Supplies,194.32,-233.73
da55f825-5086-4384-b33a-c54f62359144,2021-03-03,Central,Technology,1499.28,-108.15
09360f02-75ac-4819-b14b-5c03605797cf,2021-04-23,Central,Office Supplies,1829.95,-238.87
a8cf2936-8e81-42f0-ad47-4c4f08697ffa,2021-11-21,East,Technology,873.7,506.54
e27bb6c4-4d94-4434-8785-9c05dc409942,2022-11-11,West,Technology,524.84,426.35
6e411e23-7dd1-4b8f-aa05-5b69b4c04bdf,2022-10-20,South,Office Supplies,874.46,325.44
639ac771-b739-428a-8ffd-5b7a226dd24f,2023-05-11,Central,Furniture,1449.66,3.38
91a07ef2-1c00-4554-8396-3bf97cc9d887,2021-12-09,West,Office Supplies,28.02,681.75
8dc4c81f-a8fa-4904-bd94-ed9facce693e,2022-10-16,East,Technology,1183.01,760.39
78460474-927c-4ea7-8a15-9e92af74ae63,2023-01-29,South,Office Supplies,1230.45,-274.27
2803feb5-dab6-473d-8fef-f87b79d54e9f,2022-07-11,East,Technology,1279.0,-210.08
436d977b-6431-4bbe-8e44-c9dc81b61c87,2023-08-17,West,Technology,491.62,183.32
60b759a9-f88a-4c64-974e-bb877ea413e5,2021-01-26,South,Office Supplies,1430.96,-381.37
c4376d89-5a4e-49f3-ad2e-4db89defc23f,2021-05-26,West,Office Supplies,191.87,67.38
0fb97b5d-520b-48f6-88d0-e602fa4ffba8,2023-01-07,South,Technology,406.55,256.33
20d1968f-0b8c-421f-9728-9c5e0734a403,2022-12-04,West,Furniture,1756.17,178.7
cf3ee4aa-594f-4d27-9dcd-0d40d6415102,2023-08-13,East,Office Supplies,1480.06,-69.82
c3e3c148-06e2-4861-957e-dc3cbdf774c8,2021-04-23,South,Furniture,37.35,205.18
616d41c8-575c-4669-a00a-06e6e42f0c28,2022-05-24,South,Technology,504.27,746.44
fdf02450-585b-4b17-ad9b-1eb118ebeed7,2021-08-21,South,Technology,436.67,-232.18
0e737523-59ec-4846-a974-37ea5b7c57e8,2023-09-15,South,Technology,548.9,351.28
3c10316d-3f63-4065-be85-c8c4a9470663,2022-04-18,South,Technology,502.64,-443.58
15bebdd0-97b0-47ce-8fe5-c13ba5e8c198,2022-03-05,South,Furniture,134.43,-413.66
de72d970-10c4-4f9e-b020-321be90f4137,2022-09-19,South,Furniture,923.29,217.38
2b76a718-566c-43cc-9d4d-fdb14e0ebe2e,2021-07-06,East,Furniture,1468.14,-363.58
0991946d-537c-44b0-89d5-af23050bd848,2022-03-03,Central,Office Supplies,1217.4,-470.95
6c27316b-dd05-4827-a863-782e75fe2857,2022-04-02,South,Furniture,1349.01,-277.03
6bd1f826-e6c2-4bb7-83c7-4cbe916baf87,2021-02-11,West,Furniture,171.49,234.3
783e40ab-b22a-45a6-8539-1557444122a5,2023-08-17,South,Office Supplies,1903.47,414.34
51071545-fc5b-44bd-85b1-49a096867676,2021-09-13,Central,Office Supplies,1678.6,-236.78
528a34f3-63ea-40a1-9202-b09c60b36938,2021-11-25,Central,Office Supplies,1612.13,368.74
7d05121c-ceee-4d65-9904-8ca79291e493,2022-01-17,East,Furniture,1647.74,-262.78
34b6685d-acd4-480a-b0dc-75fb199d5089,2022-06-29,South,Furniture,1866.09,297.49
cfbba84a-80b5-4013-bf29-c9e75601f6a5,2021-04-08,West,Furniture,1093.07,35.55
2aa814da-56ec-4e55-aad9-e93dc3d0bde3,2022-12-13,West,Furniture,408.56,349.94
f82c6ad8-5d03-4a06-8cad-66c59d655c03,2022-04-18,West,Furniture,1237.4,793.57
a2ac7896-7f38-4a3e-b3a6-74036f9d1d74,2022-09-07,Central,Technology,1488.33,719.16
13483fb3-c982-4300-b95f-17e6d8eae31b,2022-07-15,East,Technology,1478.46,-494.43
36cdf42f-892c-4b33-99af-8224d7232ce3,2022-11-06,Central,Office Supplies,1047.68,651.07
4c1d2e43-0c2b-43e4-83e1-346d49902258,2022-04-23,West,Office Supplies,146.23,-413.56
cdfa76af-66eb-43b0-92d2-408eff08c739,2021-08-06,West,Furniture,748.51,738.96
f53ba020-be2d-48c8-9fe3-f82439d3a9cf,2022-08-09,South,Office Supplies,1842.33,-133.63
94047909-d81c-41a0-b7bb-a2aa178a8c73,2021-03-23,South,Furniture,1173.05,-3.35
45fb3e8a-563b-44fa-9784-713d18407642,2021-06-20,Central,Furniture,1081.28,-380.87
87f3c9a4-cd1a-410d-9101-71d21138978b,2023-05-04,Central,Technology,545.02,-354.05
58e9bbad-35b1-473c-ad56-cfd579ab3018,2022-08-20,Central,Technology,743.21,444.76
d2e08e57-a6cb-4dda-93a0-181bcbafd542,2022-01-18,East,Technology,1791.74,727.63
4cc6d67e-cddb-4f9e-8130-0e684d45d885,2023-01-31,Central,Office Supplies,1336.26,293.97
5037e669-8a3a-4129-a9d8-4c4f6ed338be,2021-07-19,Central,Furniture,1576.9,430.61
4052e3a5-66fd-4215-aa10-7fb733383ec9,2022-08-13,West,Technology,914.15,490.56
abeb5f49-7406-4a32-83ef-3ce99ffda1e7,2021-12-05,East,Office Supplies,1264.19,-158.34
e182701b-2e3b-4b69-8c2d-0e27c370f2e2,2021-04-14,Central,Technology,504.28,-441.2
84274378-b40d-4aef-a0ba-614204c32fed,2023-06-01,South,Technology,1413.87,-497.57
7fcbcf31-93ac-409a-afc1-0403dcda8cc1,2023-06-28,West,Office Supplies,860.93,-44.16
d2eba277-f64d-4de0-a92a-988036841339,2022-07-09,Central,Technology,890.67,-186.1
4497734d-77a0-4a7f-b027-8488be015802,2023-09-26,South,Office Supplies,1302.15,-418.99
cf1643a0-8860-4b56-a34f-2452efe9e8c9,2022-08-16,Central,Furniture,1873.2,-266.61
e8266484-c4e4-4e52-9a4f-706b9d4ac78b,2023-08-10,South,Office Supplies,137.37,-338.15
ba0371f9-90ed-41d3-af44-4cf56f089155,2023-09-12,West,Furniture,1651.24,689.34
335dab46-85b3-45aa-8f54-6781a0733e57,2022-06-05,West,Furniture,591.84,-317.65
3d8925a9-25d2-47d0-b665-87075d411ac5,2022-07-08,East,Technology,893.4,198.94
c3f9c78c-af70-4164-bf16-44542685602c,2023-06-25,Central,Furniture,53.61,271.04
6906d118-6f75-43b2-9818-61124cdedddb,2021-09-03,South,Technology,609.08,206.54
e94053af-d488-4dff-9c35-25775193412d,2023-09-21,South,Furniture,1010.24,-371.23
d8914adf-341c-412a-a249-1260107e528c,2021-10-11,South,Technology,121.79,-85.56
497bc13b-d2de-447d-8455-d60e69958fd1,2023-01-25,West,Technology,987.28,-433.35
afd5b90b-41a6-4c90-a91c-0da1a5630d3a,2023-12-01,South,Office Supplies,1854.95,14.37
3d0d3ffd-67e6-449a-bc73-013b99ea5bbd,2022-11-13,West,Technology,219.73,-254.82
07179ef3-3121-4863-a663-ed111d122ccf,2022-08-07,West,Office Supplies,1531.24,230.12
4f7f963e-d3c5-44a3-8c0b-200d3edec38e,2022-02-13,South,Office Supplies,825.25,400.65
fdc56285-8f50-411f-bc42-049476d32b96,2021-05-24,East,Furniture,1313.8,191.76
e7d90c1b-a59c-4eed-ac09-72046fa6681c,2022-04-09,East,Technology,527.87,64.51
45d07382-28cb-47ca-b3b5-a667097913a0,2023-08-03,East,Furniture,327.39,3.53
ca27cd69-4226-4ba4-8775-d77822ed1e25,2021-03-11,East,Office Supplies,329.32,594.2
8cfb137c-a89e-44df-871c-10aecdb4adab,2021-02-10,South,Office Supplies,150.28,-214.82
0acfbd89-da3e-415a-a4f0-708a2d0d5e1d,2021-12-03,East,Technology,379.44,454.48
c840789b-7c60-4399-b8f4-0e5ef6babccc,2023-05-01,West,Office Supplies,1331.8,484.73
e581620f-dc0d-4266-8e29-ed9a0518bd4d,2022-05-18,South,Furniture,1764.56,44.96
4c485cfc-9a02-40da-905c-1021157c6813,2021-01-04,South,Technology,1630.11,-113.51
f480ada5-e68c-4348-9046-e3dfddfef849,2021-10-05,Central,Furniture,1373.42,111.7
abf2b369-5d0a-46d3-a592-ee7c683199c6,2022-06-04,Central,Office Supplies,229.76,-378.82
659ae9f2-171e-4028-a2be-80e1a84d5f25,2022-06-18,West,Technology,585.48,-440.29
d7be7b4f-b967-4dc6-96fd-d1a5f17312f4,2021-04-09,West,Furniture,626.52,-354.92
922b4fb2-1ca7-4972-bc6d-317323fbc01f,2021-11-20,South,Technology,507.41,-256.71
1ee26f39-eed4-4b89-8010-4995bc06e86b,2022-02-26,West,Technology,1034.86,155.43
9496634f-d438-431d-aa0a-2259859f02bb,2022-03-25,West,Office Supplies,1075.75,603.88
867772d3-ee7a-4de6-866d-fe25f31dde25,2023-11-28,East,Furniture,720.2,-193.66
171a8b65-e272-47ca-bf17-6b5540767e21,2022-02-02,West,Technology,714.04,715.71
c5efd670-1f4d-48ce-998d-e3d83cf29ade,2023-05-04,Central,Office Supplies,1658.83,741.38
d513da02-544c-44d1-903b-a8c3ce830e27,2022-09-13,Central,Office Supplies,1580.69,746.58
ce4ba2bb-63d3-4e8e-bcbb-859a95966725,2023-01-18,East,Technology,622.51,588.83
ef7cef26-3c66-4012-be74-1860bf957403,2021-08-07,Central,Technology,1828.44,-27.03
1b5829c9-24ef-45a7-b7cf-65ca6c412493,2021-10-08,South,Office Supplies,1906.1,-405.51
4648bbe8-f84c-47a9-b6cf-d2d52cd6e8df,2023-04-09,South,Technology,660.22,239.46
dce70289-411a-415b-a88b-4cfb708175fd,2023-04-13,South,Technology,715.31,226.29
88917cf5-7d88-43d2-8e51-208396e83922,2021-12-22,East,Technology,1016.21,604.97
1ceb08fe-f2de-4798-b31a-25b55fecaa6e,2023-06-09,Central,Furniture,1882.83,794.79
79900a27-6c7c-4eb7-8bb5-f24251057c35,2021-01-02,South,Technology,1753.88,160.6
47198f5c-f69b-4596-bf10-938caec7f267,2022-04-13,Central,Furniture,214.11,-51.23
2518ec09-efdd-4a87-88c6-21bee1228e75,2022-12-30,West,Office Supplies,791.53,-258.33
5e24296e-b736-4ad9-b9a8-226b5ced7017,2022-01-10,South,Furniture,1111.21,-493.76
a538c6a7-0565-4e80-8ee4-5227d2450039,2021-12-29,East,Furniture,1011.23,161.85
08e94548-9b16-4cb8-a7bd-1db7f7808afc,2021-04-13,South,Office Supplies,395.79,222.17
cc876b1c-a987-499b-bd4c-938cd76ac5a8,2022-01-28,West,Office Supplies,1719.05,572.42
eade7b17-b0d0-40bd-8dff-01baf0db6ecb,2022-07-16,East,Furniture,1357.11,155.95
40c37cbc-3d5b-4535-abed-e2b6c9eef97c,2022-03-05,Central,Furniture,1677.44,691.41
a3922a4e-4f2c-486f-a27b-0edd8d7f9371,2022-08-11,South,Furniture,1718.94,316.51
e7354db2-5ce4-424b-b35b-9f78f55f2e80,2023-12-17,South,Office Supplies,1499.23,592.44
88efe82b-1f3e-4a66-af6c-6f61cfefa2a2,2021-05-11,West,Furniture,884.03,-307.21
71414f58-db8e-435b-bc83-861eddf0a0a2,2022-08-04,Central,Technology,1224.99,611.94
f5f3943a-e8e7-4030-8203-83406372d635,2023-12-03,Central,Furniture,329.13,377.69
eafd3e7b-fa5d-4d40-ad71-1fe9649a0bf9,2023-01-20,South,Technology,1350.55,-278.7
efb2d33c-171a-4532-8d07-018b416aa7f6,2022-03-31,South,Furniture,366.71,-253.31
4c23e844-3c47-42f3-81b4-fd44d29cf92a,2023-06-21,West,Technology,1390.96,704.45
2904a6d6-e3e7-45ab-9c02-bc2935dbe396,2021-11-04,Central,Office Supplies,466.9,-458.12
5132fe68-a1a0-44a9-b058-3380ea77d1d6,2021-08-20,South,Technology,243.93,101.3
a4f954fc-c449-41b6-8fef-7811e124c3f2,2022-07-10,Central,Office Supplies,338.92,-92.48
462741ec-08ac-484f-8a10-b49968028b3b,2021-05-25,South,Technology,13.96,364.6
c78a7900-d2bd-46ec-9481-13b4ddcf5003,2021-06-27,West,Furniture,1440.29,591.52
bca83a82-7899-4035-bddf-8484f0c44ecb,2022-02-10,West,Furniture,1467.48,-31.51
552d4865-d756-4d35-ad2e-ebea69b7d533,2023-12-19,East,Office Supplies,1034.72,54.97
eb25d7e7-e073-4c70-ac20-2d89b7a69c32,2023-07-03,South,Furniture,331.11,776.49
290c42f8-d30b-4f65-99b3-8619d1fb55b1,2022-12-13,West,Office Supplies,176.27,519.09
10fd7164-819f-4393-82ce-ef41b2cfba8b,2023-03-29,East,Office Supplies,48.07,666.37
baaeebf8-9a24-4525-abbe-2bd65a1341e7,2023-03-15,South,Technology,339.84,70.39
53a71719-bcdf-4302-8c37-e264d03cd20a,2022-12-26,East,Furniture,1782.8,-195.7
c310d2a2-0700-47c1-b1f9-4a097408f646,2023-07-05,Central,Technology,490.66,35.42
2f098f4d-a43f-483a-a431-01e40d565923,2022-05-08,Central,Furniture,715.0,430.92
a41f0d38-ca80-4df8-b182-fcf2a151ed02,2021-11-28,West,Office Supplies,219.64,-357.74
333822d1-6691-4664-80c9-937022d6f0a2,2021-04-09,Central,Technology,452.5,-148.39
93683dd6-5050-427e-8e38-5d03a0d80651,2021-07-28,Central,Technology,1043.26,-439.37
3fe604f4-2867-4d3b-9c5f-3cba150d28eb,2023-12-06,South,Technology,1219.43,62.05
c481ea69-f83b-4029-b6ac-204884308e0c,2021-01-13,Central,Office Supplies,498.25,575.68
214dc588-c35e-418a-a630-b287d4a39a51,2022-03-26,East,Office Supplies,124.89,-467.94
690a7b80-af8d-488d-9811-70c1d8d2660e,2021-01-22,West,Office Supplies,788.16,377.92
7394d796-51c4-443b-b07d-b671caea9ae5,2023-06-25,Central,Furniture,476.06,712.24
222db2cf-bc34-4d5d-9f9e-14257a7628e6,2022-05-16,West,Technology,446.91,-191.99
97d02f8f-affd-443b-ac69-1f0442bbeaae,2022-03-20,South,Technology,1920.13,401.73
4823debe-ccad-492e-93dc-4faed3a71b83,2022-01-14,South,Office Supplies,1236.44,767.63
5e1b015f-6a1c-401b-959b-2b6b32dba028,2022-11-16,West,Furniture,1118.19,750.96
60980b94-e05b-4892-a4bc-08cf2e904b5c,2023-02-09,West,Furniture,837.39,-194.59
92051da0-e264-4336-95ad-86bcf1db9ad8,2023-10-08,East,Office Supplies,863.6,-369.57
05e15e2f-f2b7-4922-854e-dd713977fd2f,2022-11-08,South,Office Supplies,1086.4,-307.23
9cac3d21-a5a8-48af-8efb-d22aec511744,2022-10-23,East,Technology,1395.9,412.65
16c72b1a-e826-4ac7-ba8c-8ed5a06aa68a,2021-05-28,East,Technology,1407.27,443.49
430438b5-32c1-42f1-b661-7a3bf9606ca3,2023-03-10,Central,Office Supplies,351.67,376.51
0cbe938d-2b33-4734-9a11-9684b385d9de,2021-10-29,South,Technology,1005.22,-63.1
99b3568d-6dcc-4c60-9e35-836f66aa394c,2021-03-22,Central,Furniture,829.8,-279.29
f541a44e-16cc-4813-a635-53ba4299b351,2023-12-21,South,Furniture,1742.35,254.99
9136d4ad-f27e-4ce7-ab8d-2c495e3003e1,2023-04-01,West,Furniture,1266.52,128.78
869d4cb7-b7f5-455a-839d-08d01e0aaf12,2022-08-04,West,Technology,1069.68,447.48
eda413c6-eb84-46e4-85fa-e0476f669013,2023-02-19,South,Technology,239.64,73.77
7e808d05-ac71-4531-93c7-24e8742632d7,2021-03-22,South,Technology,1215.22,-59.77
340155bd-b6ac-4c8e-b977-c7b41e56d346,2021-04-03,East,Furniture,243.24,-118.48
d03bcbfc-dca7-4284-b230-7c2230c7809b,2021-06-05,Central,Office Supplies,681.04,-225.09
bf16e3e9-49b7-4037-8425-dea7c83924d7,2023-12-19,Central,Office Supplies,294.26,-154.53
6e6a3d5b-2154-4e4a-a1cf-91fb7e81cdfa,2023-04-13,South,Office Supplies,1387.23,-376.72
372f5f47-999f-4691-b4e4-20bfdb38f306,2023-01-17,West,Technology,420.44,-49.09
ba098a27-4870-4a92-92f7-7d5dfec5ea47,2022-01-13,South,Technology,789.8,-452.46
2e2cb850-6b17-4d75-b07a-1acbad5c3c49,2021-05-14,Central,Furniture,1792.39,-257.66
075dacd4-255c-42c7-8ade-e3ec68950908,2022-04-30,East,Office Supplies,416.59,470.8
3c48c936-4305-4a31-b9e3-89054a4a15ea,2021-11-17,West,Furniture,1020.53,-76.89
3f91c419-e846-49df-b373-35549e204ac7,2023-06-24,East,Furniture,844.35,368.71
a5b13afd-af2c-40ac-9539-22c05ea0942c,2021-05-11,West,Furniture,46.07,431.95
7808a004-02a4-48e1-95f2-f85a754a3e48,2022-05-20,South,Technology,1587.59,255.54
f9723977-52c0-4f9b-9f16-eb702219b7f7,2021-05-24,Central,Furniture,147.4,746.31
3653e588-afd5-4fe7-a5c6-2548b169fded,2021-04-11,West,Furniture,953.77,-472.13
6c5ccba7-b55d-4fc1-a22c-c212b69d2f48,2022-01-24,South,Furniture,1125.75,460.25
12b3c5eb-4198-4029-98e1-d54cbc715183,2021-12-22,West,Office Supplies,1260.57,746.42
0d574085-0f0a-4450-8e97-8ce118643b6a,2022-11-04,South,Furniture,1380.38,620.95
788f06ed-3c1e-419b-ae5a-400755367ab6,2023-01-18,East,Furniture,514.01,-281.74
9b3b5b4c-ff2a-40c0-9ab3-83c9e88188c3,2023-04-11,South,Office Supplies,29.86,-75.13
cd602879-f79b-4079-abb8-fe95f077671b,2022-10-03,West,Office Supplies,1449.65,-275.81
cf5285f7-bf8c-46f9-b5a6-1d619925bc9b,2021-09-23,West,Technology,1075.96,281.7
8129aa0c-40ef-4857-815f-566c0ba6aa86,2023-09-08,South,Office Supplies,1673.87,425.84
fa3f012e-4d71-4f28-a185-21ab9ea1e617,2021-06-11,South,Technology,1644.56,-87.8
21da5db1-5ef3-41c2-abd7-d3f1650ad9aa,2021-01-23,South,Office Supplies,1688.22,201.36
0a872ac2-8f3f-4995-a468-eb64f7d2a2ee,2023-01-25,East,Office Supplies,975.34,398.2
2b7c5ee3-42a2-4950-adeb-5687949aca46,2023-05-03,Central,Office Supplies,673.92,47.74
56d44952-ee29-480e-be2a-c03a80f58b81,2021-05-01,Central,Furniture,1585.2,610.22
16f32b93-21c5-4a88-b7d4-68eae0bdd765,2023-05-03,West,Office Supplies,908.08,503.01
6ed47a6d-87c9-4aac-b5d3-4f2f513bb65c,2022-12-10,West,Office Supplies,375.05,-415.93
50326fe6-1de9-4c72-82a9-f7e5244cb9a8,2021-06-01,South,Office Supplies,1711.4,307.46
7fcc4456-20bc-4fa0-ba80-10620b4e360a,2021-03-12,Central,Technology,1766.29,-194.08
47efa886-d5b5-47b0-b92e-dfa1df266424,2023-08-14,Central,Office Supplies,937.96,224.77
6e1a1e1b-ed1d-4efa-9c4f-c55ebf715a28,2023-11-09,West,Office Supplies,160.64,743.95
4362262d-e07e-4721-a71d-6ba3486dce57,2022-09-22,West,Furniture,781.77,642.78
ed3d5159-c2f5-4a5f-945f-f4db9ce91544,2023-09-08,South,Office Supplies,1609.04,25.87
6f8ef978-5021-41bd-8458-526b4385a3e3,2023-03-26,East,Furniture,1804.53,-121.03
bca37653-50c7-4baa-aa3c-6137e48623dd,2022-05-13,Central,Technology,414.91,-195.27
f33685da-c380-4b4a-bdc4-2f12fe9bd0e1,2022-10-20,South,Office Supplies,143.28,192.27
ec4014c6-da60-49f3-8e40-b29426b94955,2022-04-13,West,Office Supplies,1755.93,-351.48
70a32883-cc58-4872-a2fb-a345a84ca488,2021-07-20,West,Furniture,784.92,214.06
0df81d2b-260c-437e-b05d-0ef70d9ff83d,2022-05-29,West,Office Supplies,1088.1,-498.27
7862246c-092e-44b7-aee2-59893ad82406,2022-12-07,East,Furniture,1936.45,-79.0
7796048f-b4b9-4b73-a9de-bccc429e09bd,2021-03-24,West,Technology,142.46,-214.09
e52a33e6-fec5-4a89-9db3-c0756fb9de37,2022-09-24,South,Office Supplies,1300.15,762.58
71076f2e-0a71-4350-beb2-7900ed5d6510,2023-09-25,West,Furniture,157.47,445.42
8f942977-b582-4f0c-bd23-36f45b44e6ed,2023-05-02,East,Office Supplies,757.18,-45.45
1ccc33c1-7e34-4f69-b52f-bd7e7c360908,2023-10-10,South,Technology,1609.59,-379.3
25e6d919-ddeb-4d5c-b842-7379d888dcb6,2021-01-04,West,Office Supplies,872.61,171.84
3427e466-17f4-485d-997f-aaf01fa7cddf,2021-08-10,South,Furniture,1994.39,-222.52
d5bf85f3-2e3f-474c-88bb-db12de4097c3,2022-10-27,South,Office Supplies,1122.53,197.36
d294100f-823c-434a-bffb-d93b2b15619e,2023-06-18,Central,Technology,649.11,585.97
a9c3640d-e411-49d7-9030-fb0c45d5aacb,2023-10-17,Central,Technology,448.02,300.53
ff7d39f7-9563-4c97-b65f-982b95eef45c,2021-11-04,West,Furniture,707.54,323.92
c4502052-86a8-421a-810e-622bf8bc920c,2022-01-15,East,Technology,751.34,203.34
eba0330c-6a9a-4f4b-ae39-c29a921f266f,2021-04-23,East,Office Supplies,146.74,705.45
7f843004-c4ac-41b5-bf04-2c7b13ab7d2c,2022-08-02,East,Furniture,745.45,711.47
5422ea97-e32a-4787-9824-6315ad49e072,2022-02-13,South,Technology,933.83,166.54
fb38bc6c-ae6a-4c48-88c6-a7ed06a574ec,2021-10-06,West,Office Supplies,1448.25,-102.51
5fa18468-64e8-4ffc-9f3a-cc68ae3e6268,2021-11-01,West,Furniture,1316.89,97.46
1b2765f6-f383-44f7-addc-ac0a97206c66,2021-01-20,West,Office Supplies,1420.44,-257.47
076451d3-275d-4459-92d3-6897d6442365,2022-09-20,East,Office Supplies,26.64,327.25
b52c4358-d4a8-445a-b5d1-d77614c08f6d,2021-02-21,East,Technology,443.16,150.12
a0dbfca2-743c-4b6b-bad7-c891a8d791b6,2021-03-24,South,Furniture,1326.75,-365.71
a87319fe-981d-4530-84f2-0d97f4881671,2021-10-14,South,Technology,973.14,-243.06
0b398e89-f842-4163-9455-5290017c75c5,2021-10-31,East,Furniture,20.57,123.52
73fe7e1d-f36d-4b13-9f53-4d9aa7faf009,2021-03-26,East,Furniture,1610.94,653.87
fff446b9-bb46-4c13-b28a-030b532da8fe,2021-10-15,South,Furniture,1547.89,236.31
cc0a628b-f518-4923-a829-2e3bbbfc5dc1,2023-02-20,West,Office Supplies,1101.35,386.0
dcffd7b6-361c-4373-a11b-20eb91b45e06,2022-11-02,South,Technology,142.26,-59.26
486fac8f-a4c5-4ae5-8d32-e7120c767092,2022-06-05,Central,Office Supplies,1535.36,242.83
be69ad39-0e37-4b07-8c53-5c3e52bb530d,2023-10-03,East,Technology,1171.59,81.59
9a2fc701-f3af-4b09-8c12-6e0e121af952,2023-12-11,Central,Technology,1566.1,356.87
41526bff-661b-4738-97b1-6c4361a2d612,2022-06-05,East,Furniture,1505.98,-434.25
c5583a17-f70d-48a0-bd75-e4232d921dab,2023-12-17,South,Office Supplies,1607.97,141.29
054046cc-16d5-4b84-a61f-7117dd926cbf,2021-01-30,South,Office Supplies,1040.84,-115.21
6374ed14-29b6-4b14-b54e-15ecda33562c,2023-11-16,West,Furniture,289.25,-75.96
a5accd5a-48f1-4eed-a703-7089c78cd2c3,2022-05-23,West,Furniture,1345.6,749.19
27755e9d-a770-4217-b455-af73c0a7ad9c,2021-08-03,Central,Office Supplies,1244.74,-262.5
cd14eacb-7da8-4631-8c6d-8ddd1edfc59e,2021-09-19,Central,Furniture,1487.08,-95.38
ebf484d0-ce6d-49bf-bc63-3d6c6eaf0a90,2022-03-24,Central,Office Supplies,348.06,162.86
9a7fde23-af59-4a66-a75b-21134f62cc9d,2021-05-29,South,Furniture,398.0,621.94
189ac35d-aa5f-49ca-9bea-530d219c00cb,2021-05-29,West,Technology,1781.91,41.67
332ac35a-833d-4df1-9e11-a680d5016ada,2022-03-26,West,Office Supplies,1502.46,467.02
6359d5ce-e2aa-4dc7-b208-838e7d57ef69,2021-08-27,South,Technology,1817.37,613.29
99afee64-9024-4225-84bb-10e079f7f38c,2021-02-12,West,Technology,1519.84,-96.98
6c2b5781-c1a9-4ee2-9718-cfde6c4e5a8c,2022-09-20,East,Technology,1198.34,10.58
2fb50401-9d26-4076-9e44-b774cf9d539c,2022-09-28,West,Furniture,1311.72,-36.48
17cb67b8-6d0f-44e6-a174-a7856f2190cb,2023-01-17,East,Technology,1779.36,582.71
f9285706-577c-4717-836a-58870a5a2698,2021-02-26,Central,Furniture,1161.83,-442.35
a5c9cf20-3967-46aa-ad2b-2c8276a990f1,2021-06-10,East,Furniture,1268.46,-99.05
ee403b9f-27b2-45c1-b6b0-d0b9afad328e,2022-05-05,East,Office Supplies,321.39,383.23
a5b09024-a12a-4119-86fb-bcdb7ecd7062,2021-04-28,South,Furniture,953.1,235.08
77dd362b-4a6b-436b-957f-108b86514886,2022-02-02,West,Office Supplies,1435.63,67.18
cd320878-e83e-43a0-9445-587e6ff6881f,2022-05-12,South,Office Supplies,549.18,201.93
fbf3a106-260b-43e0-8ce6-929f7a44bd05,2023-07-04,South,Technology,412.49,-243.14
4ce794d7-e724-4119-af2f-32a720b6d43c,2023-05-30,West,Office Supplies,634.52,59.93
6d7fd4e2-85e9-4c6c-bfa7-c199d76f0813,2021-08-09,South,Technology,490.59,152.21
8d0df6f6-0c37-4b80-918b-8e184ba4af25,2021-01-30,West,Furniture,437.68,671.55
836f224b-0b8b-46f7-aad4-4e111397a29f,2021-05-29,West,Office Supplies,855.45,-160.91
69bba3c4-6cc7-41f0-82ba-0fed1b8dc821,2022-09-17,East,Furniture,1816.6,628.18
b8663c7c-a92d-4f4f-b6f3-ba5018302082,2022-10-22,Central,Office Supplies,1019.05,337.51
5aff4594-40dd-4895-9015-48989187c9a0,2022-01-24,East,Office Supplies,383.96,-473.56
c4c608eb-14ee-4987-95e7-c6e4413e84bd,2021-11-16,South,Furniture,163.17,442.02
bd9277a4-1d2a-4042-842a-2f6480e1be4d,2023-03-18,Central,Office Supplies,1395.35,-453.78
c942e6e8-2df7-41e0-b67f-3c15a95d3271,2021-08-07,Central,Office Supplies,771.77,796.6
0b961346-6498-4a39-97c8-f02c2ea5312a,2021-07-19,South,Office Supplies,1645.44,634.43
b4522738-e073-49de-aa8f-7654155287c7,2021-07-30,Central,Office Supplies,1322.43,-113.45
b95e44e3-9653-49ee-905e-c9d64c32a0a2,2021-08-01,West,Furniture,1594.52,-165.37
732fc932-ab96-4697-81e1-f813747ac231,2022-03-08,West,Technology,551.17,-4.13
5761b099-43db-4a42-8ece-36ae9fb209b1,2021-02-28,Central,Office Supplies,1387.79,-36.98
cf5c8dd3-df10-4434-ab09-6202f77aefe1,2021-02-18,South,Furniture,535.48,-15.96
140642a8-2f61-4334-b608-93b22febcc33,2022-05-12,Central,Furniture,1878.75,-86.24
4262a48c-9aa3-4580-bb70-8dd7bf3d5023,2021-12-27,East,Technology,1276.38,307.47
6f0d7229-1b38-4c72-ac64-8459df22367d,2023-07-02,Central,Office Supplies,655.78,-286.46
651a6277-017f-419f-8496-179588ccddbc,2021-07-22,South,Furniture,546.33,599.78
a7e29299-2bf6-4915-8367-ee2c1ddea07d,2021-10-14,West,Furniture,389.94,556.12
67b41520-b11a-4696-b5cd-3e5c7a248720,2023-10-30,East,Office Supplies,1392.34,119.43
be86f5d0-f73e-4b07-a860-25bfde68666d,2021-10-01,West,Furniture,445.24,608.55
4d844cb6-7c99-486e-b9d5-546c9a154b85,2021-03-15,Central,Office Supplies,1194.65,-178.71
9de2fd3f-f952-41e8-9029-733c9e55f98d,2022-08-02,East,Technology,536.62,-477.16
f69072cf-ac7e-4cc6-b0cf-3e7f5c58b8ba,2022-08-10,West,Furniture,1327.32,304.97
cdfcef75-651e-49f1-acd3-80efb0b710ab,2021-08-06,West,Technology,1631.73,95.28
2296d3f6-2005-4d7e-966f-419a4d7ae829,2023-10-15,East,Office Supplies,1558.27,237.31
d0e34b2b-1ca6-4c33-b0d8-67cd038d5f5a,2021-02-12,East,Office Supplies,1524.09,669.14
302f420e-f874-45ca-b22f-2e9104110e35,2021-05-29,Central,Technology,383.57,760.9
7b2a7f10-3590-4039-86dd-5e19dbe83664,2023-10-28,Central,Furniture,185.89,324.79
3de54ee2-a655-496c-a528-d32da60c2bed,2023-08-12,East,Technology,1400.91,493.27
dbb24c33-a045-4992-9793-30f16f8fd55c,2021-03-14,South,Furniture,743.01,-391.05
160a3a13-30df-450c-89e0-8b89ca3e3238,2021-04-28,South,Office Supplies,870.37,-291.07
25ee2f0f-76a3-4eb0-850c-71f44d08f416,2021-06-26,West,Furniture,71.99,453.17
1dd03ecd-0595-49a3-ac00-46f07957595f,2021-11-19,East,Technology,526.56,60.78
bd20c36a-2705-44cb-a704-b1152a85e3b1,2022-02-02,West,Furniture,77.02,79.75
7c2c0791-f6bf-4aa9-b1fc-f2e6b3dd7820,2023-04-10,South,Technology,1759.58,-98.81
73137fa5-dc1b-4eb1-8506-536c78b3842a,2022-04-22,West,Office Supplies,494.36,289.56
4b7a123e-338a-4a2d-be1c-fa1495d16384,2021-11-21,West,Office Supplies,1119.1,-259.29
6448a3d5-d576-4137-9456-e29d91c631cf,2021-12-14,Central,Furniture,87.57,314.99
1a482803-0204-4c81-9577-32970d093c73,2023-06-14,South,Technology,1337.03,-274.06
6e89a7a8-b68d-4037-98fe-3fb8a1628abf,2021-06-06,South,Office Supplies,652.82,-417.03
7ee667de-d93e-4a4d-aa6a-642bfabfa7ef,2021-10-26,West,Technology,1796.86,-70.54
bb27f6bc-9888-40d9-9423-251ebcb12a00,2021-12-20,Central,Technology,1777.36,-199.52
0979f5d3-4a70-4330-bfc0-31368de6e6b3,2023-09-24,East,Office Supplies,657.33,655.69
836b47c3-7c71-4cc8-a651-73fa7ccc9258,2021-09-28,South,Technology,1802.91,-428.56
ef6e9295-9c8a-4485-b980-50a6974e598d,2022-07-19,East,Technology,1992.35,-270.4
de1d4653-d112-4bb8-a7b2-df91adbd2e33,2021-10-10,Central,Furniture,1652.58,213.34
0f8a579c-b6db-4b2c-bb5e-2d657ce71cca,2023-03-15,Central,Technology,1691.29,125.39
938f2b90-6c08-4d6c-84de-78f8873f3f03,2022-08-12,East,Office Supplies,505.53,-440.39
4491be40-1042-4a8e-8da2-2a3950db8e34,2021-07-01,Central,Technology,1157.64,-490.57
e39eb7c2-6ac9-4528-a5f7-01fee493998a,2021-11-30,South,Technology,143.84,784.49
9f690cde-7eaa-4a91-9def-d401792cad76,2021-09-03,Central,Technology,198.89,356.49
72c573e9-58c5-4875-a56c-0a56f05ff9c3,2022-01-13,Central,Office Supplies,1997.8,-24.97
294d25fc-0553-4a50-afac-c50db2904e73,2023-07-18,West,Furniture,660.01,111.56
78202426-3134-4ab8-b9e8-d78149bb1313,2022-01-30,West,Office Supplies,1498.89,-153.48
81f46dfd-3b6b-4c0d-b028-05af580661f1,2022-06-06,Central,Furniture,1615.26,-51.66
af5a7636-e8b8-4252-9670-cd19383e69a4,2022-10-02,East,Furniture,1717.47,343.76
da7bf28b-9a23-4be3-abf6-dd3256d2bb12,2023-11-22,South,Furniture,1995.28,647.66
77ed78d9-a82e-4889-b717-4acfd7abed02,2022-03-17,East,Technology,490.58,-260.63
b9163357-4b1b-4f3b-a217-a6df21939b93,2022-06-02,South,Technology,90.3,592.47
6ab76840-f5b5-4c71-a3ef-5e69b61d56f5,2021-07-16,West,Office Supplies,828.27,-341.98
a70a409d-ac50-4260-b0f2-4933d544c79b,2021-12-03,South,Furniture,268.86,-220.51
78ea47e2-cbc4-4d42-9c39-b57dbc0dbd13,2022-04-18,West,Office Supplies,54.63,-451.67
297a8503-d833-43c3-b88f-a199ccbcbf4b,2021-10-16,East,Furniture,727.25,-316.94
b0d18df1-484f-4db9-b50b-9f519f310fff,2023-02-17,Central,Furniture,1569.64,692.49
7b9ea9eb-aac4-463f-9610-ac0abfcf214e,2022-09-13,East,Furniture,1136.7,97.27
2804335a-3311-45e0-ac5c-ce54210c78d9,2022-04-09,South,Technology,632.43,-399.03
cb21aa80-19d4-439a-bdff-e27d9b125dfb,2022-04-08,Central,Furniture,1312.14,747.64
7e64c44f-fe67-4797-b16c-084e6a7df379,2023-08-05,West,Furniture,471.72,642.69
8e8c71d8-359d-45ae-bc16-89c24dbc217c,2022-11-19,East,Office Supplies,38.62,481.09
5bd972c7-04a4-44e7-bfcf-956e0c0b6cd1,2022-10-28,East,Office Supplies,1531.06,713.51
ad4b24ec-5b67-4a25-82c4-5041e1831003,2021-01-08,Central,Office Supplies,1251.25,-213.83
dc05ae03-d3f4-41e7-acba-1bc6289a5e38,2021-09-27,West,Furniture,1526.98,587.28
ce8b76a2-082f-4fb9-80e3-fe4fe4fb2a3b,2022-02-14,East,Technology,87.49,396.99
1d2d1771-6e3d-4494-9675-c8f3104c6350,2023-06-26,East,Furniture,1675.87,630.69
8fde042a-1ee5-4930-ba08-5f6a9e189a98,2023-03-07,East,Furniture,1242.86,535.99
fe60afde-4200-41aa-bc82-6fbe395e54f0,2022-10-31,East,Furniture,1131.16,-49.56
c4f5b03e-5af1-428c-88ee-46bf571f7cdb,2022-10-30,Central,Office Supplies,1252.98,506.72
8e990457-e0b1-4762-8524-f0470bf2fb51,2021-10-28,West,Office Supplies,1730.22,-158.81
da78f4c5-26b3-403a-a575-13a5447a4e2c,2022-02-20,West,Technology,1178.0,-72.83
9ab2b735-83f0-4e7d-9faa-8505b0acb9ba,2021-09-28,West,Furniture,1166.09,-359.72
0ce87570-b4d6-43e6-9aa9-0d26ab636d66,2021-03-26,South,Office Supplies,1981.45,715.6
cc8a6796-7015-493c-b23e-9a06ed37c2ce,2023-06-26,South,Furniture,1515.89,-121.7
c179c596-d772-463e-b670-0a627506d74c,2022-07-08,East,Technology,890.16,176.81
c81a5f0f-1b1b-4a94-b983-4d4b1c65f6bd,2022-01-20,South,Technology,1417.72,8.73
dbbf46ed-c83b-4467-9c12-67d29c4e7b65,2022-11-11,East,Technology,784.57,747.91
8ffe38c9-d2d8-4eb3-9a14-0609f287b989,2022-12-06,West,Furniture,465.46,-64.44
2ac38bd3-1afc-488c-81de-c9db0abe8257,2023-09-17,East,Furniture,1197.74,512.11
34943114-def1-4d58-9e39-2331a142d68f,2023-11-07,South,Office Supplies,1857.08,612.04
ba751921-2833-48ea-9c94-563ae9365d1b,2023-01-06,South,Technology,1858.99,66.29
c3101e2e-7107-414f-b54a-31ba4ac8927e,2023-08-30,West,Technology,690.39,-8.38
ded89c47-bb88-454e-bf96-8d71818270d2,2022-01-12,East,Furniture,1060.08,472.07
5d1ddcb7-a5a7-4280-a77f-ecc6196b58f1,2022-03-06,Central,Furniture,431.16,686.76
1f7bd82f-2345-4e72-91b4-856255a8d6a1,2023-10-26,Central,Office Supplies,1991.31,481.41
f83a1bce-7069-4977-b3af-15bed93d8722,2023-06-09,West,Furniture,1962.42,-204.74
01afb939-c4df-4b8d-84eb-8e5d6a6e94cf,2023-05-05,Central,Office Supplies,1302.52,654.8
7942000a-cf24-4413-95b6-54383ecd0888,2023-09-17,East,Technology,1610.78,3.86
2bd7d038-8149-4b7a-8968-fdf25760c094,2023-08-30,East,Furniture,1433.05,249.1
b717548d-5f57-4d27-8419-99b615d1e2f8,2022-07-15,West,Furniture,1190.38,580.87
a1230193-5c53-4042-aa3e-0103c13d8929,2021-10-03,East,Office Supplies,116.16,-255.09
c0d2201b-26cf-4e04-bed5-e52eaa3d2111,2023-08-24,East,Technology,914.98,519.86
c986f893-6bf5-4c98-8797-2916c0e5d883,2023-01-04,Central,Furniture,1352.82,275.01
6dc75587-cd40-4648-a353-98a63a6a22d9,2021-12-27,Central,Furniture,1358.29,661.34
e5e79add-68c8-4ed8-ab03-5cda69d53317,2022-07-08,East,Technology,752.51,-276.44
8422c0cf-da36-433a-b3ab-d2467570d730,2022-09-21,Central,Technology,1883.97,46.89
f198f62e-5c9d-4ead-aea4-91fccb6b6306,2021-05-24,West,Technology,343.04,582.7
c528ac36-2545-434c-b14c-d65e079e8b0b,2022-06-04,Central,Furniture,1005.72,-475.0
8470f6c8-ce66-41cb-b7b6-51ee028bffb6,2023-12-06,Central,Furniture,1384.86,-354.14
569b111f-15b4-466e-91d0-12a7f19293c9,2021-10-03,South,Furniture,1397.3,787.73
c5ba36af-fb60-4e1c-a6d2-975250970843,2022-08-19,Central,Office Supplies,1300.79,-135.49
64ad1905-0fbc-4377-af1f-5c6a2a112eab,2022-09-21,Central,Furniture,557.82,768.21
ec2a322b-a901-4e33-897e-f98dc25a6eb3,2022-07-31,West,Furniture,320.85,-262.71
93162f53-e70a-4828-a6a4-cbefa437199c,2022-06-01,West,Furniture,1275.52,-30.58
fae45d7c-a1b1-487e-ba4c-b5590ecc9ff5,2023-05-25,Central,Furniture,1202.61,478.73
e0354d75-a90d-45ad-8c8f-e6ceb69f627c,2021-04-14,Central,Technology,366.92,355.11
6b579789-4bb4-4889-b900-5224851031c0,2022-02-20,Central,Furniture,1413.23,255.46
b366ffd1-ae4d-4a19-a2c2-aa2466e9a80e,2023-01-28,Central,Furniture,915.79,188.87
b8b791b0-4de8-4d1e-9fa0-bc178db969af,2022-08-29,East,Office Supplies,1338.84,596.47
581ab26c-e8c3-4a79-904e-54acbe216c79,2021-09-02,Central,Furniture,1676.36,-194.57
e67410de-479f-45f3-93b6-81500205e16a,2022-07-29,Central,Technology,347.76,75.21
2598bc54-eba2-467c-9c43-3e67871d5bfc,2022-01-18,West,Technology,48.1,-297.91
a4d546e1-7239-4201-a768-7c42b3468999,2023-09-21,Central,Technology,1560.41,274.72
9fd60922-8b5f-44aa-a338-6d523483a23b,2023-03-05,East,Furniture,1223.3,-174.29
71305648-a6eb-4702-9e41-8884c9d0c0fc,2021-04-05,South,Technology,1402.28,-66.01
cfd42949-e33e-4976-9862-5813b28d7506,2023-08-21,West,Office Supplies,1677.93,112.63
c680a2e5-678d-4f97-a614-f06ac81484cd,2022-10-10,Central,Technology,1607.59,-465.2
15936f42-4d31-49b3-a187-8e933281f976,2022-10-09,West,Furniture,1922.23,-380.48
63d69dd8-55a1-4414-8995-3dd10976e09f,2022-04-12,South,Technology,1076.51,391.71
e13f8740-bd74-4fe0-b808-8e14b9a01137,2021-06-13,South,Furniture,982.11,57.66
8a713a73-fdee-4aa1-853d-80902041e7ed,2022-02-19,Central,Technology,809.76,624.23
82fce908-17c3-45fc-b6b7-4e2748af7f10,2023-01-05,South,Office Supplies,315.85,403.07
5738b277-8576-4472-8fef-c63f8d41d660,2022-07-28,South,Office Supplies,1149.49,-489.47
05fef7bc-28f7-4d49-a2bc-491ec1cdc9a4,2021-12-07,South,Technology,561.25,301.73
8a39068b-cbed-4473-a3eb-f7c10723e11e,2022-01-23,West,Technology,1843.4,-378.16
d50cf57e-3dc8-419c-8239-850b97ae50f0,2022-09-21,West,Technology,1170.55,515.21
6c3912ef-b9fc-429f-8dcf-2615c62f3461,2023-06-23,West,Office Supplies,1189.75,788.96
bb63721d-1c45-4ba3-8159-ace5fca91028,2023-12-21,West,Office Supplies,716.3,190.56
427f6635-5f7b-4b00-9772-03300f589a93,2022-07-31,Central,Technology,113.46,387.61
1fb235c4-5abe-43fa-81eb-7abba08262df,2021-09-05,East,Office Supplies,73.17,-191.49
f0fbdb65-a6a5-490a-81ad-e98a0c3838a5,2022-03-25,West,Office Supplies,852.44,68.88
928b1e4b-4c47-4ded-b2e0-6bb41fef9a77,2022-11-17,Central,Office Supplies,178.29,612.92
56c76990-7401-43c1-8155-aa51bca2c581,2022-02-25,East,Office Supplies,1217.63,-282.35
beea002a-ce2d-4105-bc70-dfcafba2a5f1,2022-09-04,West,Furniture,1763.14,-154.8
b6f31d02-90ca-4ac3-94e3-552bfd2f1be9,2022-11-06,West,Furniture,1767.0,79.06
aa5f8dfc-a0b3-4a83-b002-9577e4f364d5,2022-05-09,Central,Office Supplies,1321.5,425.92
3bdccce0-9875-44da-9830-dffe88859ae5,2023-11-03,East,Furniture,430.35,-11.35
aabb6cac-48d7-4165-8c98-7a1b59afb1d1,2021-12-29,South,Furniture,1727.36,706.05
92a0c677-b700-43c5-90a9-0840c8e7f2f6,2022-06-10,West,Office Supplies,1773.33,-377.21
60aeb372-b6df-44a6-a3d5-2be0ac249f30,2021-11-20,East,Technology,401.34,-17.95
1af026df-3f64-45ee-bccd-9b8c8508df91,2023-05-22,South,Technology,1477.48,421.64
314b4d36-9516-4359-8436-2fc753edc74f,2023-06-21,South,Furniture,580.17,-206.22
744da236-5c7c-4778-874f-054fd2a5d216,2023-12-22,West,Furniture,1607.25,353.34
6cfa28cf-b62e-410a-a584-83851915bb1c,2023-12-07,East,Office Supplies,1994.5,-286.52
179d9ae3-14fa-4d50-a97c-4d7dd4147d03,2023-12-23,West,Technology,69.75,-427.23
214bd473-e375-4867-acc5-60710febecad,2022-09-26,South,Office Supplies,1795.76,-342.68
13fc927f-7237-4f5b-b6fc-1c4679ebb8bb,2021-07-17,West,Office Supplies,1249.03,708.98
671adde5-86b8-4fef-ad44-3c485e8a10da,2023-09-12,West,Office Supplies,1947.03,217.28
c7610e83-84d9-4451-8f18-8e729696dc6c,2023-06-15,East,Office Supplies,935.37,535.25
9594eea8-4381-4e47-9f3c-5c8a651076d6,2023-05-07,West,Technology,1696.3,-67.55
ff1b654d-6c65-459d-a2ef-1e217fb32568,2022-06-11,West,Office Supplies,134.16,270.46
f2a45575-ee58-4967-b063-796a70a91477,2022-01-24,West,Furniture,677.21,143.44
6abb6c41-f928-42a9-bb51-cd747d52903f,2021-08-28,West,Furniture,143.36,729.46
817b2f21-24f3-4f14-a9b0-1062d2e55512,2022-03-26,West,Technology,1950.93,471.85
752caa97-b60d-46a3-bc19-8515208b326a,2021-11-11,Central,Technology,1635.78,449.71
83601fb5-b45b-4ad3-b7d0-eea0211f632b,2022-08-27,Central,Office Supplies,1706.57,-439.74
b1c8d50a-1e39-4f21-8775-cabfdcff5f1e,2023-02-07,West,Furniture,1876.55,214.57
0858f527-792d-4499-b497-375c366fbddd,2023-07-10,Central,Office Supplies,179.36,107.09
8f1c5f8c-f1ae-4af9-a826-a561bf1a61d7,2021-08-23,West,Technology,777.34,706.19
1e6773d7-f3aa-472b-abf4-5b9d5e8c8bbf,2022-04-08,Central,Furniture,151.36,-165.46
1c3efda4-689b-4fb2-9a31-7fd79a0278a6,2021-06-10,West,Technology,429.48,-149.22
4a229ba5-925f-4cc6-9e9d-2f8a1ef11a27,2022-06-11,East,Technology,466.44,34.75
1e245a97-273e-46f4-85d4-bf0f0a4fee3b,2023-01-08,Central,Technology,943.52,-183.62
5fdc9844-fdb3-4e45-8e0f-89b95f187c02,2021-05-08,South,Furniture,544.44,-332.06
07298d47-7c65-4dc9-8b42-5bba4da273ed,2021-09-01,Central,Furniture,210.95,614.64
c8a6a005-2463-463c-a493-16b4ca8c5366,2023-09-23,Central,Furniture,343.31,225.76
efd37a6d-0c74-4518-abf8-43df96f19d54,2022-12-12,West,Furniture,303.08,619.77
48924bd6-e399-40dd-8e1f-39bee4edc295,2023-09-29,Central,Technology,1946.42,580.48
bd5a6112-d1b2-4e3c-aede-2487373058be,2023-12-21,South,Furniture,1520.99,-133.34
8c2b678e-1f50-41aa-8088-b13a7d2194cb,2022-10-12,East,Technology,1935.85,212.06
0b704f97-ded4-4617-914b-e8ca59410ea3,2021-11-02,Central,Technology,885.08,-391.82
4f489f45-92b4-402c-bb2e-60e16ae63480,2023-08-30,West,Office Supplies,563.95,689.83
567b9583-e679-4a4b-b3ce-cf7c90d5e87e,2023-04-30,West,Furniture,1598.6,25.54
d59f2b69-79a8-432f-a097-1a15c80682d3,2021-12-15,Central,Furniture,659.25,11.78
21ffcf72-9b0f-4aa7-956c-478fb8541d6a,2022-05-19,East,Technology,605.77,-106.42
a2ef0f53-8138-4447-a376-324fc30f3c69,2022-02-26,South,Technology,472.69,98.86
aacefa98-732e-4280-82fd-617775ffe99a,2021-11-27,South,Furniture,268.06,-172.71
ba554e35-ddc8-427b-a623-b91a72f68fe1,2023-10-22,West,Office Supplies,520.36,-12.69
9ff0f466-ccc0-4446-96dd-58af53415fe2,2022-03-22,West,Technology,717.09,539.93
6321d753-68dd-46fd-9fa3-8f4baa1cd2d8,2022-10-01,Central,Technology,1351.25,584.53
56c890a5-6538-4f11-a676-6b0a3b9a3daf,2023-05-03,East,Furniture,134.5,-104.56
aba23511-f544-428c-8bba-d72a8a7e9cce,2022-05-26,East,Office Supplies,428.91,109.72
47020de0-bc64-47e9-b16e-c0b6e3d9de7f,2023-02-17,West,Office Supplies,1619.96,635.97
2a65bae3-ddaf-4233-96a9-e518a55ac92f,2022-10-29,South,Technology,302.37,-431.52
a14ed649-926e-402e-8659-8f83b50b9ff8,2022-01-18,West,Technology,691.86,655.89
4f10aae3-b518-474f-8587-4243cbd10fdc,2023-11-05,South,Furniture,1730.67,-215.06
a4d78f64-1fb0-46cc-a529-2f568fa09a4c,2023-06-17,South,Furniture,318.3,382.1
f485e944-3142-40c7-95cc-861a8f31bf2e,2021-02-10,South,Furniture,174.65,257.32
c1f31143-93ac-4eb8-8ab5-a7999e63638c,2022-10-04,South,Office Supplies,974.23,218.82
8591a818-91fb-4925-b511-24380d892ced,2021-06-07,South,Furniture,611.81,617.17
80acefb5-79d0-4e2b-8024-9b51307c3f63,2022-09-03,East,Technology,1131.18,-367.96
a8835c66-1eca-40c0-84c7-2b2ae598e5c2,2023-04-17,Central,Furniture,1609.57,-48.86
f65e52fd-2e03-49cc-8827-f0b5efa99c7e,2021-08-17,South,Furniture,282.93,199.73
34afa2e1-c968-48ee-8663-f1a104db73f3,2022-04-05,Central,Office Supplies,1165.59,554.68
d6c34b19-b4a3-4c95-9466-99843ecb1bd6,2023-05-29,West,Technology,1015.96,-218.62
15ab7cd2-71b9-45c8-945d-91a5e33d6982,2023-01-01,East,Technology,296.72,543.81
5207c6cc-9b5a-4674-8896-54b2ce926059,2023-07-06,South,Technology,1251.76,19.53
7dd12d57-0b84-4c50-96c1-b18366dc3989,2023-09-20,Central,Technology,554.54,-254.41
57076494-05f4-449b-af10-b6ccdcaa5994,2022-01-03,East,Furniture,980.79,486.68
06289878-6a39-4607-ae35-c5c86fe05fa2,2023-08-15,South,Furniture,173.72,-381.83
61cb78c3-513f-49a9-8724-91cadc11eb13,2023-08-04,South,Office Supplies,924.57,169.2
fad34352-1d59-498c-974d-6b8741d6676a,2023-04-29,West,Furniture,619.86,-416.96
490ccf97-2b0c-456b-8ab2-0bf4196dedc0,2023-10-19,South,Office Supplies,1646.54,-36.66
c4af9dc9-416c-4562-aec3-641124df6dcc,2021-04-30,West,Technology,123.39,281.4
f3c1114d-4e8a-40cb-a77b-71ea16f1e5cb,2022-10-08,West,Furniture,843.03,222.95
0f14f86c-2b50-4ad7-adb9-4a81684344a1,2021-05-30,Central,Furniture,922.28,26.05
2e740569-5346-405c-b60c-2dd39d4e42f2,2022-07-05,South,Office Supplies,1452.76,57.76
4c4b52aa-0ef9-4903-b69a-deac06f4b0ee,2021-12-15,South,Office Supplies,1152.83,-205.2
24784b7d-51ee-4cc8-9947-4d1a63d316c1,2023-11-13,East,Furniture,1337.75,92.65
4207fb51-52ff-4ff5-a49c-5edd69aec17b,2023-02-16,South,Office Supplies,1556.33,739.23
e645bb00-d3e6-4c21-b10b-394d6021a15b,2021-05-10,East,Office Supplies,1725.78,605.59
3d57ee27-33da-4fc1-8d47-e26d1ef7a52e,2021-06-07,Central,Furniture,634.61,-311.2
3c8aae87-9606-406a-98d5-4b7ec08bd631,2022-09-04,Central,Technology,1080.67,-461.28
8121c051-c09c-4132-8235-00f97e33e68f,2023-03-12,East,Technology,1681.82,713.58
44f00717-1d75-4901-b309-106e62928cdc,2023-10-16,East,Office Supplies,1979.01,184.77
8d9957fa-76fe-4cd6-917e-7f4a0f8593c3,2021-11-02,South,Furniture,1780.14,199.19
0766699f-7bf2-4a06-90c1-de9c683629ce,2023-12-16,Central,Furniture,749.22,514.93
e9ea8b10-3bd6-4a06-a22f-c33168518341,2022-12-19,East,Office Supplies,398.38,-90.9
8dd7e052-44e7-4702-84c4-7757e2db1ce3,2021-05-18,South,Furniture,983.89,126.48
19fc8579-acd3-4f62-960f-69fcf6a646ee,2021-02-15,West,Technology,1485.87,759.26
a6cc0a57-8e01-4eb3-8352-8ba43f0e924b,2022-01-16,West,Furniture,990.21,373.79
91788bdd-4dfb-4b6e-a025-7194c903cc1d,2021-02-05,East,Office Supplies,971.53,-300.13
d8a5aa52-157b-4495-b22b-e4aa68208025,2023-02-12,West,Furniture,1678.08,-326.81
c86aed73-3415-4076-801c-5617a2c3b917,2021-11-20,West,Office Supplies,729.19,-234.46
8a5a4272-5f90-4e57-a472-2a76f7c90c89,2023-01-07,West,Furniture,1720.99,496.73
3ec2e72a-c832-43f0-ab0e-63fdfc3d3138,2021-07-23,South,Office Supplies,819.54,-116.01
f61b2bfd-6c7b-4a77-b3de-6bc2899bef4b,2022-08-13,South,Office Supplies,663.18,-472.19
0ab2e2ca-73a5-4d2e-8e1e-7525e957967a,2021-04-02,East,Office Supplies,913.44,727.43
f60b9881-76f3-4fc7-9009-6b2a00419afc,2023-01-03,West,Furniture,1527.27,-279.37
a72edd5f-4a0c-408d-9ee8-27fad451b59f,2023-12-10,East,Technology,260.74,-487.57
0f67a174-0023-44e2-aad9-8682f8da5a79,2021-09-15,West,Technology,400.87,-191.73
45f72e6c-7b70-4f15-abfb-c97aeefa4d76,2021-01-07,West,Furniture,1903.38,-194.46
ae1455f4-d6e8-4ad3-803a-423a990ddc73,2021-05-29,West,Technology,359.23,48.61
d7aa0f83-59f6-464d-bfce-50b36151bd93,2022-03-02,Central,Office Supplies,1139.78,696.51
d7371450-95cc-4da2-b677-0e04a1d8507b,2023-04-14,East,Office Supplies,1162.84,642.94
29529420-0ba4-432b-8804-044c82a4e22e,2023-08-12,West,Furniture,984.35,93.96
11e74656-9026-4d4c-88ba-135ebd3b17eb,2022-10-21,South,Furniture,1293.04,34.17
b2cc4372-6532-43ae-96f7-91ac4cf6a297,2023-01-19,West,Technology,467.36,221.51
b99e6f7b-23c0-4eb1-949b-862d1f7b6b19,2023-05-11,South,Office Supplies,1109.8,-183.51
e0d6e969-478a-443a-bfb2-bfe18e7569bc,2021-01-30,South,Office Supplies,750.62,-432.16
813be64b-9c46-44d3-b5fa-46fe6e951719,2023-05-14,South,Technology,1326.72,720.99
e2495790-517c-4dec-8d53-9417f5194ab9,2021-08-06,South,Office Supplies,291.03,-257.29
a29a7e5f-57b6-41aa-b206-4a1cae9e2bbf,2022-08-24,East,Office Supplies,1146.05,-242.08
b52f5f46-c0b0-4dd0-bac9-b5b642e88605,2022-03-04,West,Office Supplies,378.69,114.2
a98afcb0-3ef5-47fe-85e4-307a73e5550d,2023-06-11,West,Office Supplies,564.5,139.1
35eb728f-5775-4d0f-9256-e276fba75385,2021-11-20,South,Furniture,445.23,-476.04
5415c636-9979-4a46-b580-8b5975b568d7,2021-07-03,West,Technology,373.85,-307.66
223bd9be-b11c-420e-a9fd-197204105bd1,2021-07-24,East,Technology,1653.16,-8.4
9bd972ca-0086-4f9e-ac19-1606a57d4eb4,2021-07-10,East,Furniture,578.56,388.85
0273be68-e6c5-4969-8118-71cf79fdcd33,2022-03-20,Central,Technology,1854.98,-203.06
8e484bc0-69c5-4d69-ac6c-db5aac367cb9,2022-09-11,Central,Furniture,1940.15,49.92
7d2d93e8-b40b-4288-b24d-2a35e5304b87,2021-11-02,Central,Furniture,1146.81,224.55
14c62aba-89c2-4ba5-a48d-f4c0c330ec14,2023-07-09,East,Technology,294.57,655.17
a6b96653-a62b-4d30-a070-bdb9c98cd5fb,2022-04-08,South,Furniture,755.35,-76.11
e47f9c7e-07ec-4d32-89e4-ec2813d88e04,2022-11-18,East,Furniture,1597.49,-326.37
71f71add-abee-45b2-90e9-15d4d50372a8,2022-09-09,Central,Technology,741.11,136.05
f8d78cbc-5a5d-4cc5-9f98-2a0dac184ef9,2021-10-13,East,Furniture,183.16,470.74
99ef827f-d3d4-4dd3-a05a-34f5d0126e91,2022-05-18,Central,Furniture,1118.0,-357.18
d6d24227-2d5c-4a61-a302-1daa5ba3a49c,2023-09-26,West,Office Supplies,1691.79,52.09
fbda05ae-b270-4103-8fd6-b161c49968dd,2022-03-08,South,Office Supplies,1593.89,-476.88
5ed7d1a6-7673-4495-9ff0-864c02288f07,2021-08-12,South,Furniture,358.5,-456.37
0265a223-71cf-4772-b167-d947efadf069,2023-06-18,South,Furniture,1348.8,127.84
c227e0f2-0510-4943-be3e-b6f738b595b9,2023-09-11,East,Furniture,448.8,-112.34
b58dfc59-ebe0-48c1-ae38-cf4647f86de4,2021-09-13,South,Technology,444.23,598.64
d0f7c7b0-1708-4bbd-b106-e8ce5b9a289a,2022-08-27,West,Technology,1749.4,282.8
cef44098-4d9d-4bb1-a00f-80d49d0a94df,2023-12-28,West,Technology,506.84,90.11
fae91634-3bf8-4406-b89d-2267b7c25d94,2022-04-06,Central,Furniture,533.86,30.32
096b7724-5ced-43b3-b7a0-be7a7e6a3ea7,2022-06-20,East,Office Supplies,11.3,146.42
b43c7851-e78d-4f32-be2a-9f7347dfa607,2022-09-22,Central,Technology,1742.63,-447.43
01d3a033-3586-4e6f-9b24-955cb4fbdaf2,2021-11-15,East,Office Supplies,1587.26,660.63
a3708c7f-d235-45df-bbf8-b1fe3232be72,2021-10-25,East,Technology,1258.38,797.79
47003fcf-deb2-4490-9c66-fdd96565e779,2023-07-18,East,Technology,1503.03,-264.07
2ba46308-7e77-46aa-8015-575691b0af07,2021-06-19,Central,Technology,312.58,-343.5
bd22f7fc-a8eb-4ba6-b19a-ed6a8d41cb4c,2022-12-16,South,Office Supplies,922.06,-313.35
9a5c68ad-aeb0-4110-ac13-b24990d22d54,2021-08-04,East,Furniture,708.93,359.34
9691f45d-10bb-494e-acef-755790ad07c6,2023-06-28,West,Furniture,196.62,359.87
209f4ff2-10a7-4298-bef8-1d8520d4c165,2023-07-04,West,Furniture,977.4,602.3
db00ab4c-91e5-4e86-aefe-02c34276bfe1,2023-09-07,West,Technology,1842.27,477.37
ba991da0-85e8-4165-a189-6b253a5bece9,2022-04-12,Central,Technology,89.72,84.6
d900b745-311d-4ed4-863a-5bb6c841b6a8,2021-01-18,West,Office Supplies,590.01,296.71
f845846e-fdf0-461e-85eb-074dad900360,2021-12-01,East,Office Supplies,423.01,394.77
9d4d0658-886e-4ae8-ad80-016db16784b1,2022-09-07,South,Technology,483.91,166.56
e212f7e1-8f63-42bb-ae41-115540bf6f6b,2023-06-09,Central,Furniture,1817.78,118.35
6d575fd1-f019-455f-8080-1ed9743480a1,2022-02-12,West,Office Supplies,941.46,338.63
a6685e80-f16d-4fe8-ac50-4475a4165dd1,2023-02-25,East,Furniture,937.94,224.72
52b0147b-f052-4803-9a96-8e7d0d46e159,2023-10-30,East,Furniture,1523.55,337.12
682904ca-febf-4c56-9826-c4966ebb7a17,2021-05-05,Central,Office Supplies,317.44,296.71
84aeffbe-ae1f-4957-9f28-e41746273272,2023-11-04,West,Furniture,979.66,434.96
846af2e6-5c89-4b2a-bedd-fc1777723a5a,2021-06-20,West,Technology,865.67,335.64
b8a1e477-e240-4060-8b20-802fc24f3f4c,2021-10-09,South,Furniture,1197.85,175.67
eb1bb47f-4726-4e7f-8c05-e009397bfdd7,2023-09-25,East,Office Supplies,1999.12,386.34
50f53bd8-72e8-4652-884c-0a556b893000,2022-10-05,Central,Furniture,1541.2,84.33
55af47da-31d1-46cb-a450-dd3c01521e60,2023-12-28,West,Office Supplies,801.75,-185.83
cec3a6f4-9262-4536-a14e-21f714f16d92,2022-08-19,South,Technology,1656.83,-498.16
39c2c1a2-bcc9-445c-bd81-fbc0067ec672,2022-03-30,West,Technology,349.71,227.95
f530c98d-6c7f-4bef-b086-47e1fa647958,2023-06-01,South,Furniture,70.62,267.85
326684ff-3ffe-4652-aac0-32fa130e8618,2022-12-16,Central,Furniture,416.85,763.66
10168d65-4f90-491a-9448-10de2a1b76e3,2021-05-18,Central,Furniture,687.42,-30.08
0722ab3c-18c3-4aa9-a013-5044a041301d,2023-08-22,West,Furniture,1026.06,12.37
062667fc-cedc-45bf-ae94-34ab7adf1458,2022-09-29,East,Furniture,1234.11,-237.66
ef60250e-a055-41d3-8c16-ab4e97b018b0,2022-12-03,South,Office Supplies,1822.11,-408.31
3f4574d4-401a-45cd-972b-81545594d9c6,2023-11-11,South,Technology,1024.61,504.65
f574175b-3d05-4bf4-b93c-4fbf1b9b71f0,2021-02-09,South,Furniture,1007.54,-175.41
d25697ad-0def-4fd0-951f-de3f573ecc3a,2022-10-02,East,Furniture,109.98,291.58
3c9b3b84-cb4a-4dc6-8509-6c7855660d8e,2023-11-26,South,Technology,79.47,394.1
9997496b-c697-4476-92aa-48cff18c5581,2023-05-06,East,Technology,1106.81,112.61
187de0c5-c39b-46de-b043-77c39e9be9e2,2021-12-15,Central,Technology,881.98,639.26
1ff49f0a-9435-4cb1-b24a-f3fba016db34,2021-12-06,West,Office Supplies,1679.97,76.93
eaadcb2f-0f89-4df6-b97a-822c15e59a0f,2022-05-26,Central,Furniture,329.75,-129.62
e3dc8702-5033-44b1-a09c-f7af0889360f,2021-12-09,East,Technology,59.69,664.82
c85b811b-10a5-4073-b180-4803d9025a2c,2023-07-22,West,Furniture,903.59,620.03
cd693dab-eb4b-4c0c-8fdf-60d520a62f9b,2021-06-22,Central,Technology,482.58,-286.75
9c595e03-4d2d-4557-8e06-a41671219097,2021-02-21,South,Furniture,108.73,-466.25
1a115f59-10d7-4164-ae8d-0018a04dac84,2021-06-12,West,Technology,1451.95,-383.02
0d5d2f64-8f2b-492b-8e48-4034ad74dd43,2022-08-29,West,Office Supplies,232.07,-127.49
66d4b394-61a7-4114-9994-f7ba4b7faa4c,2021-06-16,West,Technology,1220.56,763.94
693e5fcf-c080-4ba4-9e07-809d188854db,2021-09-21,South,Office Supplies,569.29,226.07
c997f2fa-997d-4d9a-9d55-4b7d3bad3a0d,2022-06-28,West,Furniture,355.26,-14.76
7412c272-02b7-4c51-9fbe-ffb3a8e3ac9b,2023-06-07,East,Technology,765.71,655.33
6d98567e-cb8f-4981-b6d6-682f6248953e,2021-02-12,East,Technology,1604.88,89.08
19ed59a5-9e85-44d4-9ec6-20e0e143a0ad,2021-06-26,Central,Furniture,790.27,-90.19
acffa99f-f005-4f9a-a6a2-c94556f11afb,2022-09-16,South,Technology,1504.03,723.59
84681060-743e-4fef-86a6-1b3dc86e0b55,2022-01-19,West,Technology,259.72,604.37
1ba651ed-3146-44a6-967a-efbb5404801d,2023-06-01,West,Technology,1547.82,596.77
b69aca1e-985d-454b-8325-58201a49de98,2023-07-24,South,Technology,481.5,165.97
d73d52ba-ca17-41d0-97c7-68d6114a9827,2022-02-27,West,Office Supplies,1358.01,526.27
204054fb-92be-47c4-a784-cabe3190b8f4,2023-06-28,East,Office Supplies,1135.91,-266.84
5afaeb32-419b-474e-8247-23c3a32a4516,2021-02-22,South,Office Supplies,1859.0,245.19
9ef01577-b980-4521-bb3c-fc106bc71d7f,2021-05-07,East,Furniture,780.77,779.0
233e84ac-3e3f-4da0-af98-ad3371d2e63f,2021-10-30,Central,Furniture,141.67,-121.75
20afaf9e-0f7c-49ad-8b48-3935cc09de64,2021-12-18,East,Furniture,48.12,532.66
835c3541-6f93-4e2a-95a3-40d94fc9663f,2021-12-26,East,Office Supplies,1655.45,137.62
5b951652-c11e-416b-a6d6-2330f5b19be4,2022-02-27,East,Technology,1054.22,-448.25
8a8864c7-e29d-4722-956b-212f4faa0851,2022-02-27,South,Technology,1552.74,491.93
7832b59c-25bc-49ae-a547-a8dcc686e251,2021-12-01,East,Furniture,476.51,-280.86
4a832ab5-57c8-40b0-9a73-cd2f4f05495e,2023-01-10,Central,Furniture,696.72,320.92
8486b704-0211-46ca-b863-af2d5e6ba460,2023-11-01,East,Technology,69.91,-388.64
250487e4-ada5-47e3-a85d-81db9620ed14,2022-10-14,South,Office Supplies,1923.37,730.93
d1b60755-81d1-4226-bcc5-6af30eac5e90,2023-01-19,South,Office Supplies,1339.06,-120.76
0dfabe46-dbd3-4865-8f38-1c01d5ce0626,2023-10-18,South,Technology,1867.08,-205.6
f9fc9c3f-3206-4388-9804-550b6c0c32f9,2021-11-15,Central,Furniture,538.34,-332.12
3385db3b-e893-486d-a3fb-6609334b92a2,2023-12-02,South,Office Supplies,1226.81,729.8
30799b56-576f-4264-9182-e8e7c9070c97,2022-03-02,West,Furniture,1360.21,425.47
b11c7dff-b1dd-448c-b9c9-1e00aaf8e1d5,2023-04-09,Central,Furniture,641.92,464.16
b1420898-998a-45a8-b7a7-aed0fb5f5290,2021-06-05,East,Technology,1697.74,149.23
90ebba12-9412-4a0f-9a1d-3dab54c5f266,2022-03-14,East,Technology,1894.85,117.15
4cb4a7f6-9db8-4f7e-95ed-d864f68b6ba0,2021-03-12,East,Technology,1770.86,-356.97
1ad74fd4-298b-4e78-9420-60ce6b2f9d47,2023-05-26,Central,Technology,1480.74,227.79
e9195919-ca08-4252-a048-72dc744d2442,2023-04-28,Central,Furniture,562.15,-179.01
eb821435-382a-4bde-bef5-50110acd1ac7,2023-12-10,West,Technology,570.42,770.29
b176e71f-3918-4c16-a386-3cd100f24a96,2022-02-17,East,Furniture,1927.09,535.56
36903edb-9fb9-48e0-b76e-f3e63af33cc5,2021-05-18,South,Technology,30.47,36.89
c4b27b21-bc0d-46ed-bb12-2ee53d305a07,2021-04-07,Central,Technology,1434.94,-303.26
cea95510-54de-4c80-908d-13dff3dcd264,2021-04-21,West,Office Supplies,1415.43,520.93
667ae277-348f-4ce0-a03b-c183bd75f95c,2022-11-06,East,Furniture,1249.15,-341.33
01b8c14a-fd68-45d7-937a-430a2f2aa5e8,2023-02-06,South,Office Supplies,1980.32,-253.87
5b9e75f4-12e0-4b9c-8288-49d95ce195be,2023-07-22,East,Office Supplies,630.64,-225.02
247474b3-1d7d-4bb3-8e00-44e207af3b8a,2021-12-03,South,Furniture,686.54,223.96
a19f2485-31c4-4c9e-b0be-96304a6333e3,2021-02-28,West,Technology,167.09,523.17
5c230306-c3f9-4409-a9a7-480095ef8b1b,2021-04-25,East,Furniture,891.17,-91.39
32f9b771-0799-4940-b9ad-de7d0b3d58ad,2022-01-25,Central,Furniture,529.49,-389.93
380cc838-2c94-4f5a-88ba-d5fb32a4a8a4,2023-04-26,West,Technology,693.34,103.9
2c9de90a-b805-4e3c-8312-5b58e2a868e7,2021-05-22,Central,Technology,1670.8,472.54
3ef7839f-8df4-497b-98f8-001856fe4769,2021-06-11,West,Technology,1871.61,-211.84
2d1368f3-0580-4066-b22c-3dae2db4e428,2022-09-15,East,Office Supplies,379.61,-214.1
19e79a3d-e920-4a24-8304-93f0d7c713b7,2021-01-17,South,Furniture,751.29,731.4
23226464-ad6d-44ef-94d9-a0ae055fd8d1,2022-03-16,Central,Office Supplies,1857.97,740.4
e2901d96-c993-4819-a7a5-81e8610114f4,2023-06-18,Central,Office Supplies,133.0,787.61
35d21dea-efa5-4c8a-96a0-49431c687714,2023-10-14,South,Furniture,193.8,549.96
5ea0c503-3d7a-474e-b4c9-c3ad4e19392b,2023-07-07,South,Furniture,333.95,-255.36
2bde3c78-a931-4044-9f52-58abcf3a9723,2023-10-27,Central,Furniture,1194.47,-224.42
cc8cc291-fa23-48bc-86e4-abacf0effa1e,2023-10-19,West,Furniture,309.44,-57.71
6f082598-e1b4-47ef-9f8a-4862ff68ef1a,2021-05-09,East,Technology,1936.47,-86.43
1e559419-10bc-44d3-b600-4df4e0de0676,2021-02-08,East,Office Supplies,898.96,743.49
217bc29e-ec95-43e9-a1fa-246624f982ec,2021-03-15,West,Furniture,1008.02,525.8
8855817d-3112-4678-b08c-523dcb7e717c,2022-04-29,South,Office Supplies,500.85,441.21
516546ca-5fcf-4219-b1c1-2d4b60d16c16,2023-10-17,West,Office Supplies,947.21,-258.25
a2da43a7-fa1b-4659-adf6-5800997c0dc9,2021-09-08,Central,Furniture,1327.21,682.38
c3595dc2-0bd3-42a9-abc7-8c063e9ace12,2021-03-02,West,Technology,1504.84,576.23
dabc47ce-3068-4fdd-965a-fd0f9db402f1,2021-08-22,Central,Office Supplies,1510.2,-287.27
26087b53-ca22-4cfe-8b4f-8f748914741c,2023-04-03,West,Furniture,1160.0,632.52
a1243bea-0da2-4154-bf46-a43a53e2e047,2023-05-23,Central,Furniture,1809.68,-146.08
205f9619-df73-421d-87b2-e24dcbad3916,2022-10-11,South,Technology,1636.64,-394.87
95866982-f7e8-48a2-821d-f2cfd9fc13b8,2022-10-10,South,Office Supplies,1516.53,353.87
ba303cce-3590-47e0-bd2e-7d9ee2c6093e,2021-07-04,East,Office Supplies,120.65,349.95
ca7ecb33-787d-46d7-88df-d1f114d72283,2022-09-20,West,Technology,23.69,-376.59
2adcecb5-109b-451a-9d69-32c9a9db47b9,2023-04-26,East,Technology,432.77,-85.49
e1e669e5-c055-4921-a35b-8f49823483a8,2021-02-21,West,Furniture,1330.41,790.66
5fcfe711-8258-4678-804a-7761a52368e3,2021-04-23,East,Office Supplies,828.28,381.95
2dd2d8c0-76da-4875-84d6-21487fa372cd,2023-08-23,East,Furniture,810.79,449.1
868592d2-5fb6-4406-b665-8a3452630028,2023-07-25,Central,Technology,1770.33,-223.21
f4ac27ef-b734-4467-bbb9-5b07b1cb62d0,2021-03-03,East,Technology,1792.17,-397.58
94c8a69d-44b1-41ee-b948-36f27eaab0a1,2022-01-18,South,Office Supplies,1819.26,-140.03
ca665da6-ebd2-4b71-a35a-e36966a466d4,2022-03-30,East,Furniture,634.62,-176.43
350b0860-095e-497c-a655-2e7f957fe29f,2021-08-13,Central,Technology,1385.2,-195.09
73bb84e5-33f7-4722-a517-28b23832dfc1,2021-07-09,South,Office Supplies,550.55,-249.42
37f5c238-6559-4365-bc00-a0f0dcf89878,2021-11-08,West,Furniture,389.31,247.18
6088825e-e382-4da1-acce-4c234e55f3fe,2022-02-05,West,Technology,377.42,-73.47
d7a998ea-ef7c-4b39-a83e-deec92455468,2023-02-19,West,Office Supplies,690.79,566.45
15b2c2b4-8cf0-497b-8128-d40b5fc57ff4,2022-05-27,West,Technology,865.62,-260.87
4b88445a-1582-4e78-806a-5949226378ab,2022-04-15,East,Office Supplies,1663.59,104.02
3aeceaf8-5a00-40f2-84d1-6f5e71cb19b3,2023-05-10,West,Furniture,248.58,-482.24
83239ba9-771a-43fe-8a88-57a5957e8c66,2022-02-10,Central,Technology,1472.5,126.19
737ea52f-6d15-4b06-961c-9af39f021a19,2021-08-31,West,Technology,1067.6,-427.41
5e15433b-68b1-411a-aeb8-b0e277b16be3,2021-04-04,West,Technology,583.01,771.04
45e49a9e-5128-4026-bf5e-fb6bcdf40137,2021-11-22,Central,Technology,990.71,527.77
71127f4b-2df8-4502-8653-ee8561e30fb4,2022-05-11,Central,Furniture,606.88,137.14
136d6cce-a535-49d7-83ff-fdea3bd9b015,2021-11-03,South,Technology,1196.2,-387.44
4b658517-1519-413c-a6c7-1f155bed83be,2021-04-27,East,Technology,873.35,270.18
8bf160df-8346-452b-8073-aa66d7b4db17,2022-10-23,West,Furniture,337.17,486.39
46c3c90c-c92e-4e01-9402-3a93a4c688ec,2021-04-06,Central,Technology,242.0,-252.07
1e5bc68b-1931-46f5-ba4d-45fded360bb7,2023-12-17,South,Office Supplies,1097.92,238.67
8bc85d37-09cc-4f1a-9c38-7c2a1243e838,2023-01-13,Central,Technology,1805.8,558.47
acd3d56f-3257-49cd-9571-276b33474b1b,2023-05-29,West,Furniture,694.48,498.72
bec62bbe-4d7e-44b1-8001-8cbe54492845,2023-11-09,West,Furniture,1468.67,543.89
d86f4bb4-aefc-4ef1-84bb-4aced0c8da67,2021-05-30,South,Furniture,1320.74,643.12
9aa1f98b-b4a4-4eee-b0cd-f14946434f21,2023-01-25,West,Office Supplies,1863.79,718.99
dae13a7f-ff97-49f7-a34b-20fdff7ca58f,2023-07-09,East,Technology,1643.75,27.18
8b0a4802-bd64-48d6-b757-ec69c09c3207,2021-06-04,Central,Office Supplies,1137.54,239.4
c523b4e9-022f-46bb-82d9-c5d7e991e6d5,2021-11-16,West,Technology,1317.49,527.86
58bce5e4-d282-454d-8827-02f04caa568b,2023-04-25,South,Furniture,1797.79,406.28
f220eeb5-6760-4abd-bf31-0f21c87b17d9,2022-08-17,East,Furniture,805.04,794.18
c1ff9427-9477-49d7-9265-80c067dfc9af,2021-04-02,South,Furniture,660.32,-482.22
a7728290-78d5-40ef-830b-4532a7c24c68,2021-05-05,West,Furniture,31.51,-38.33
f394c60d-c2db-4aab-bd41-1a05833cd4f2,2022-05-19,West,Furniture,1654.84,-134.66
3a42958b-65c2-480d-9d8f-3007263749ec,2023-01-17,East,Furniture,1603.95,-158.99
35ba5e93-bfc7-4282-b92c-8a723a17d79a,2021-06-03,East,Office Supplies,217.86,-210.71
9645dec1-840d-414b-bbd5-48637974c90b,2023-12-27,East,Furniture,1157.95,421.86
77ff3c31-c1f3-4837-8d78-3178c935a278,2021-05-15,West,Technology,933.32,-389.81
5735773c-761e-4287-907c-5e53b8f6703b,2023-02-09,East,Technology,246.23,464.09
d8867545-5025-4c18-95fb-f5dccabaef3c,2021-06-30,East,Furniture,1961.33,401.45
f1224f43-c527-4f35-adc5-60443016b62b,2021-11-12,West,Office Supplies,437.24,-173.95
704d628f-35a7-48ab-aaed-979fb2ac4768,2021-07-30,South,Furniture,143.8,-171.32
07b4e684-8ef6-4ee8-9a5a-8bc373315c49,2021-06-01,South,Office Supplies,1193.75,317.52
dfae1803-93d7-47e7-a392-3df45fec59ac,2023-06-25,South,Technology,1480.34,490.82
bce0caef-f17f-45c0-8e39-f65a20db4294,2023-11-26,Central,Office Supplies,74.56,639.43
a8aa454e-cf76-470a-bff2-e80a027a76dc,2022-04-26,West,Technology,1320.85,607.78
39b9c13a-56fe-472b-9acb-287dd5949c84,2021-01-26,West,Furniture,1069.26,754.35
c0ac1c00-af8e-46b2-acfb-f1736b4d3d1a,2021-07-30,East,Furniture,215.5,255.8
b0c5d3d5-c755-4c99-8349-95ff67432c04,2022-04-17,South,Technology,353.32,681.25
9642b052-5379-4279-8cb5-062589a06a99,2022-12-22,South,Furniture,1140.27,551.07
083ed925-c90d-45aa-914c-c11c05f30bc5,2023-11-06,Central,Technology,599.75,663.07
fa2c9e79-2758-4f1a-a39e-5593ec11a44d,2021-01-07,East,Technology,1877.25,-484.89
9174f53b-548b-4c63-be87-a6bcf3e00dc5,2021-09-08,Central,Furniture,1639.29,755.67
e9eba9fe-9a5e-43f5-8c94-d15ca13d2600,2023-03-20,South,Technology,1967.3,115.59
641118ec-ddf0-4771-92e9-b7659b9b3926,2023-05-14,Central,Furniture,526.74,537.64
f2dd85f6-3446-40f0-a19e-17fffaec8f42,2023-10-15,Central,Office Supplies,1939.75,-334.63
62ed5403-88d4-4ff4-904f-3fc56400bb0e,2021-05-18,East,Office Supplies,868.16,14.72
542ef29e-1bcf-492f-b98b-07573036f6b9,2022-03-26,West,Office Supplies,701.56,-147.1
a395b867-7397-41a1-b641-940591cbbc49,2021-05-23,East,Technology,110.2,-120.84
2be26bd1-17de-4ce8-8dfd-3ecde50dede5,2021-07-05,East,Technology,115.0,-339.77
2d798f3e-8d8b-4c60-acc5-4c621ab444a7,2021-07-25,East,Technology,1387.1,547.49
9a760ea9-b063-49a0-9393-daad0835075f,2023-04-09,West,Technology,921.28,-487.98
32f194d8-2fcb-4dce-86de-e37b7d15c353,2022-12-15,Central,Office Supplies,460.78,-93.74
62c9f4fc-f686-4fa7-a94d-ed1e11ca2a0b,2023-09-09,East,Office Supplies,1231.8,-273.27
4a85e443-3ba8-48d9-b4b5-5b8648a84587,2022-04-10,Central,Furniture,513.19,265.75
7464d6f2-11ea-4c00-863e-cbe2a8d99292,2022-05-08,South,Office Supplies,1159.49,-169.47
02d3fb7e-84be-4e1c-9e5f-feaa0eb54078,2021-08-01,Central,Office Supplies,724.83,-163.3
e8e977f0-dc15-47c5-93a7-55812bfcc524,2023-01-23,Central,Furniture,1648.87,134.84
fd561b27-2833-49b8-a41f-79aa692e33b9,2023-12-20,East,Office Supplies,1643.19,348.5
6b1d20b9-8954-4c3d-a10f-2a8a1c59b736,2021-04-27,South,Technology,959.93,-342.3
639509c4-119a-4396-be3e-9a907a6eaaa5,2023-08-02,South,Furniture,708.13,-271.84
34dbda6b-dd9e-4b6d-a751-82a4f48138b5,2021-11-28,South,Office Supplies,731.49,-178.67
4f4c3f0b-34a7-4f9d-9ed5-c01721433dfc,2022-11-09,Central,Office Supplies,1613.37,765.87
aa2fd9d1-b5ad-49f5-9161-a3816ea4b405,2023-01-11,West,Office Supplies,663.08,16.3
9339304b-9a8c-43d7-a8a5-e34d798b2f02,2023-03-04,East,Office Supplies,426.03,278.69
33f60730-9665-4f7c-8f70-b88bf06c69d9,2022-07-27,West,Office Supplies,178.53,-185.99
757e2b43-af51-4850-b77e-5f7a80a233e3,2023-02-02,South,Furniture,938.72,137.6
fdb7c107-01e7-4de7-b3a2-ca5f46834cc5,2022-08-15,Central,Office Supplies,969.44,-403.65
d317d8c9-1060-473a-b21b-770724877651,2022-04-03,West,Office Supplies,1683.41,-454.84
3f30ea12-cebc-4264-9ad7-5b94663463e9,2022-10-28,Central,Furniture,450.27,109.35
91b8ff07-e909-4654-9432-3b1c869e8836,2021-10-19,West,Office Supplies,768.17,18.26
76733597-75cf-4755-bdaf-76e7e115d52b,2023-07-30,South,Office Supplies,1618.73,-322.06
1752815c-bcbf-4583-8a01-75e5937d6fb1,2021-04-22,South,Furniture,1649.01,393.88
eb3cc270-e188-43d7-a573-dc3049b49625,2022-01-07,Central,Office Supplies,775.38,790.77
d7b73862-b347-41d4-98c6-b1c674d082c5,2023-05-11,Central,Furniture,923.66,14.34
641e7f8c-4c25-498e-8ad7-3d36b62e8f02,2021-05-04,East,Furniture,613.54,311.93
d98f5e83-cf5b-494d-92cc-48539cef5ef4,2021-02-28,West,Furniture,1865.78,751.87
2df8d4a8-3fc7-4cb8-aa40-e5cc2cd51392,2023-09-17,South,Office Supplies,246.1,581.0
6e9c92ba-bbb5-4037-9e23-faf9e66414db,2023-02-15,Central,Office Supplies,1868.16,102.62
a8b97820-e92c-4b92-a279-67a3753439c0,2022-04-14,Central,Furniture,1370.89,458.74
1874ed7d-9190-453f-b2d2-570a2ef634f2,2023-08-13,Central,Office Supplies,1067.83,-333.42
0b2d983a-f218-4128-b2da-61f764bfc76d,2021-06-22,East,Office Supplies,74.99,165.74
286e3f0a-dedb-4ec4-a2b2-de4b3d5cab0e,2023-10-19,West,Office Supplies,956.44,-137.22
89a92af3-a0ca-4f8e-a1ef-2dd3461633bc,2022-08-12,West,Office Supplies,821.42,-290.49
11162039-ea92-459b-aaaa-077f4ab946a2,2021-07-09,East,Furniture,330.83,54.17
e6f8dac3-b8ef-4250-b9fe-60c6b2b302d3,2023-06-17,West,Furniture,1316.26,-329.68
69498671-7e55-43ba-a8a2-f417379e03dd,2022-03-21,West,Office Supplies,1942.59,408.68
1f08f855-8d85-4df1-8309-4f28fe0d40b4,2021-09-21,Central,Furniture,1128.76,93.11
c161b06c-1397-4542-9e65-3990fecd0ded,2022-01-23,West,Office Supplies,1432.36,190.49
c78e0272-c43b-47af-8120-053d1aefff21,2023-09-24,Central,Office Supplies,146.22,-309.71
2a32e553-7370-4a7e-a8fc-0e45537598d4,2021-08-24,South,Furniture,841.16,-318.3
0b6d35d7-818d-42af-b516-567d40b55023,2021-07-04,South,Office Supplies,241.55,258.44
a38cc35f-12bc-4090-86d6-fba776509bcd,2022-06-26,West,Furniture,1229.46,780.51
763f56ac-bfee-4533-acf5-9149b1c9d0dc,2022-03-18,West,Furniture,1877.58,-374.87
663b4427-bef7-410a-97f9-f3a761936947,2021-03-16,South,Office Supplies,1326.94,-128.55
09ab99a3-658c-42ee-b1c4-6ef9db13f2ec,2021-04-29,Central,Office Supplies,162.84,630.3
b5878d33-1d5b-48b0-8027-b28302bfaf1c,2022-01-04,South,Technology,715.79,-406.05
ab987d93-53bd-4128-a2f0-6403eac97d37,2021-05-09,Central,Office Supplies,1105.82,638.65
761b7e11-7c19-4e61-b6d8-cbc7bfa93b6e,2022-06-06,East,Furniture,812.38,181.57
a832a228-8c65-401b-9521-e8251177fdd5,2021-12-05,South,Furniture,1668.95,30.75
700ea842-f334-485d-b6ad-478c3e06f427,2022-05-30,Central,Furniture,1631.2,-97.42
4775d7ab-d207-4bc4-b885-8b6d23e7cd20,2021-03-21,East,Furniture,1227.54,-113.75
d6a7aa06-2bab-4a12-a94f-513fd770a46e,2022-10-01,West,Office Supplies,753.18,-102.46
2d5f60d9-19bb-4bf0-9b63-9a38049ffb5f,2023-07-17,West,Furniture,518.12,650.24
bdcf6fd4-88df-42c1-9fc8-628d4b4d1079,2023-10-28,South,Office Supplies,220.69,440.93
abe05b22-13dc-4154-ab1f-c2ab640eb68e,2022-11-05,South,Furniture,716.25,370.64
45f3dc5a-ad68-4b45-82de-b2e6c37a927b,2023-10-26,West,Furniture,832.21,538.37
2d8d7db8-5bab-46cc-b0ce-f646274b8b98,2021-10-16,West,Office Supplies,1354.89,-165.75
e4872e77-08d1-4094-b6e3-b91b3777d823,2022-08-27,West,Technology,1319.74,303.46
712ab8eb-3756-4005-8844-bc0caccfb130,2021-04-14,Central,Technology,149.52,98.09
a2819fce-d624-4055-8c39-bd0eb25db530,2022-09-24,West,Office Supplies,796.57,517.17
a99c37b3-a419-4fe4-85db-19d7cfbf3d39,2023-05-02,South,Technology,371.74,-97.97
1a50a93c-e5a2-409d-a8f8-687bb766ac85,2022-01-29,South,Office Supplies,322.06,336.13
71a91c81-4eee-4680-b0ba-8fe363ff910d,2022-06-19,West,Office Supplies,1656.33,646.88
0c754a17-0131-4601-9923-fc7a0d6b160f,2022-06-08,West,Office Supplies,93.41,22.8
33a51ac6-c461-494d-a09c-fe40c5bca449,2021-09-17,South,Technology,844.17,-413.39
e8a44238-5fe8-4710-bfec-5325edc72f12,2022-05-18,West,Technology,344.73,170.87
041b1878-1765-49e7-b332-432b3d10fa95,2021-09-30,South,Office Supplies,1759.87,-50.24
03ba33a0-fd42-469c-8727-59406bf36656,2023-10-17,South,Furniture,1118.51,373.89
ae11d3c2-3130-4c8f-920e-0734564d46aa,2023-02-11,South,Technology,470.45,736.34
f5705436-3877-4265-902c-01a3ab404598,2022-04-30,Central,Office Supplies,1009.83,131.29
d5dbcbee-cc03-48d3-98ba-fcc9e1dd7fdf,2021-04-27,West,Furniture,1465.66,106.05
b958d153-2afa-4f6a-aa03-081bd4986a31,2021-01-04,West,Furniture,1916.65,350.96
833334f6-6a6a-4149-8b44-676d2ac39be9,2021-08-04,West,Office Supplies,448.69,-365.45
529b20e0-53bf-4b10-90cc-c1a51b912adc,2023-09-11,Central,Furniture,1773.5,-170.44
9fea97cc-3086-4fe3-a075-13728fe2c74f,2022-07-19,East,Office Supplies,1869.27,694.67
6522e8b9-8aad-4665-af30-141d3505c563,2022-03-16,West,Office Supplies,1833.68,370.93
3b7f1998-1eed-4236-ad89-9035f05d45c7,2023-01-26,West,Furniture,1274.47,-482.52
52c83bfc-5b48-461f-9b1b-4cd736ba4918,2021-04-11,South,Furniture,1263.34,-233.99
a76c11cb-66f2-4d1d-83d6-af3f2c727675,2022-12-26,Central,Furniture,812.39,387.69
3677f5b4-63a1-4caa-8311-362650f51e97,2023-06-26,Central,Technology,1507.27,493.72
a8702d97-10e6-4176-b858-3966757256f6,2023-04-24,East,Technology,1067.28,591.82
9fb886b2-a662-4b92-8748-ffb3d0a96757,2023-07-17,Central,Furniture,1358.1,-120.17
e2ad828b-113c-4f25-8b3f-953a5e75788f,2023-08-12,Central,Technology,862.63,710.34
c47dd678-4d31-4923-a93d-a46c37f39aac,2022-03-05,Central,Technology,1465.68,218.83
fd8fb938-fbac-4ade-bfe4-36d1994f7c31,2023-03-20,East,Furniture,1650.7,405.5
ca90001c-8943-414f-b668-705d1a10748c,2023-03-28,East,Technology,301.41,275.76
91b76c45-d9b8-4389-ac16-ddb7fd93754a,2022-07-12,Central,Furniture,1667.53,-340.44
18412e07-f583-4c69-807f-26542be4be9c,2022-10-24,West,Furniture,1085.19,752.05
a180f402-fb3e-427f-9308-e1f29990e4a9,2022-08-30,East,Office Supplies,1690.89,-340.26
ecaf8800-ad8a-4364-a379-064fb241b95b,2023-07-29,Central,Technology,868.29,-168.65
2207cb65-b197-4ed1-857a-e3fff8ed08ae,2022-03-15,Central,Office Supplies,764.29,557.72
c2ffd690-a2a6-461a-ace2-7ec9550100bf,2023-02-27,West,Office Supplies,1830.97,304.18
fa5f9e72-5166-488b-b008-32dae24ba9d4,2023-06-05,South,Technology,509.83,589.59
11489054-7b6c-4596-aa97-435dd9ff74eb,2023-07-18,East,Technology,1689.98,170.46
e97f995d-9bc8-46f6-8484-a1b355c974a4,2021-12-10,East,Technology,973.2,-9.91
82d29bf8-61e3-478b-b2eb-de4e95c4fab0,2021-04-01,Central,Furniture,1033.05,698.4
80e022c8-3b80-4c61-bde7-8473a3fdd59c,2021-02-17,West,Office Supplies,623.85,-452.87
03671560-fd06-475b-b462-931f966456be,2022-07-28,South,Furniture,1150.35,612.97
c249f59a-9dc9-46df-856e-3d783b8c0f84,2021-06-14,West,Furniture,657.17,-199.94
3c847821-4f10-4422-9fc2-2517e593562b,2023-07-07,East,Technology,88.15,603.36
3e59034b-c1da-4b7d-adb2-094bbce7e298,2023-09-04,Central,Office Supplies,551.28,-319.04
2336d60b-0f57-4d6b-9452-e1309ea8ffe3,2023-12-25,East,Furniture,22.69,254.28
33b70b63-4bee-4160-bfac-89fe5fe0c7c3,2022-06-14,Central,Technology,1956.93,654.54
a45ca94a-3452-48c4-a031-046126d3e222,2022-11-04,East,Technology,1931.84,115.6
b9add00a-ec64-4a9b-bcf1-c29e09b4413c,2022-12-03,East,Technology,796.36,470.54
71980a55-f224-464c-bd11-b3ff991b749e,2022-06-25,Central,Technology,1459.46,546.07
225f52ab-5425-44b8-a098-d2e3bd3fdb62,2023-10-28,West,Technology,698.15,457.44
c976ec61-a4c3-4af7-914a-36bf47334b73,2022-09-17,Central,Office Supplies,1345.48,702.93
cab21438-8557-4c6c-8a23-b722c2afba28,2021-11-20,Central,Technology,1612.81,80.88
d00dcc4f-a5e6-4ec4-aa36-7425fa41dd2e,2022-07-22,South,Office Supplies,1894.04,-274.94
3aa06694-0610-442d-8024-1ac149d83188,2022-07-20,Central,Technology,806.42,-437.85
57bd0ca8-54ce-40ea-bb9d-92c0d8d0b8db,2023-02-24,East,Technology,1568.76,-179.6
0dd7cac2-8a10-45c5-b4b0-738e3e040782,2022-04-06,East,Furniture,539.2,-313.84
fd063a58-aa3d-4585-aaec-f4e0e81909ce,2021-08-15,West,Furniture,1980.76,225.33
b23f4738-aff6-48bc-8d2b-f2063f931507,2021-10-14,South,Furniture,61.28,-259.57
df69a560-9baa-4785-b8f2-17f0b8314c26,2022-11-28,West,Technology,1211.02,-449.39
2efcd60c-5256-4d59-857f-2f3e61a90fb1,2023-09-19,West,Furniture,1322.42,-453.21
108abb5c-018c-4313-a139-6d49713e9035,2021-05-15,West,Office Supplies,1379.21,581.04
f42323d9-11ea-4815-bddc-44f5deaf9631,2022-12-09,East,Office Supplies,249.57,268.88
fdf48930-a265-4f65-8d56-e00031456a6c,2021-08-31,East,Furniture,1877.67,-34.49
2024c407-3447-434a-b032-c262243b7101,2022-08-29,East,Technology,370.55,662.5
8c813e53-97b6-4461-ac76-04c1177d8b26,2022-09-20,South,Furniture,1249.28,-408.74
3451cf94-ee8b-46d3-8b94-6541d4cae432,2021-07-27,South,Technology,453.13,774.42
6d1e0d7d-1402-46ee-81e6-935f3c7ed208,2023-10-13,East,Office Supplies,621.36,301.18
2a064fd2-4fbc-4984-b792-2d9eb998e2d3,2022-07-16,East,Technology,1097.45,-261.5
6c8c5d0e-3eb3-46fd-b291-bc95b8bf9cae,2022-09-22,South,Office Supplies,840.21,382.79
4d980202-3fbc-45e0-9b19-11122d2ae08e,2022-07-25,West,Office Supplies,328.85,492.4
f7bce0ef-72c1-468e-9390-6193490ce315,2021-02-10,Central,Office Supplies,350.16,58.15
dcc7eb51-4598-4b17-b38f-0430a2b6eddc,2022-02-07,South,Office Supplies,842.11,620.12
f37599aa-147b-4d20-bb2e-00e6c8028d0e,2022-08-18,East,Office Supplies,1516.99,-304.05
60b217f9-65f3-4984-9c0d-8fccf8f960bd,2021-01-13,South,Technology,1796.95,-137.51
6c35e33c-70fe-45a1-b880-adc62af2b718,2023-01-11,West,Technology,177.41,-378.46
6ef54cee-bc24-4f9f-9c01-4262815ada5d,2021-02-05,East,Technology,792.28,-225.86
f42973f5-d1d1-4e0b-a7e7-a6bdc2a49fd8,2023-10-28,East,Furniture,209.49,-189.65
c30dcc74-0512-46b8-bb64-665ccb26a809,2021-03-08,East,Technology,43.02,692.92
154ebf91-daa2-42b4-ad69-e88c61a4b230,2021-05-09,West,Technology,1326.82,-398.46
4cdbf99e-ebe9-4dd4-a80d-9169c24489e1,2022-04-02,West,Furniture,1208.87,55.64
8d87b7be-271d-40f1-8985-c98d985defc4,2023-10-13,West,Technology,334.41,192.12
61652fd3-41dd-4edf-acfa-a174ba059e68,2022-03-03,Central,Technology,475.29,668.3
48817b98-741f-4545-8e4c-01f676b1d8fa,2021-06-22,South,Office Supplies,57.18,797.01
7b189d5d-9b24-4a55-8fe8-8b776009a05a,2021-12-12,South,Technology,1671.54,479.4
b7014925-22fb-4906-954e-d52c126aa315,2021-01-08,West,Furniture,1949.63,762.03
ea879f65-279c-458a-b21a-6d71782152e0,2022-08-11,South,Office Supplies,279.56,523.23
dc956e31-0349-4b41-8111-fa05308b5146,2023-03-03,East,Technology,470.64,752.16
5fcf5c22-b9b0-4c1a-baf9-706d802ddcc4,2023-10-05,West,Office Supplies,1738.13,419.45
6a7330b3-ecfa-4700-a790-eee07dcfe924,2022-10-16,South,Technology,1853.66,-396.31
be006ccb-f872-4487-a507-c321f0b6844f,2021-10-07,South,Furniture,845.06,22.5
4eccb0ab-7d53-48ca-a250-46c05f866c8e,2022-02-09,East,Technology,110.74,340.58
123c6a29-969b-4b4b-bcce-3ef8a41bc4c2,2021-03-04,South,Office Supplies,88.39,-44.07
fe12ace5-09f0-4f24-a28f-553768a64d97,2023-12-25,West,Technology,1152.16,-144.6
eea00af9-6283-450f-9fdd-c20aebee30cf,2023-03-07,East,Technology,791.86,250.62
c350bf4f-31b8-4079-a990-94c090cbb982,2022-11-23,East,Furniture,67.02,713.55
c571f9ab-4158-4d90-b504-4d156fb138c2,2021-06-09,South,Furniture,1170.67,-454.52
593c73f2-b8e5-4141-8067-6073e9c000f0,2021-01-08,Central,Technology,32.49,500.0
a28e0841-7d16-4228-b589-717e8275b18a,2021-01-06,East,Furniture,1576.87,439.55
0ec5bad7-b24a-46e3-9e41-1475b040d75a,2023-09-19,Central,Furniture,619.8,753.14
6c8de840-ed30-4556-a2a5-3193a6a1cc2b,2022-10-02,West,Technology,90.11,709.92
7a4c38ef-3e0a-466d-bf2d-bf97bc547d54,2022-09-28,East,Technology,1180.82,490.9
5c85a58c-d029-4d6b-abe5-5cc408d57cf7,2023-04-22,South,Furniture,801.39,176.53
073bca43-ad2a-4a7c-b4e1-0c33a1861de1,2023-07-21,East,Office Supplies,1947.86,-234.45
25dbbe8d-a534-4425-aa69-b7f7b28d7cb8,2021-04-02,Central,Office Supplies,1092.96,208.81
f1bb5d9b-7499-4b6b-9afd-d46442e6918c,2023-11-11,West,Office Supplies,557.73,494.96
3f569381-4119-4559-a5b9-de82ae5a5f99,2022-02-27,East,Furniture,1421.78,664.37
a9a0758e-f3a7-4d25-940e-35219a26755a,2021-06-05,East,Furniture,550.27,526.63
1de20f2d-0328-4b00-a953-4ea7d76d9612,2023-01-25,Central,Technology,1809.44,-246.15
b62c09bf-a4f7-4a30-97a1-5a60c55e6efb,2021-07-30,West,Office Supplies,755.7,279.59
b4c0fd18-65cd-4fd1-a264-9ce8eab8d5be,2023-04-14,Central,Furniture,1104.24,-68.17
1491b51d-e6a7-46b0-b961-9ae2960e9c1a,2021-08-07,Central,Office Supplies,110.64,-488.03
e041f0a3-3056-487f-a8f2-6d6384bed7ed,2021-01-12,East,Office Supplies,857.98,-239.71
6d4772f8-d46a-47af-aa73-6a676c461d48,2023-01-03,West,Office Supplies,1666.4,-352.81
802a63cc-4d5e-42e8-b11c-377f40bc2b56,2022-09-26,West,Office Supplies,1613.24,595.53
e2fb8d66-a892-4ad4-887f-e19cf7ba19f9,2021-09-19,South,Technology,456.39,-163.94
bbe30fd2-4ed7-43f3-9609-52eb61fe6f28,2021-10-26,East,Office Supplies,459.9,-129.89
eca04629-e05b-47ea-80a1-5dbc695f34ff,2023-02-19,East,Technology,1636.44,747.92
1bf962a5-16c0-48e8-9e92-2cf1ba47680f,2021-06-22,East,Furniture,1861.49,-7.19
cc2b2f49-c6d5-4a90-9296-ae08a2dcb574,2021-07-09,East,Furniture,199.77,-487.54
44de950f-2488-4ee3-9071-3f73582a2099,2022-06-30,Central,Furniture,905.62,-131.0
bf8ff33e-ee15-45cf-b5a3-7765bfacc63e,2023-10-22,East,Technology,681.53,-344.91
01a4c2d1-4edf-4a12-b2f2-40e365e1605b,2021-09-08,Central,Furniture,1742.67,-366.35
7de1936b-d0fe-44f1-ab1c-2d3dfcadb3fd,2021-08-06,South,Office Supplies,176.21,-399.27
c6141017-11e1-41c7-98cc-84170067743e,2021-12-23,Central,Technology,430.14,271.24
6ab62dbf-8663-48bb-aaf7-895bb241cfd3,2021-08-10,South,Office Supplies,1507.41,-253.85
6e52b671-bba8-47e5-89d0-aac1a78eb37c,2023-05-08,South,Office Supplies,112.07,-30.38
2fb7e9bd-5fe9-4750-ad28-a2a82baeafc7,2021-08-19,Central,Furniture,990.15,620.62
7c89617d-32b1-492b-a263-960ab43c6fef,2021-10-09,West,Office Supplies,889.79,51.64
1c3892e8-f2cf-4d63-80ab-4b7f2e968660,2021-09-29,Central,Furniture,675.46,690.4
366b3575-d07a-4518-912c-f322735e8153,2023-05-14,South,Office Supplies,795.2,147.32
bffa7a4f-0f19-42db-b370-dc1d2f85f99d,2021-08-29,South,Office Supplies,1064.58,18.49
311f5d4a-c258-4de2-8f26-54892ec75a83,2022-03-18,East,Furniture,331.12,475.51
df223246-e6fb-41d3-bba2-6c214264e318,2021-01-21,South,Technology,1148.27,-404.87
e9b87e7a-a078-4a1f-b0d3-b5f768a69e71,2023-04-13,West,Office Supplies,1612.81,-383.68
a2ed50b9-de4c-48bc-9bf4-3b9f9fda15ac,2022-03-08,East,Office Supplies,1522.72,347.57
15f0e5ea-4b0a-4742-946e-6a4f2a873e02,2023-01-02,South,Technology,316.26,133.02
107380cb-46d9-434d-9feb-21c760b2d14b,2022-05-23,South,Technology,307.01,527.54
3c1a8ce2-95ec-4c2c-8798-3bc0579744ba,2021-08-30,East,Furniture,543.67,691.15
c2b2547d-ac3c-4be3-bc35-b2747a57772b,2023-03-29,West,Furniture,728.54,4.88
441dde33-0fa1-459f-826f-05f619cea0c3,2021-10-27,West,Office Supplies,822.83,275.33
aa528f85-01d9-4b33-b488-e328c075e119,2022-07-11,South,Technology,1362.6,150.91
0ab74b5d-fcd4-4681-8a09-7b17951b2503,2023-07-31,East,Technology,122.79,776.09
cab285dc-85b7-4774-b608-937418caa0a9,2023-07-08,South,Technology,79.0,580.41
852393d7-9a5d-476e-a02b-a25601dbeb73,2023-07-15,South,Office Supplies,789.9,685.26
440dd09f-c2e8-4fc2-b649-6cdefca54576,2022-04-07,Central,Furniture,1397.36,-169.36
c1c4f618-7925-47d5-bc65-a804ee9ff73c,2021-02-19,West,Technology,394.94,504.28
56282768-6df0-4c3c-9ab8-180f56479889,2021-01-03,West,Technology,1286.59,-154.88
57d3ec63-e3e1-43bb-ae8e-60755eebc618,2022-02-28,South,Office Supplies,527.06,-228.63
3d563b0e-d11c-45c8-90b2-81c0ffdba2ee,2021-05-24,East,Furniture,1773.31,727.55
660237ed-aa42-4203-9c78-4ca4f0e4ca0b,2021-03-02,South,Office Supplies,1792.42,-474.9
f9ad97ae-0ea7-41a6-9c5d-fb8d60e12973,2023-05-11,South,Furniture,601.6,755.01
ce67b962-548b-4bb7-9f82-00b85b24bb54,2022-02-21,West,Office Supplies,467.69,-305.96
dedbcef9-74f8-4913-80ca-280f19a53942,2022-12-04,Central,Furniture,828.49,565.27
d5de293b-b9a8-47ba-a6dc-e997b2c454a4,2023-07-30,West,Furniture,488.66,-141.3
0692fe02-238c-4712-accf-3b91e35209a0,2021-06-29,East,Office Supplies,1348.04,-44.09
87d75309-de77-4156-9f76-043f9a16b853,2021-12-21,East,Technology,1653.87,-218.21
c05e5ade-b303-4188-b378-cb94478b2f00,2022-08-03,West,Technology,1349.45,261.17
73b0e73d-5e51-4bf8-bfa0-29a6d0a73b72,2021-06-08,South,Technology,1650.46,-47.48
deaeb0c0-a8ac-4ab1-afa9-d02c9e4c4be7,2021-06-29,East,Furniture,800.01,354.61
a904babd-69c2-4a17-83d1-677a79a6ab72,2022-01-18,Central,Office Supplies,321.07,-479.66
a358c4d3-fc76-427b-80cd-11a8301c8108,2022-06-24,West,Technology,1478.52,-416.31
527a9f7b-d007-4d41-b122-d458f521cf35,2023-11-03,South,Technology,727.34,-370.44
df996726-5c36-4f5c-a23f-3abf0441e22c,2021-02-16,Central,Furniture,1345.83,44.69
bc5e3e2f-cebc-4bd7-b837-8be20bb68d75,2022-05-04,Central,Technology,548.58,559.24
3bca7ff6-71be-4c72-ad8c-c85c53559e80,2021-10-29,East,Furniture,171.65,654.63
bd3c83c3-6671-49de-bc0a-8f909b54d227,2022-05-11,West,Furniture,1985.24,-181.75
592c6a0e-14d4-4d3a-8b40-fcdd9cd2da08,2022-11-20,West,Office Supplies,320.84,246.68
f104ad27-ee75-434e-b067-dba16d8bebc3,2021-08-15,West,Technology,1976.96,498.87
a888e7af-fca3-4bae-b9e3-202eee4bd350,2021-09-13,East,Furniture,1954.79,-124.52
19b7775f-e7bb-4e42-b312-6a11db6ae7db,2023-09-27,West,Technology,1589.7,31.71
9b6fbe20-4b3a-4a83-a286-16f4bbf9a04b,2023-04-05,South,Technology,1322.25,181.17
deaf0fa9-24a6-4a6c-b641-d44931f09021,2023-07-09,West,Furniture,1159.84,-324.66
c8ecb641-9267-4e10-a050-df248522496a,2021-07-23,West,Office Supplies,1733.54,-466.22
08207d4e-812f-4d98-b777-6609db576a7f,2021-01-12,Central,Technology,585.98,-301.35
164b85f0-cbfc-421c-bf78-042820bb859a,2022-11-10,East,Technology,940.69,314.91
ff0dd3c2-ac4d-4d33-9515-28af4d25298f,2022-03-26,West,Technology,1242.59,-404.3
77806788-dff1-45e3-bcba-6c808c7aa939,2021-07-02,West,Technology,828.27,-253.39
f47e3ca0-723f-485a-a57b-084d2b0582e0,2023-09-21,West,Furniture,860.7,-60.79
8a693650-a9a2-49cd-bb6f-65df1d9d1d80,2023-12-24,East,Technology,667.27,-398.77
2ba17f78-362e-47d4-be4c-943a3dabba61,2023-10-30,East,Technology,1132.82,-250.79
b32d3c81-a8e5-4e05-b1b7-bd1ec0d52828,2022-07-13,East,Office Supplies,1702.64,684.65
fe4cefed-6f55-4c9e-9b00-0f9f16e500e5,2023-01-31,East,Furniture,411.04,-474.91
edd32be9-2905-4dd7-877b-1426b73c62ab,2023-05-15,Central,Technology,1869.52,349.46
622c636f-e713-4930-9395-8e5cedd0ce02,2021-03-05,West,Office Supplies,1381.28,-0.27
b81bda1d-386a-4050-87c5-8839c42cd0ba,2023-07-20,South,Technology,1648.31,374.44
f395c213-79ee-42c0-aa7a-907d41f3f1b9,2022-12-23,East,Furniture,1116.82,265.3
aa5ca8cd-1f83-4b8d-abac-8660e5c345fc,2023-03-26,Central,Technology,1561.24,-209.45
a23036d2-88d7-447c-ac38-704b22c0eee9,2022-01-09,East,Technology,42.24,601.37
cba88a28-1727-40d8-bdf1-02c2b9b4c225,2021-02-15,West,Furniture,1638.58,139.52
394b5d35-df37-4ff8-9532-7432b118cad6,2021-07-18,East,Technology,89.88,569.3
ec814510-c42e-4fc8-9372-e80dee892190,2023-04-20,South,Technology,1780.93,27.82
57dda51e-a4dc-4d4e-908e-04ac99c6207f,2021-01-27,Central,Furniture,1984.01,780.09
be332380-b7aa-43b6-a900-b66f6083bf88,2021-04-24,Central,Furniture,595.19,501.64
a7674726-61b3-48f3-b99b-70d6bc6aa8a7,2021-02-06,Central,Furniture,428.53,755.74
f75c0751-8fd8-4cb4-88fb-2050a460cf44,2022-04-12,East,Furniture,1533.07,168.62
3bbdf80c-cef6-4a14-afdc-c21bdb2c0eb7,2021-06-08,South,Office Supplies,513.52,115.8
4a7d6fa1-1d9d-4b86-8253-fb27393aa0a9,2023-08-25,East,Office Supplies,1732.47,482.09
5719d3e4-16d1-4768-9c83-90ba1672380e,2022-03-23,West,Office Supplies,214.66,644.38
302b0401-efed-498b-979a-7368bd96bb0a,2022-05-27,West,Furniture,260.65,753.39
92a593c8-1db9-4330-b127-6a5cbe9f44cb,2022-01-12,South,Furniture,1958.51,-78.08
50392a8c-da73-4ae0-a09e-6e485e24038e,2022-04-14,Central,Technology,1350.94,538.32
bca6a6b0-93b0-427e-a154-7769f43dd740,2021-04-30,West,Office Supplies,1695.31,-226.16
970e287a-0fd7-40f2-8f90-8490006e0070,2023-08-11,East,Technology,655.42,209.25
635d8150-d8dc-43a5-b09a-8327891d47fe,2022-06-02,Central,Technology,1356.2,-266.2
c572aa5b-51d4-4f72-ac77-8135fad76ab7,2021-07-16,Central,Furniture,1192.54,-48.38
ef15b821-ade6-4f3c-8c2a-261d5d7233db,2023-03-05,South,Furniture,1210.27,710.77
a9eb0bf9-850e-4d30-a055-adeccbebb43f,2021-05-29,South,Furniture,1368.24,-310.08
1b493710-38de-44f1-973d-18559a039d06,2023-10-16,East,Furniture,1154.96,322.12
da3465d9-89cd-40e7-825a-2dd465333140,2022-02-12,West,Office Supplies,863.83,270.84
d0ef1299-250b-4c5a-90e0-8a8175ea1023,2022-03-24,West,Furniture,559.09,-343.04
380a1bb7-d653-44bb-8bfc-a0caf1613bab,2022-12-31,East,Technology,1539.48,-76.23
25bdab14-74ae-4b96-ae13-3adc7ff5088e,2023-05-14,East,Furniture,460.28,231.88
bf3f51d5-2557-482c-888c-6ea499f9a338,2022-09-29,South,Technology,1387.79,-256.67
d3e78237-cd21-44d3-9960-6af0aa546c79,2022-12-07,East,Furniture,474.33,540.81
51f4a724-9950-4858-88ca-c260b3f5a21c,2022-03-24,East,Furniture,1254.41,763.8
b04816fd-fd86-4a13-809b-d8134f13823b,2023-09-04,West,Office Supplies,1496.69,-220.81
d900da4b-ff31-4846-8600-fc5f1f9b5662,2021-07-20,West,Furniture,445.24,-257.01
a18e4440-7a70-4cf8-92ef-d363b4dea4a4,2023-05-06,West,Technology,129.29,91.42
4a9f6c5c-7eb9-4e2d-b738-7270d424d9f3,2021-02-26,Central,Furniture,270.64,472.09
0f0e5767-606f-4a15-b76c-432eb4428cde,2021-09-30,South,Furniture,1215.93,-133.92
27177e59-5548-4613-8f69-ef2dfb2c2c83,2021-05-13,West,Technology,1700.4,-474.16
d91b1cb6-35ea-4d3e-b77d-ff3ad3f04058,2023-09-24,Central,Office Supplies,99.54,203.59
399e4d08-cf77-48cc-af36-feb1bb8f7b2b,2023-03-04,West,Technology,1470.96,743.58
ec5412b4-0d74-4c38-bc58-82ecb34de663,2023-11-14,South,Office Supplies,689.22,8.66
db55daf5-2dd4-450c-86aa-7991dd8cf1ca,2023-05-13,East,Furniture,962.27,46.17
4c91ef0e-644d-452c-ba36-96cc7ccd1ac6,2023-08-06,South,Furniture,1858.43,759.57
e9917f60-a8c4-40ca-90a4-a31afc00f3e7,2021-12-13,West,Furniture,670.62,402.99
05855672-fdb6-41a6-a8c0-e305d9387dfb,2021-02-05,West,Furniture,936.02,434.92
6c24dcaa-5660-42e1-a46c-d3c18c45fc9e,2022-08-22,East,Furniture,37.23,231.51
592aa87b-fd85-4cf8-b932-28b9ad8ac4bc,2021-12-11,South,Furniture,172.38,766.99
126301a0-641c-4619-a430-58d9c1f98e90,2022-06-19,East,Office Supplies,524.6,395.53
4849032c-4875-4d16-ba0c-96e28720d00f,2023-02-13,Central,Office Supplies,65.43,663.54
b37bdb99-31f1-4f8b-ac4d-e885b245b7d9,2023-05-19,South,Office Supplies,1266.44,409.19
18e9ef77-64ce-4589-8c4a-62badb335860,2023-09-26,East,Technology,858.53,455.65
ca9128fb-c094-4932-92cb-8f692182b518,2021-02-08,West,Technology,1100.81,-122.47
0ddb0654-ce19-4f51-9da8-b3919494065d,2023-11-13,East,Furniture,357.55,-105.48
4dd7cb5c-b5a7-4756-af40-55ddd98d213c,2021-12-20,East,Technology,598.9,517.88
93c09687-29e7-4176-a796-17c47520d99e,2022-12-23,Central,Office Supplies,1331.01,-114.28
7b814ce1-b22a-4428-b11f-4ae4233731e0,2023-05-18,West,Office Supplies,1930.95,231.6
35b33f54-2513-4cd4-a5b0-15b44a84525f,2023-06-29,West,Technology,110.33,-175.84
32167340-bf95-4f33-8dea-6f5237d7cab3,2021-06-29,South,Office Supplies,1781.86,562.08
5cbad410-0256-4225-a6b7-8891bc3ddbfc,2023-11-04,East,Furniture,1157.99,-356.35
1a1940e4-935f-46e2-9b2c-1379b9d859f5,2021-08-15,East,Furniture,1132.2,578.28
dbc21e42-fd0d-4cb1-8916-7a93ada63c4b,2021-06-01,East,Technology,1005.55,283.55
fb924354-f34d-4b13-a065-f5cf25c978b5,2021-12-11,South,Technology,148.09,-257.02
2b10a823-d777-4933-adf0-1fe06d572692,2023-10-24,South,Technology,188.85,204.65
5b078b11-1896-4587-8e6b-bde0ed0d6017,2023-08-23,East,Office Supplies,1205.81,-132.75
f1efa963-2dfc-4b9c-b94f-ebeff96277e5,2022-11-22,South,Furniture,688.51,-79.49
83f38f4e-faf3-4aec-9e0a-71570d6ed01e,2022-01-25,West,Furniture,1835.36,-43.01
6f0eebef-97e8-4057-96a7-01aba66ccf43,2022-01-08,West,Office Supplies,819.12,-417.68
b8f91075-a081-45d2-a608-92d6f84006f2,2022-09-18,West,Technology,295.13,781.75
1e69d7ef-08b3-4111-beb8-62c6676c269f,2023-07-16,East,Technology,1432.29,-459.0
4d7d10f3-7d16-4638-a58a-83773da8b37a,2023-06-14,West,Technology,593.77,361.25
2c281bbd-f45d-4d91-989d-a530b01fb9f3,2021-01-22,Central,Office Supplies,1055.69,-17.4
c69e17c9-6018-4b17-bec5-715ca71db3a6,2022-05-11,South,Office Supplies,1398.69,339.81
abb558e1-cb9a-4ed5-bdbc-ebdbb119779c,2022-05-31,South,Office Supplies,1801.53,-36.88
76b35303-c719-4dd0-96f0-c19ca894b11e,2023-05-09,West,Technology,1586.46,375.88
61d15db2-a67a-470a-9175-3cd1dd69cf6b,2022-05-18,Central,Technology,1355.96,448.01
71f34593-a737-419b-a1e0-9bf146748ee4,2022-06-20,Central,Furniture,1362.47,397.72
1ddb4f15-1eb8-4863-82f8-60445e08e249,2023-02-05,West,Office Supplies,1892.39,-351.85
a43366c9-7d3d-4b72-9f3e-c5721527b2ac,2022-08-02,East,Technology,598.69,353.96
399557cb-827e-40b2-a892-0b25ab35f75a,2023-07-10,East,Office Supplies,12.21,-136.02
fcc2ed18-92ae-413c-963b-d56405e514ff,2023-06-08,Central,Furniture,551.19,-462.56
b198047f-4612-4424-bac0-67a69297eaac,2022-04-21,South,Technology,443.6,39.28
97c6eb3c-cb5a-4c0e-9834-a40dbecfdded,2023-12-21,Central,Office Supplies,1327.05,63.61
fffcff63-7bf3-48f5-a24b-31d72e5c58ad,2021-02-02,Central,Technology,1271.09,107.33
4c618a43-6f04-4c76-b3e6-922da5044925,2023-04-27,Central,Furniture,1190.99,416.27
534234cf-1974-4b71-a00f-7ed09248c8c8,2022-03-09,South,Furniture,42.32,-98.5
dcb9d394-e8ac-44c4-b6b9-824010416cbc,2021-10-17,East,Office Supplies,1460.27,-90.14
67c3bd9e-2f54-40e5-899a-5349cb93dab6,2023-06-14,West,Furniture,653.83,-421.28
64cfd9b9-050e-4961-b363-d272d0181ce6,2021-01-02,West,Office Supplies,1333.46,392.87
c891c9c6-8952-4c51-9145-3eb78e59f579,2022-10-14,South,Office Supplies,1117.59,238.17
105dd35c-7d12-4b6b-87b3-d329cfec1804,2023-07-26,South,Technology,692.03,-45.75
89fab5cc-95b0-4f8a-964f-10b584d6b400,2022-10-30,Central,Furniture,277.81,416.75
a6d5dac6-ca41-4052-919e-af98b6b84329,2023-05-30,South,Office Supplies,197.89,198.57
351c586a-c0c3-459e-80e5-ea1a1fc45171,2023-09-18,Central,Office Supplies,1664.72,110.02
1e0914d2-e5c9-43b1-a898-dac4f736df7e,2021-03-17,Central,Furniture,1837.61,164.72
b1f9ab31-995e-49de-9cac-41f82e4001c1,2023-12-08,Central,Technology,1303.08,327.25
727dda84-8e02-4ef0-815c-e9f42e106355,2022-04-08,West,Office Supplies,215.83,358.0
0a054950-1f7f-45b0-9075-b55accee6b1c,2022-07-13,East,Office Supplies,810.03,-124.35
a71372ab-34cb-4b9a-9338-82b320fa15b7,2021-08-27,East,Office Supplies,1460.59,-317.03
41bb0e0d-8fff-406d-967b-6ea029451370,2023-03-19,South,Technology,1561.84,-296.38
15a905b4-08f6-4b3f-80c9-1cd8d9f8a24e,2023-08-03,Central,Furniture,245.26,331.21
4c6f9a45-8192-4f8f-9fed-7603fadc9704,2023-04-24,West,Technology,10.06,634.74
2bee2fff-8b5f-43fe-b75d-dff45d123e9b,2022-10-29,Central,Office Supplies,1427.15,32.35
a87d21ff-f1fa-4e6a-ba23-6dbb6c4d1774,2021-01-23,West,Furniture,719.63,-279.62
0bd18d4a-4cf4-4edd-bf93-04fa00059b9d,2022-08-10,West,Office Supplies,516.42,483.58
e79524eb-84fa-4889-b21f-9823f23b1efb,2021-04-14,West,Technology,35.67,582.24
88baef4a-a8be-4d1f-8b1c-0df3c865b35c,2021-03-17,South,Furniture,1085.2,644.76
7d8da92b-93ba-44a3-a3cd-8a4471e64bce,2022-08-27,Central,Technology,1703.79,288.88
e92915a3-85cd-44bf-901c-93a3b1f22be5,2022-05-31,East,Furniture,1915.69,618.95
9b2e18c0-5a24-491d-bf2e-1955fc6bc66b,2022-10-16,South,Furniture,1135.83,-479.96
b01c337e-35b8-4aae-82b6-0c8e89c818d7,2022-12-16,South,Office Supplies,1033.78,-360.59
0b73ca1c-d1dc-41e5-a9a1-44751958a981,2022-01-09,South,Furniture,179.26,-379.65
24444f64-3025-4856-8967-65693cb29bf1,2021-12-29,East,Technology,1102.26,426.39
371831f3-d527-489b-9b28-65da4cb9be7b,2022-12-04,West,Technology,766.16,-409.54
8d548038-9a26-4279-a25b-74adf519ab52,2022-03-01,Central,Furniture,1218.2,145.27
470367f7-5beb-41c7-977f-199a374e6538,2022-07-31,East,Office Supplies,783.57,114.52
6c092d0a-9f4f-4355-baa6-961c20e4dbfe,2022-11-21,South,Furniture,488.2,-96.09
42bb8f63-4145-4abc-8cc2-e0f013093c17,2021-03-09,South,Furniture,198.98,631.53
29cf4c70-e756-41e0-a657-41db61bc7c56,2021-05-09,West,Office Supplies,636.69,-278.44
f1da833d-1550-4390-b4c0-db3e666a4a82,2022-09-12,South,Office Supplies,202.32,-41.8
f0b0e729-6ce3-4d67-ad30-c94b4111e681,2022-05-10,West,Office Supplies,362.02,506.42
3429ce3b-8931-4697-a4ab-a2a0b1cbc263,2021-08-12,East,Office Supplies,1974.8,-460.45
44f760a8-bb90-4511-a12b-61ae12101787,2022-11-21,West,Technology,893.77,374.84
a54427ec-b261-4d5c-a214-245cfecfdd72,2022-10-06,Central,Office Supplies,1068.42,561.32
904ada37-5f44-4716-b6e5-dd9a315007d2,2021-05-25,Central,Furniture,1748.5,711.95
82ece8aa-d20c-4375-a5d4-53c4a845fee9,2021-12-12,West,Technology,1991.18,639.19
d2524487-6b70-4287-a9fe-ba149adda7c8,2022-10-12,Central,Technology,1169.6,-84.8
c9ac376c-fe11-430e-90fc-fdaa274b369e,2023-10-29,South,Technology,1626.82,262.27
f6c9dd38-06a2-474c-a102-56376f023006,2023-05-21,East,Office Supplies,660.61,-399.52
4526ed62-13d8-46e6-bf5c-022a9a86013d,2021-04-18,South,Office Supplies,618.43,-164.77
af194390-1c28-4022-880e-6ddd1fe72d21,2022-04-10,South,Technology,811.38,-377.51
5450c61f-10e2-4676-a822-d1288c61e59f,2023-07-03,East,Technology,1348.29,-90.26
e8c44e4c-5ce1-4cc2-96c7-02a1a3e2ac17,2023-05-08,West,Furniture,1367.56,637.74
2575dbd1-45f3-48a4-872f-a86e55616496,2021-04-02,Central,Technology,637.33,-48.68
460db751-39cb-441a-8c50-1beade6d4e25,2021-08-06,South,Technology,275.09,230.47
fabf8aef-608d-4b54-9913-0b900286675d,2022-07-10,East,Technology,1268.47,63.4
f3a80aa0-60ee-4cbc-b8e3-c67df8018a19,2021-12-08,East,Technology,265.37,96.59
1f9deccd-ecf6-48c0-8861-3afa1ae17565,2023-09-14,South,Technology,1161.2,760.44
e0218caf-ba73-4a4e-86c7-1c162cfcbb3f,2021-02-01,South,Furniture,1389.91,-115.0
ce8a5306-d243-4d1b-96bd-5e9f4e7a081e,2023-03-07,South,Office Supplies,1404.22,315.52
59518620-8769-4e24-9875-589a7d57a51f,2022-03-12,East,Technology,1509.41,46.08
4830effe-dd8a-4f0a-9278-f380b3510ddc,2021-10-30,Central,Office Supplies,1746.99,-420.51
195c663b-9b82-4430-8563-cafe8d31df34,2023-01-14,South,Furniture,1004.92,136.13
51683612-2bb6-4a4e-8c47-5261e585a0a5,2022-09-11,West,Furniture,1463.2,557.35
2e408d57-63ba-4c3d-807a-be48f24e7fd6,2023-08-15,East,Technology,1242.15,-371.62
ad851456-bdc5-4633-8e5b-961f585d4011,2023-08-12,Central,Furniture,381.41,-409.53
8d3a5b2d-881c-4211-89eb-597bf7ceddc4,2021-09-07,Central,Office Supplies,61.12,-300.28
6714272a-d981-4a41-a1cc-233c9838d168,2023-09-22,East,Furniture,576.24,493.72
4251d2f0-20a8-4260-97a1-a2f67a139e90,2023-08-11,East,Office Supplies,891.64,441.19
b695c2bf-8379-45ed-afc8-d769026e6d11,2022-09-10,South,Office Supplies,1238.04,234.52
248607c2-2059-4d46-a856-0b7427ce46ce,2022-04-05,Central,Office Supplies,1701.42,108.69
44725ab7-bc44-4417-914b-a9bb60f91495,2022-02-23,South,Furniture,400.53,654.82
a3a22f35-b9b5-43c7-ab1e-fddc0d888933,2022-04-14,East,Technology,259.84,496.71
c70c15e3-b51e-40dd-9ec2-322ff978d269,2022-12-16,South,Office Supplies,1927.33,555.52
6b1205aa-9bd3-4580-ad9f-835f3fc5c786,2023-02-15,East,Office Supplies,225.01,557.24
705faecd-2edf-402e-b531-8081b4effa29,2021-10-08,East,Technology,962.2,335.53
77fa7bbc-cc68-453e-9a9f-d637fc7aa2dc,2022-05-17,South,Furniture,1175.27,95.42
f3dea9dc-469c-458b-896d-036a8092189b,2021-01-15,South,Office Supplies,1087.34,624.08
b7ed70cf-f111-4e9e-8545-b11f6d820335,2023-04-06,East,Furniture,181.2,703.81
3a9048cc-d063-43e7-ac7e-f0abe1a29ffa,2022-03-15,Central,Technology,123.48,-469.05
1641d960-dba0-4dec-a2b8-fdcc4e20c377,2023-11-16,South,Technology,219.91,-432.98
c544a049-6811-4a5c-8e3f-d50bf28c635f,2021-10-14,South,Technology,1175.32,746.37
a27a2bda-1713-442b-9862-042e500f86b1,2022-01-09,West,Technology,1093.25,-139.69
3d730c3b-bade-43a0-93a2-2a821458771d,2021-08-07,Central,Technology,475.14,635.38
9347f486-2a44-4a88-97f8-5f5bf1e2cce7,2022-01-25,East,Office Supplies,1279.17,5.43
492d85a7-be50-4500-95a7-5ed90eb2858f,2021-09-28,Central,Furniture,1641.93,-345.17
ceefd2c9-7e2b-43ce-adf9-8b8d8ddd6a3e,2021-11-27,West,Office Supplies,92.74,-395.42
f2ca2002-f650-4852-82bc-e2e0dfd5988e,2022-04-14,West,Office Supplies,1001.28,-296.54
eeb47b07-8239-41c4-ad52-09e76c8a30c1,2023-03-07,Central,Furniture,1381.73,-175.14
7f702973-7aca-4b76-a2ec-f870bb15894a,2021-01-08,East,Technology,512.1,135.07
ad411244-ff79-40f4-af64-257283d7cafc,2021-02-19,South,Technology,622.46,411.95
1febc9af-b2a8-4456-884b-fa8ce3593ee9,2022-03-02,Central,Furniture,1231.14,782.32
30afe613-9dc4-4583-838e-f7af67ccfa38,2021-05-05,South,Technology,1796.89,73.96
01ddc628-bef4-4f0c-94d6-761ce92fd9fd,2022-12-07,East,Furniture,1621.75,173.64
88c982ec-b3dd-4cfb-accb-6ae1b6d331ca,2021-07-15,Central,Office Supplies,1170.43,178.36
fe85544c-3e85-4c67-9855-e4a0bfea3d2a,2022-04-24,East,Furniture,1463.14,201.26
eba332b1-f36c-4c45-a942-b4d7bd2dffff,2021-06-21,West,Office Supplies,736.0,173.06
f1e7ada0-e15d-4e51-bfc9-77e4d2c7f176,2022-05-30,South,Furniture,1285.52,-488.59
0ad7d77c-9bf4-4cc6-af1f-be1687324f52,2022-06-16,West,Technology,937.7,-497.76
2b24ef63-f6f3-4192-b2da-dc219b7cd539,2022-01-19,Central,Office Supplies,387.97,-373.03
c3828725-e1c6-4384-ae20-a0b5acad7c07,2022-09-11,South,Office Supplies,1406.46,-367.98
2cc09f87-399e-4823-a75f-58ba86052bef,2023-07-22,South,Technology,1117.36,416.37
22212e52-d6e3-4103-9df7-0cc1133b385e,2021-06-17,South,Office Supplies,723.66,-233.61
0d08367e-f3d5-4737-9a71-504b8380d397,2022-05-24,Central,Technology,1823.56,663.13
2ba4d656-610c-4ade-bed9-9a6b6c3786c2,2023-04-11,Central,Technology,51.66,707.19
56847457-1cfc-4f01-b840-1eea5f8f8538,2022-06-10,South,Furniture,638.39,768.66
d4ec0595-3ff0-4d13-add7-1599e9fedd48,2022-05-05,South,Furniture,123.19,720.81
db992f51-c433-43bd-99cc-86568a03be43,2022-12-14,South,Technology,1535.39,-146.55
7bae0f3b-4c96-4dc2-8a41-aed81e2c6d4b,2022-03-14,West,Office Supplies,1407.19,162.71
00926d61-368b-4d68-83c6-b5324b25c483,2023-06-28,South,Furniture,669.39,-271.91
64c46086-919f-402e-a194-c7b1bcef40f8,2021-02-14,West,Furniture,1354.57,548.07
edda1677-4e08-4b81-ac4d-6c0037abaaf8,2022-08-20,East,Office Supplies,797.92,654.96
83f9b580-a499-4b92-b589-de14eee06433,2021-09-28,East,Office Supplies,1514.95,606.68
ef775124-0911-4215-a4b7-0864d362dea7,2023-02-15,East,Office Supplies,913.83,63.38
d92d9519-9e24-4724-a47a-7b03768ae6fb,2023-05-25,East,Technology,830.44,486.28
0182144d-5b12-4b1b-8eb8-1b177cff07e3,2022-08-12,West,Technology,1870.11,-373.15
4c60b543-541b-489c-b5d9-c07c9d9363ea,2021-01-24,West,Office Supplies,509.25,-447.68
59875c7d-0151-4cb0-9b6f-1a9e5a98b715,2021-09-09,East,Furniture,249.69,479.21
66edef30-2fa8-4808-b8f1-6861e3e3e73b,2022-03-08,South,Furniture,1173.24,52.96
6e4928ac-19f1-45cc-8244-e4d75ac2a176,2021-09-13,South,Furniture,1938.95,794.21
8772df4a-15b1-44a6-b292-45ba7df6bc1d,2022-07-28,West,Technology,761.9,-373.57
6924e248-2759-4511-a604-bfbe83aa622f,2022-12-04,East,Furniture,133.45,612.32
01c4e229-7cc7-4b17-a9c1-84ce1fb426c0,2021-04-06,West,Technology,685.22,123.98
4008d4da-a819-413d-84fa-84a427d764ce,2022-01-07,West,Office Supplies,1016.8,575.3
5fd2bec3-6536-4c77-b87f-b57839e1609d,2021-11-27,South,Office Supplies,332.23,562.27
e466c937-6da7-495b-9d4f-97154c9df049,2021-12-11,West,Technology,1319.62,690.79
44fcc054-cfc1-4689-8953-4e152ea37b78,2023-10-18,South,Furniture,1995.52,-112.79
a801f15e-7046-425d-bd47-4d951bd36f41,2021-08-13,South,Office Supplies,908.96,734.74
23cecf1e-296d-491f-b079-ae53d6e0217c,2023-08-23,South,Furniture,715.91,-302.83
017cc74e-6f18-4343-bf41-5c985a8e8f05,2022-06-09,East,Furniture,807.4,-393.44
b58f67b6-deda-428b-a232-0dc95bf6f06d,2023-11-16,South,Furniture,239.14,61.1
48ef30ff-3087-47b4-9c54-956f32ce93db,2023-07-21,South,Technology,1767.71,576.82
6bca4f86-6500-4793-a238-dfc60a4e3ccf,2022-03-29,Central,Office Supplies,835.5,115.45
08175dd0-e6a7-4af7-94ca-6897be71cd60,2022-07-12,Central,Office Supplies,780.68,578.07
f2c8c25e-32f1-427c-aa8c-662d290a3d67,2021-10-09,South,Office Supplies,1322.78,448.59
fba13732-aa4d-4bb8-b5ae-d2e97ab3137c,2021-12-12,West,Furniture,889.65,-227.74
7d338ca2-6bcc-472a-9e69-2c3f440b71a6,2021-05-09,Central,Furniture,1299.98,733.55
ae864837-ccc1-4250-bedd-84838cd4e7bc,2022-05-16,Central,Furniture,132.28,-420.98
c0476d80-532b-470a-a09f-839fb6ddbd11,2023-09-22,East,Technology,1629.31,667.76
665e467f-e1bb-4399-87c4-32a0c3af3d93,2023-04-16,East,Office Supplies,1881.6,-104.22
bdecb67a-ec6e-4294-b9da-c7798079cdc9,2021-08-05,Central,Furniture,1301.04,150.19
21a496a8-638b-4370-935d-1936d7d2f88f,2023-03-28,West,Furniture,1909.59,49.06
caef3c9e-1b9d-4f1b-b52a-6cbf1c17729f,2022-08-24,East,Technology,311.35,-276.62
581848c5-27d1-4990-a049-a289056a3b28,2021-12-18,East,Furniture,960.06,-34.41
af374e8c-c473-4700-837e-7f6080000fac,2021-03-13,South,Office Supplies,1207.6,-249.19
d4701dd2-ada5-4eb9-8d52-7b893c8b966c,2022-03-11,West,Technology,1167.66,-234.95
98daae8c-f9f7-4004-adfe-874557968d64,2021-02-01,East,Office Supplies,808.91,-256.83
7aededf4-6f30-4743-820e-2e6abcc8509b,2021-08-06,East,Technology,682.79,135.72
15263fef-7c65-4bfb-883f-ca724a1a7c2e,2023-07-29,South,Furniture,262.38,537.31
9e1be56d-3f6c-4de5-adcf-cb58c2ca55ed,2022-11-07,South,Office Supplies,789.57,239.66
2fd6129a-82e0-4d39-bab0-08df2709f5b2,2022-09-02,West,Office Supplies,333.7,661.17
1d71f339-c448-42af-87f8-b6f13fdd0e2b,2021-10-13,South,Technology,1471.39,327.51
b371d64d-fe87-417b-8376-bff9dd3a0936,2023-12-09,East,Furniture,425.57,396.14
6ddd5c02-d213-4565-aa94-a1d43f529dae,2023-08-17,East,Technology,126.54,367.89
c86022c4-b4da-4f04-b951-0a4532cb28ba,2023-07-22,South,Office Supplies,1109.21,84.3
baff361a-b37e-4c41-9a62-75f5cf590b8e,2021-05-21,Central,Furniture,1194.51,396.14
304c9c7b-2e62-4a6f-9c71-14398098f50d,2022-11-19,East,Furniture,1745.11,-409.38
a1001bc8-9758-425f-9ad8-e2dafe17ddb3,2021-09-03,South,Technology,1158.19,617.81
1ed68b71-3ab8-4c3f-a612-e9e5a26d18f6,2021-06-04,East,Office Supplies,697.51,511.16
461bcbc3-09d2-41e0-a6ba-7e5121de2360,2023-01-25,South,Office Supplies,1607.99,-181.2
256df639-edd9-436e-b132-8995fd8ac696,2022-04-05,South,Furniture,1085.15,498.44
331bd602-9dd0-4e04-8485-742a6d22313c,2021-09-01,South,Office Supplies,167.77,-483.56
615eca80-0d0b-4920-9d46-0c9117478b5c,2023-07-22,Central,Office Supplies,1136.04,-217.58
b33d9c7c-4e73-4dcc-8664-82ee6844a0e3,2021-08-04,East,Furniture,1816.96,-415.32
38c6430f-3b3e-47bd-bae9-6dd3a2209a31,2021-07-23,West,Furniture,798.66,514.29
0fb49d98-7aac-4a0a-ad13-4ea8560fc071,2021-02-11,Central,Office Supplies,599.69,482.64
0d394b57-a4d4-4f15-ad54-a50182866d40,2022-04-15,West,Technology,295.5,557.73
5d13539c-44ed-4fd5-9c2c-8fb14de5f2f7,2021-05-16,East,Furniture,311.38,-494.17
b62a7941-59dc-4e0f-b168-5db847d28391,2022-09-25,South,Furniture,871.22,151.6
e525aeaf-51e1-4799-bf39-562d6b06e92f,2022-12-22,Central,Office Supplies,1195.4,416.29
00231f70-0a77-45cc-ae87-46510c2ca7fa,2023-04-22,West,Office Supplies,170.42,-297.98
5256f928-bea8-4e9f-a911-fd6d0d586ee2,2021-10-02,East,Technology,1879.74,344.73
47b885fa-78d8-4dd6-890a-886c36442939,2021-07-05,South,Office Supplies,1512.72,-390.66
6e4ff4a4-19cb-44c8-9b45-03bce892464d,2022-07-12,South,Furniture,1177.38,-264.28
7dc4f12b-f2c5-42da-8094-4f952f51aca6,2023-11-30,West,Technology,1658.59,118.54
1c8d23b4-4dea-4200-9593-83cf5d13a906,2022-01-09,East,Office Supplies,169.57,349.63
aed690cc-037f-4347-ab40-256118cd99c9,2023-07-07,East,Technology,958.91,-310.37
215bdef5-dcaa-4893-853d-1af98d40aeb2,2021-10-01,South,Technology,1263.89,-259.21
cf5e7840-bdc5-41bb-9c4e-3b0054ca4adc,2022-09-23,South,Office Supplies,1659.02,-234.22
96c2e045-c75f-4b36-be30-cae95c83b98e,2022-08-18,East,Technology,1569.1,-189.69
3cfe18e9-5f20-4c06-9ace-863187638104,2023-07-28,West,Technology,561.37,-205.48
959677e9-35c4-4e08-86a4-7588a676ace1,2021-11-23,South,Office Supplies,1882.35,13.69
1b3ac54c-e31f-4212-9654-c83f62510f01,2023-01-08,South,Furniture,257.45,349.93
9a11ddf4-be1a-45c9-a12a-c11c21677dca,2021-01-08,West,Furniture,1751.52,69.44
f7e47c8c-9628-4429-8a81-870a1ecf8aec,2022-09-08,South,Technology,1942.17,508.77
d141b9e4-a783-41c8-a250-891ae9846baa,2021-12-10,South,Technology,362.54,435.05
721df83c-b464-49f4-b163-b27430c041a9,2021-07-16,South,Technology,1446.91,-335.52
f11afc00-132b-4f36-9940-4d24eced9c30,2022-07-06,East,Technology,90.17,-436.51
4d2d8efd-57c8-494c-9e77-76ae8bec9a50,2021-02-21,South,Furniture,816.79,641.32
c2d01c42-fd59-4978-b965-12e3b9b094ac,2021-12-01,South,Office Supplies,1037.4,-396.22
27571245-b884-4902-8897-3a4a33b636dc,2021-07-08,Central,Furniture,1165.48,-307.16
6b0ffa79-3113-413a-a0b9-98300b373468,2021-12-25,West,Technology,1872.52,-471.23
e43f05c8-40a5-42f7-b62b-9f628ced48ea,2023-06-30,East,Furniture,1347.78,316.84
d89939ba-da7a-4e9f-8265-1976e0880267,2021-09-01,South,Technology,967.74,257.08
58eb3e59-f9a1-4e3f-8f72-d6afe825049a,2023-02-16,East,Technology,1621.25,782.97
a13ecf15-72cf-4b0e-9db2-f6cee5190530,2021-03-12,Central,Technology,1901.56,653.01
6fa5f03f-e92d-4961-9e0f-d29bb7a2ab33,2022-04-15,East,Furniture,53.91,34.1
861550f6-6b43-4b40-bb9a-21c41155581f,2023-04-06,West,Furniture,1965.22,-16.94
ca77736e-80fd-463d-b3d3-6295ee6bcb89,2022-07-11,Central,Office Supplies,181.4,-114.09
462e9af3-9962-4263-aabc-42b1059997f6,2021-01-12,West,Office Supplies,1630.63,-301.87
4a26eb59-2101-4598-b7ad-3965b25b56dc,2021-10-15,East,Furniture,567.87,-320.49
0f9027d5-90f0-447c-b4af-80050ba24c4f,2021-08-23,Central,Technology,273.04,-328.03
30b05a0b-b19d-4860-b8f4-0e49cb5d2aff,2021-03-12,Central,Technology,885.31,-351.65
7eba0464-65c2-47c0-9085-449dbd9f82d7,2022-10-12,West,Furniture,1291.47,-187.33
8373edf3-dec9-4438-884f-f1a7af481fc0,2021-05-28,South,Furniture,768.09,-101.33
70100d7e-2a5f-46e4-9332-406ff8b6bdee,2023-11-10,West,Furniture,118.59,750.05
8fffe845-6257-4e9c-8260-1132c02fb24f,2023-06-28,East,Furniture,1202.93,252.02
9b72a9fe-669e-498d-a3e7-3896c784ef4b,2021-03-17,East,Technology,1805.78,783.87
00ebf725-2f1e-48dc-b4f9-02b74580a4ae,2021-06-15,Central,Furniture,772.6,-15.79
9794b389-37c2-4f27-9267-e7e628f5f5c2,2023-06-15,Central,Office Supplies,440.5,94.91
edba84d1-e110-4d91-8244-bc44b25c5b50,2022-01-07,South,Furniture,890.73,-78.05
80fa3363-7497-47d9-8346-93d1ca67d562,2023-09-26,South,Office Supplies,106.24,-262.25
4242fc5c-866b-429a-b877-e049b52f5e0d,2022-01-14,South,Furniture,1642.77,-313.89
4bde7d88-3867-462d-9a3b-ce8e4dac49f6,2021-11-25,West,Furniture,1654.42,728.6
1e7d8f7b-8d59-434d-84bd-604fb5502e2b,2022-08-04,South,Technology,1180.12,782.85
8897c497-0bad-4234-b953-70c02bcdce43,2023-08-20,East,Furniture,712.67,-441.62
a3bdd4d6-0a01-48b6-8ab6-3e0f3cfbc642,2021-12-17,West,Furniture,1601.57,-304.55
471b0cc7-e233-4597-b129-ed2f25ec77e4,2023-01-31,South,Office Supplies,1113.83,50.58
df96048a-453b-47f5-a20a-69d3ed601f49,2023-07-28,South,Office Supplies,1653.61,-257.77
fae2d4a8-a475-4fa7-8d30-69bfca6628a8,2023-01-27,Central,Furniture,1266.6,-26.96
35c0c003-d2cb-43eb-bd52-3fad3fbefe33,2021-05-12,West,Office Supplies,1570.97,-332.17
a60da1aa-005b-4f73-9dbe-4a3c88db3692,2023-07-27,East,Office Supplies,1201.14,93.47
f8e351ea-9aeb-4c3e-a1f7-815758f34359,2021-04-06,East,Office Supplies,834.14,-146.8
f2491816-154f-4eb4-9316-7cb55e7e00e5,2021-01-04,Central,Office Supplies,1916.31,-42.52
4398018f-8c9d-4a84-a24c-ee91b4992393,2021-04-01,West,Furniture,1086.82,-377.39
e5f95507-6889-48ad-a234-5eacb8da3559,2023-10-01,South,Office Supplies,1214.13,56.57
fc3a156a-531b-49d8-8b7e-42df9c8a1631,2021-02-03,Central,Office Supplies,448.77,778.23
02aa1c76-d0e0-4655-a03e-9b5d0ea8d0ee,2021-10-13,East,Furniture,1255.05,-72.52
bb0084fa-3822-451b-9b00-f1a0d2ed3196,2023-06-23,South,Furniture,1147.5,639.36
418860b9-2d3e-454b-8799-c04bf71925ae,2023-10-04,East,Technology,377.83,596.16
a845f723-8992-4e2d-8400-e249f8bb1616,2022-06-15,West,Office Supplies,128.58,737.68
f0636972-c737-427a-9e34-106afa902bfb,2022-10-31,South,Office Supplies,1212.68,527.14
b8fc7513-1b3f-44b0-9550-9b75c7cfb659,2021-06-04,Central,Technology,1529.75,357.48
f216880d-61c9-415e-b028-5484beeac4d3,2022-08-09,West,Office Supplies,1051.57,613.56
a05095fa-deba-4297-81e1-5f65a7610e80,2021-08-16,East,Office Supplies,461.28,-401.66
34c6d620-8d06-43e2-9ab6-2311a261d918,2021-10-14,South,Office Supplies,1336.38,101.68
5302e6e2-387b-4cda-b133-0766d11ce313,2022-06-13,West,Furniture,169.41,786.03
a13a9da2-94e7-4b2a-b434-02ef44cfa6ba,2022-08-08,Central,Furniture,889.25,500.48
653d171f-c0bd-4748-9bb4-64a3cec79642,2023-11-18,Central,Office Supplies,335.1,750.7
bad4f3e0-3b52-4525-b230-b85b27d81ea0,2022-03-13,West,Technology,377.07,513.52
25f93ab9-5e5f-410c-af14-4dc6b9ede33f,2023-12-24,West,Technology,412.56,637.35
7ef74fdb-17fc-4335-baa0-3208e6f47dcf,2023-02-04,South,Technology,779.55,418.49
d0cb079f-2f5d-4f13-b59a-97252e77abe3,2021-04-10,South,Office Supplies,111.79,488.65
91d51b06-3059-4fbc-ad15-94cbdcc31cb2,2023-03-10,East,Furniture,801.61,180.13
2e2f2127-babf-4375-b17f-b7867d929cc0,2022-07-27,Central,Office Supplies,1028.3,701.51
4f66a914-0563-4b30-8834-0d51a5c6c5ae,2022-07-04,East,Office Supplies,971.76,572.55
d147a0bf-2d7f-4e23-a29f-f19c29b50942,2023-07-21,Central,Office Supplies,771.74,597.05
3016cecc-9b9a-4a55-aff7-45a064ea1dd3,2022-04-26,Central,Technology,1679.9,374.91
6d283989-1271-4873-a4bd-e1a811c7bec9,2021-01-04,Central,Office Supplies,299.2,-104.05
a52680b3-e8bc-4007-b47c-76903ec8f48e,2022-11-30,South,Office Supplies,1016.34,-453.68
b96c2da0-19a8-4c19-a70a-858cf86b2e95,2023-06-20,South,Technology,133.46,716.35
c01d1c62-ba0d-4f1f-a325-85b486daf596,2023-08-24,South,Furniture,151.6,261.96
1987e6d0-9a71-41aa-8304-92b3ced89c97,2021-08-10,Central,Furniture,1151.99,-112.41
1c2b498f-054d-4360-a24d-347360bc6cbc,2021-12-19,South,Office Supplies,1136.38,-306.12
d49cc547-c371-4e42-8378-25dad399956c,2021-01-01,West,Technology,1757.29,578.38
21d67c73-0b32-4c23-af47-0a44a4fcc79c,2022-03-20,Central,Furniture,1120.17,587.48
44852295-1566-4483-8526-6dc83f936724,2022-06-19,South,Office Supplies,1919.98,558.86
9981d28f-a09c-4325-b047-fbeb2483c458,2021-12-04,South,Office Supplies,106.9,338.61
0267c983-f763-4b4d-8ada-c12203748864,2021-08-01,Central,Office Supplies,205.04,-24.18
8ad8c568-1b39-4777-8aaa-4685f5266edf,2021-12-31,Central,Technology,97.69,-104.71
da4bdf2d-56a0-48b4-9179-2ee0bc731d47,2021-05-09,East,Technology,378.7,-488.88
23a49571-33cb-49ef-95c0-4765b51bd20f,2022-08-22,East,Office Supplies,1087.13,583.69
e473b0b0-9017-44a8-8279-d9137afd2923,2023-10-09,West,Furniture,1294.69,-386.34
4eb0c866-29c3-4598-90c2-4f2171bf5c97,2023-09-02,South,Office Supplies,100.71,319.98
3e6a41f1-278e-4f60-ba99-bd7654edfb70,2022-12-30,East,Furniture,1892.48,155.3
447809c0-b129-4cb7-8b24-8c7e0e4ddb72,2022-12-25,Central,Office Supplies,1685.91,184.7
056de195-1f81-4097-8b2a-3730a0a2e9bd,2023-04-11,East,Furniture,600.26,704.73
8b6daa25-1a52-4aa2-8b66-0bcdd32e4757,2021-04-28,Central,Office Supplies,163.6,-458.9
e2eed64b-82f4-4196-9a41-c57f4bf70dc6,2022-03-19,South,Furniture,348.08,505.41
004f5362-244f-4ce3-aa50-18b5d623c671,2022-05-30,South,Technology,262.62,-432.33
3a0761d9-0624-4bdf-b96c-8f79e983c62e,2022-08-09,West,Office Supplies,255.33,-450.4
5a7284a2-25ba-4795-a2a8-76d76d58bf63,2022-03-26,West,Technology,1041.94,58.76
ebf3ef99-39d3-4f2b-896e-c0c9a7c5f960,2022-11-17,Central,Furniture,499.24,-418.0
afcfea4d-627e-41e1-af35-fbc0e1057ec8,2022-03-24,East,Furniture,722.7,525.89
e6d037c6-d2a2-4765-b700-7ce3e25c7f9c,2022-01-16,West,Furniture,1979.12,188.43
fda2f9a0-2b68-48e3-bde7-f41a1cc6d08a,2022-11-21,Central,Furniture,1371.79,-462.25
f4dafcc8-1a0b-4310-b97a-4dc81c31d9b9,2021-01-20,South,Furniture,1898.47,-447.35
1387bcda-5b78-47ed-8824-faf3f4b28643,2021-07-03,West,Furniture,293.69,296.47
5c494d63-1e4c-4fdf-956e-fce49d9e4da2,2023-08-14,West,Furniture,770.46,547.95
15b5bc25-eb7c-4628-acb9-48f7ec5eac70,2022-04-05,West,Office Supplies,1113.92,69.14
26aeaf29-9ac0-4e26-8b18-c73ce545281b,2022-07-02,Central,Technology,162.75,220.95
55b85720-87cd-4444-adba-97542d95d98d,2021-11-01,Central,Technology,18.33,539.78
6cdcd3be-adef-4777-ae6d-f7e899802368,2023-11-19,East,Office Supplies,1344.16,293.66
afe9c3dc-aad2-4db6-a4a3-5a102674d1ff,2023-08-13,West,Furniture,1287.22,-207.81
49793220-d14b-4771-9ff0-287a4d334878,2023-12-23,East,Office Supplies,827.47,296.97
45665e79-1a9a-4b54-a01a-5b5e592fcdc6,2021-06-12,East,Office Supplies,984.39,316.76
5e7e2813-a967-4fe1-bfce-e629ea8e55a5,2021-05-05,South,Office Supplies,836.73,454.34
e830257d-cf8b-4eb2-83f1-5176eed15809,2023-11-07,East,Furniture,57.77,307.14
c9f279a8-138c-437a-8c76-864ab61831c5,2022-12-03,West,Technology,677.39,760.01
fa61726a-eedf-4f78-9c99-4976008ec990,2023-02-15,South,Office Supplies,362.39,-243.53
2586dcd1-a7e6-4e4e-871c-dac2260d76ca,2022-10-27,East,Furniture,205.86,736.42
725aa10d-63fe-457c-a5d4-ec1951fc4c23,2022-10-16,East,Furniture,1913.87,199.84
f9f15e65-c919-4c69-8bfe-68f0b8a9f704,2022-10-27,South,Technology,1202.73,373.54
1cf85164-113b-476e-908c-e31e7a7a852e,2022-06-13,Central,Furniture,1460.03,-370.7
ba098484-f5a7-420d-ad6d-91e193ed82c5,2021-04-01,West,Office Supplies,637.57,-5.25
52b3a0d1-1727-4924-a508-f357474a3674,2022-06-20,West,Furniture,792.36,500.19
c47d336f-2e8f-4f7f-a0a6-2edffea95b73,2021-10-02,South,Technology,481.48,418.98
7e8450d7-51be-4dc1-9a44-914362908017,2023-10-21,Central,Technology,202.96,-447.82
f90c9f84-b184-471c-bb35-b9f96c80423a,2023-01-02,West,Office Supplies,366.27,210.57
a2f87dea-cb22-4b8d-9a0b-d63d69f841b0,2023-10-04,South,Technology,1597.05,-385.24
f1abf7a0-cd59-4b8c-a362-7835555df8c6,2022-10-12,South,Technology,1358.32,794.61
62186d10-3ef3-45be-abee-4c80a7698b2d,2021-04-14,Central,Office Supplies,1098.39,666.49
89eb56c1-7f42-4889-8ca1-7f756b2d470a,2021-07-14,Central,Technology,955.43,-472.6
894539ec-8850-4e9d-be1b-203488a5316f,2021-02-11,East,Technology,1845.64,616.24
1567f88e-6276-4e87-bae8-c8f8d2478bb2,2023-06-14,West,Technology,154.74,695.26
86e5edf4-6bfd-4189-b705-10f894ba0d7c,2021-09-06,East,Furniture,568.4,-40.39
cfb0d68d-b189-45a6-86ce-c51b93efb5c4,2023-05-11,South,Furniture,706.38,435.35
165607c0-b3fd-4c76-b826-45adbf8f81ea,2021-05-15,South,Office Supplies,1567.03,74.73
340a22d7-00bb-4543-9c98-fd573c359ce2,2023-12-24,Central,Technology,1985.1,351.8
5cc624ef-0464-4f52-99c0-99f6fe709416,2023-10-04,South,Furniture,488.93,-57.59
2233212a-f526-4ea2-b953-3cb78ef1a114,2022-05-14,West,Office Supplies,1749.87,-80.67
e94f03ec-0f40-46a2-9c33-345debc05f02,2023-01-11,Central,Office Supplies,1662.94,51.76
d96da200-d947-472a-9c61-3985596ed71c,2023-05-01,East,Office Supplies,457.07,-310.76
23ac64e5-d1aa-4b53-8755-66c2dde4cd87,2021-03-27,South,Office Supplies,804.67,580.48
d5d318cf-24e6-4ffd-b5dc-037d4b71481f,2022-09-24,East,Office Supplies,825.25,-46.69
ee6c69f7-f8c9-4b4a-8d2f-2114da72ab37,2023-10-26,West,Technology,1956.66,20.19
35f2e254-3e14-4f6a-abcb-b347e9b758ee,2021-04-26,West,Office Supplies,369.97,662.27
bf3b1681-0e4d-464e-b97e-8bfbd3ec2149,2023-08-29,South,Furniture,1600.32,145.61
b21eafab-f649-49e8-9e03-2a652346f26d,2021-04-04,South,Furniture,675.04,207.53
bbab3b0e-60a1-451d-a4a0-aaadb436e8fb,2021-08-31,East,Office Supplies,1464.43,743.45
6cb9b655-f704-4d14-b235-161506beab4a,2021-07-25,South,Technology,845.82,652.74
1b2375d0-b38f-40f2-8dd8-67e55f26b2a6,2022-01-18,South,Furniture,1160.94,-279.69
7a114e56-12e2-4c2a-94e4-339da9a9cef7,2021-04-18,East,Technology,1666.9,115.18
287e09f1-ded7-445e-980b-82cbd66248bf,2023-11-15,Central,Technology,1610.29,762.69
242ac30f-5d80-453b-a59a-5d6c07ba408b,2021-06-26,East,Technology,1734.18,-15.92
0331bd0d-13ba-4d24-bebb-527c1438e799,2022-08-31,South,Technology,128.64,-16.95
6a9f687a-d04f-4197-94c0-df2891b5fcb4,2023-01-14,West,Office Supplies,1387.18,-246.46
78428071-2eb3-4f6a-83f2-6a392653de2b,2023-08-31,South,Furniture,288.57,-351.38
8706f724-bf83-42d4-a3de-67fcbe59d035,2023-04-30,South,Office Supplies,837.48,462.4
785e02ee-4cac-495c-b2e2-503ab2d515d1,2023-11-22,South,Furniture,1101.69,501.04
71a84189-565b-4785-b8f9-85fc69598983,2022-11-18,South,Office Supplies,811.45,759.72
0361b157-b1fb-4587-a514-b3fcc809a0b4,2021-02-07,South,Technology,1044.03,505.44
0f5c365a-27e8-4b87-9c7b-f8eb4969b2a1,2022-08-24,Central,Furniture,1993.09,-183.64
9aab1efb-0838-4528-a477-e25ae19383a9,2023-09-05,Central,Furniture,279.08,-447.85
290c9e51-80d7-4805-ac6f-c084c04a3f68,2023-01-13,East,Technology,1354.16,781.07
6c726915-d52a-45c8-a579-dc2202c837b6,2023-09-10,East,Furniture,798.04,-57.41
744cc6ae-e03f-4f2c-b2bf-fc3fae0e289b,2022-10-27,West,Office Supplies,274.69,-94.44
420fd9a8-d45b-4e9b-b61e-c0ed8ddd2994,2021-11-14,South,Furniture,325.89,677.74
4e583dde-807a-4658-9272-dc48eb4d6df5,2022-06-05,East,Technology,1899.05,260.63
ee7385d8-6c75-4765-ba31-4e67b5982577,2022-01-18,Central,Technology,1760.41,-220.67
178926f3-f91e-4b9b-8596-7e762824162d,2021-07-30,Central,Furniture,1815.01,655.83
f37985df-fa59-407b-a0a7-ca57858117a1,2021-08-23,South,Office Supplies,1983.15,791.37
6680c5e3-363c-4c32-be3e-14022008bd4c,2021-11-05,East,Office Supplies,424.55,-387.32
646d2e33-380a-402d-8e55-ced39e79a6fe,2023-11-29,South,Furniture,717.32,620.93
f9da4f55-bef9-4394-928f-af652f068e12,2023-01-26,South,Office Supplies,1341.75,7.67
13c3fc1b-d77a-40b8-9ae6-befe8f2de908,2021-07-11,South,Furniture,972.77,181.29
7a37f3d6-77eb-4d89-b142-de87d109ffe5,2023-04-18,East,Furniture,842.6,689.26
67b4a019-a452-4530-a717-5804502d3281,2022-07-07,West,Technology,722.04,765.39
0dfef633-2a31-4dfd-a166-7c7cd3c6e5a0,2023-06-29,South,Office Supplies,1191.62,-159.19
6c99ce56-a58a-4bb5-9f19-30e0cda7a451,2021-08-30,West,Furniture,1155.43,-223.29
1ab9f662-1bc0-4912-8519-72c431d9dd32,2021-04-22,South,Office Supplies,331.3,-395.33
c75f41dc-9a6a-4bb1-9cda-038513eb4358,2021-08-03,East,Furniture,948.76,230.34
3d51d528-072e-45dd-95e1-7880d8bb62b7,2022-08-12,South,Technology,1111.41,-482.31
1b4142aa-8aa4-41e9-a9aa-aa7e483eb6a1,2023-09-15,South,Office Supplies,1144.87,35.47
02cf63a8-98dc-4031-b63f-bae910b8c1c5,2023-03-14,East,Technology,428.11,-404.6
300ffa68-4f22-4efa-a8e1-3f98c1ab6398,2022-03-18,East,Furniture,1487.12,26.79
ede02d33-a36d-4567-b3a4-4f408d3ba57f,2023-10-03,West,Furniture,60.15,-448.09
15c52392-44e8-41e1-bd86-9ad2084930a1,2023-03-08,Central,Office Supplies,716.12,585.78
0b7ce5c6-9096-4629-91f3-90f4fa069889,2022-07-26,South,Office Supplies,1562.62,-227.34
7bdac670-ca4c-4b4d-bc8a-de6a9051385e,2022-10-06,South,Furniture,1132.15,-73.2
17dcabf5-5088-4581-8c4c-eedf0bb1b984,2021-12-09,East,Technology,529.71,631.06
fb04c6b1-022b-4960-8f00-ba6af189d0b1,2023-02-13,Central,Furniture,1392.96,470.15
f56febb1-484b-424b-806e-10295b4d5bbf,2021-05-11,Central,Office Supplies,1139.11,-215.25
50814407-31e3-4608-800e-295265ec4424,2021-05-10,East,Technology,1594.52,-406.53
5b182716-b9c6-426b-a401-118dc078bc3e,2022-03-21,East,Furniture,1472.7,430.38
acb83fce-b3e1-411b-a128-04c5f94e485d,2021-08-25,South,Furniture,1224.11,7.91
e581c1bc-6843-4e98-94d1-44d518ede297,2023-07-31,West,Office Supplies,981.47,495.9
808eadf2-19db-433e-80ea-83afbdcfc159,2022-04-30,Central,Furniture,275.03,78.88
06103d84-2672-420c-866a-5821ceb7f2d6,2021-10-27,South,Furniture,530.05,-50.2
7a199807-61d2-4319-8bcb-329396512240,2021-02-03,South,Technology,844.01,86.57
099396ff-da1e-42b2-9e6a-7c6e961b9221,2021-03-04,South,Furniture,1202.61,473.13
aeb00fb9-26cb-4e99-a945-e93a4a454398,2021-02-14,South,Technology,1032.28,672.89
a03e7003-e29c-4897-9429-25a0768e212d,2022-01-16,East,Technology,583.49,-435.3
3b482d28-b7ed-4c13-b3eb-e65817e1e8f6,2022-12-06,Central,Furniture,22.86,181.35
ae742530-ceb6-4fdc-b734-a78de2682c9f,2022-06-07,South,Office Supplies,997.52,-457.31
b7f330ad-c4d1-4310-a40f-92a4a77af8cb,2022-01-17,West,Furniture,578.4,108.93
806a29ad-f6b2-4778-be50-8d4d293a60be,2023-06-05,Central,Office Supplies,1471.87,650.87
9bd65068-ba8d-4f8c-be05-fcef842c49fa,2023-04-16,East,Technology,57.65,-29.93
c4c557d8-ee23-4eb0-85f6-2467a6c1d136,2023-05-28,West,Technology,1173.81,712.19
21962a11-c90c-41d3-b28e-10025766fe0c,2023-12-19,South,Technology,1883.53,319.79
9f9bc7bd-5c3d-415c-8a74-982e56ca0fb3,2021-08-19,South,Furniture,357.07,714.4
0a3e4918-6e4f-4ea3-b0ad-16f7db1fb4d4,2022-01-13,West,Furniture,948.58,484.32
aed0cbcf-c630-4536-b677-9a11e403999b,2023-12-29,East,Furniture,191.93,-365.53
ff3c03a6-3575-44ee-bd36-5abf633bffff,2023-12-20,South,Technology,1255.11,-199.5
f540838e-1333-4679-9b5c-4b589c425665,2021-04-24,West,Office Supplies,1105.56,12.42
fe914b95-a0b6-4265-9120-6a372703c75d,2021-11-18,East,Office Supplies,820.66,-278.86
03d33907-ce02-4d60-98ef-9a287f5da7f8,2021-08-11,South,Technology,1047.54,143.39
4f3e2a2c-ded6-4d2a-842d-5f032482e8d1,2022-02-08,East,Office Supplies,1794.18,112.78
cc214b4e-f80c-4b1a-9e16-afca8c111ba4,2022-11-11,East,Furniture,400.63,743.14
7fb8b6c6-1650-4f14-a527-8ea2c80cd031,2022-06-20,Central,Technology,54.9,63.85
2b729d66-504f-4e7c-b46e-49a81817dac5,2023-07-21,West,Furniture,1724.71,521.31
11730df2-2956-42c6-8bac-fa4aef1e4acf,2023-10-21,East,Office Supplies,1158.46,724.48
5a765b48-5d03-44d8-9396-440547b5c4cd,2023-09-01,Central,Furniture,1782.41,640.09
b5ed7ce8-2ddf-4675-9235-d52e16d7ba54,2023-02-20,East,Furniture,1197.92,-228.73
fc73e358-4208-4fc8-b5f3-21cbc59de4aa,2022-08-14,East,Office Supplies,1622.22,144.84
c35d8f64-418a-4089-ba7d-e9617927a136,2022-08-14,West,Office Supplies,865.05,-47.94
ec95ccf1-a679-4ab0-b129-e2f6e06ca678,2023-08-10,East,Furniture,1502.22,19.82
f8c01007-1fbc-4004-b098-aa1f23f459be,2021-11-21,West,Furniture,1826.95,-30.95
5d0c8205-0a22-4e56-bcfe-8ab0919883f9,2021-07-16,West,Technology,1148.52,574.27
68b666d6-66a3-43db-8960-42b0dbe7a333,2023-01-14,West,Office Supplies,369.76,87.78
ae3acdf2-eac9-41cc-9ea3-93eadb646a33,2023-04-12,Central,Technology,544.91,180.8
8331d711-5de2-4a7d-b0da-152821051c60,2022-02-05,South,Technology,405.3,777.18
504b10c8-f3b9-47f2-9fe7-e068d847260b,2021-06-10,West,Furniture,501.25,-422.03
69c718ee-aea4-47d6-955f-a2f45fa9b21a,2023-02-02,West,Furniture,619.77,134.34
e09dd9e8-4348-4887-b339-3f5d8185716a,2023-10-21,Central,Furniture,1114.72,506.28
0aecc94d-aebb-469f-bdc2-705ce023282a,2023-05-11,Central,Technology,1180.1,-303.49
0e9b65bb-a4d4-4431-ba38-f5a09ee08a70,2021-11-10,South,Office Supplies,858.73,294.99
b32281f3-3eac-4015-8a64-25fcbdb4f711,2023-11-28,Central,Furniture,1234.69,-188.7
279163f4-0208-4c91-8f90-9d9dd23c7585,2023-02-11,East,Technology,172.33,627.63
6035d9af-4a68-4bad-9af4-cf72da622059,2022-10-04,South,Furniture,184.7,-74.77
da948cdf-6637-4dc7-91f4-48bb28802cff,2022-06-17,West,Office Supplies,351.94,-72.22
dfc8e060-6362-4509-b919-e3be12aebb0e,2023-06-05,West,Furniture,1040.97,277.65
5953ff90-17ef-4203-ab4d-738c7657e37c,2021-04-22,South,Office Supplies,435.85,-261.37
88fd5890-a479-4ce2-b7ee-e00f7743c104,2022-06-14,South,Office Supplies,573.74,-129.64
1bef39f1-7700-4b2e-917b-6fc6e66eb0e2,2021-11-23,East,Technology,806.62,41.62
1bbcb748-bb55-4fa3-ae26-651915f87768,2023-03-25,Central,Office Supplies,1625.61,-40.27
659e2deb-ec28-4a93-b5a4-f270eadeae69,2021-08-05,Central,Technology,37.59,182.34
66ca0baf-3310-480a-aee0-95d5c4a9d8ac,2021-03-06,East,Office Supplies,1302.26,279.53
57a911b3-5139-44a1-9081-34dc54270925,2021-05-27,West,Office Supplies,1341.06,236.67
366f4268-7c7d-4490-9ab7-f449ff169376,2021-06-02,South,Furniture,1599.33,350.42
1d447f41-79e9-44e1-bdc4-d680b3c95502,2022-03-03,East,Office Supplies,1866.18,-99.93
8b8a7166-09cc-4f05-b45f-44334743968f,2023-11-03,East,Office Supplies,50.07,-335.65
2540647b-784f-4b14-b2d3-1a6527dea64c,2021-02-17,Central,Technology,316.03,489.05
9175fc63-51f7-4017-b6a5-fabaa3e53892,2022-08-26,South,Furniture,1773.48,606.01
c632554b-99e0-4598-bce1-2a250804ccea,2022-07-03,Central,Office Supplies,922.45,-165.89
cefc0e85-efbb-4216-8ff9-7696615a58bd,2021-09-12,West,Technology,1133.54,29.22
fa82f65d-6e1b-4be2-8a20-8c075c8aca1b,2023-12-24,Central,Office Supplies,1329.42,148.14
362465c1-0dd8-463b-b6a2-bf6979315fc6,2022-10-27,Central,Furniture,1361.34,193.32
c234af07-f3e0-4b1f-85df-9333de36992f,2022-09-03,South,Office Supplies,1864.16,357.34
4087be6a-4514-4416-ac44-821eaf051764,2022-03-31,Central,Office Supplies,1993.93,-445.92
2448ef43-1566-4d1a-ad15-420ba2bc6715,2021-10-13,South,Office Supplies,1443.11,437.92
14eae37c-67b2-416c-861e-a8aa11baf616,2022-11-01,Central,Technology,581.57,-419.44
73905263-b653-4dba-9faf-c6cf4c5fccfb,2022-11-23,South,Technology,1760.71,108.78
36cf9429-8657-48ff-ab72-e451df0ccde7,2021-12-09,South,Office Supplies,107.95,575.97
2f1fc132-426b-4236-a4a0-7521ab6dd0aa,2022-07-27,West,Technology,469.85,86.58
e51bdfff-17aa-4aee-8dc2-0df3d49edd91,2021-04-09,West,Furniture,1795.8,-306.18
f69f239b-578e-411f-adb4-6c7fe6d1fe21,2021-08-13,West,Furniture,519.82,780.54
32d7cc22-2a1e-4a7b-8c01-f701c0d02553,2023-01-28,East,Technology,449.1,656.07
7b4bcaf8-6b4a-4541-b123-167e596a2b36,2021-10-12,Central,Technology,284.87,502.71
c8aae0c8-b057-41fd-8916-f0b779ba547e,2022-03-11,East,Furniture,1719.63,34.97
6fd1134e-b25a-4809-b730-e52e2922ecb0,2022-05-06,West,Furniture,1005.12,-261.0
92004957-b161-4d16-a9a0-02a45acd1e90,2022-06-21,East,Technology,1353.04,723.83
8f97b21d-028a-4f1c-92b1-2838639e8bbc,2021-12-09,Central,Furniture,485.74,192.06
32d4d3a5-98dd-4c3c-a4ce-b832c8776e4b,2022-01-22,South,Technology,1518.5,608.06
9417e0f5-aaff-46ff-b904-6b5213eb4599,2023-01-30,Central,Technology,1522.41,-55.28
aa000756-52e0-434e-a505-a2b69dd3c15a,2022-07-22,East,Office Supplies,632.07,-64.13
bbfecb11-f060-46a1-92d1-2566fc829c09,2023-11-11,West,Technology,827.26,781.2
bbae2fbd-bc99-4291-9342-98bebe2a85c6,2022-09-02,Central,Office Supplies,427.28,178.38
e58118d1-2687-4443-83a1-beac5107256e,2022-05-03,South,Technology,1953.36,-317.1
7fdbabc1-25c1-4e41-af0e-c9cb756aae2d,2022-08-23,East,Office Supplies,1294.75,-214.42
cac19d2e-1d15-471c-9100-1ab9dd42da67,2023-08-12,South,Furniture,1869.74,126.53
43470982-6808-4471-ac87-ae14f8505ae9,2022-12-30,South,Technology,613.74,-444.79
fcfd348c-00f0-47fe-b8e7-bcf5854c0d1f,2022-10-01,South,Technology,1565.96,101.29
db75dada-d51f-4de1-b17d-aa267357d500,2022-02-09,West,Furniture,1534.06,44.62
a3900655-7307-43d5-a261-078d202f00a8,2023-04-02,Central,Furniture,1386.39,513.14
09572517-18f2-4999-9410-8438f82e5e1b,2022-11-17,South,Furniture,1931.62,-38.58
300a491a-faa1-4736-bee6-b06e37f7a96a,2023-03-06,South,Furniture,793.18,777.31
c63e0e47-8bcc-4e8d-b24a-4a6d6b90a95b,2022-04-01,Central,Furniture,270.13,-265.0
3754c5ec-60a7-4c20-99d7-6c9c2a8598d1,2023-07-04,Central,Office Supplies,1346.7,268.28
30efcbd3-f3ce-48b7-b5b3-0874591c228f,2022-10-24,Central,Technology,1461.33,-383.39
f481b9cb-93ab-4d5e-adfc-1dc4f8c43f7a,2021-09-06,West,Technology,1154.37,454.02
5d21a235-d053-47f4-9ec9-1fdc03add1a4,2021-09-13,South,Technology,421.57,793.18
4e954929-e58b-4d2d-8d4c-3b8004251c71,2022-03-09,South,Office Supplies,1013.87,564.88
1fef4fb0-de25-45fe-91ad-5c228088a7de,2023-06-17,South,Furniture,631.26,222.41
ffc19ef6-a61f-435f-bfc7-06f0b30672dc,2022-03-24,Central,Office Supplies,860.66,130.16
5a0ae917-690f-4c3c-a9ff-6cc074bc405c,2022-07-26,South,Office Supplies,1293.98,585.54
6d0473e7-8adf-4e46-9403-fd025a2a83bd,2021-07-06,West,Office Supplies,1492.98,716.77
55f8bbb8-c3dc-4b92-b95c-a96d85ee751c,2021-02-03,South,Office Supplies,472.13,785.97
75757602-2d02-423f-ad25-32e51d0678b7,2022-04-22,South,Technology,816.6,15.5
8d814215-2d49-4058-9f84-e3c56daa8c7e,2022-09-24,South,Furniture,545.63,788.19
6f959489-8af2-420e-a9a3-e5f6984ad463,2023-08-30,West,Technology,405.28,-297.3
a8dbe9a1-d857-4c60-88f7-972661ae2255,2021-08-03,Central,Technology,1568.94,-170.39
a254da12-6fff-45cc-ae26-f348b044db1b,2022-05-05,East,Office Supplies,1819.41,-384.28
f01a5097-9ed0-4e5f-b3bc-57914882f6eb,2021-01-10,Central,Office Supplies,746.76,-146.74
1966d047-db64-4c52-a7e7-eec3ecd5afa3,2022-10-05,South,Office Supplies,1505.05,498.32
d655005d-ce52-4176-966e-46aefed01fca,2023-06-18,East,Technology,1795.02,608.8
043486c3-a64d-4c1d-96f2-83191a936d0c,2021-07-21,South,Technology,1693.79,512.56
1a8a76f3-6949-4fce-aeb8-1b7d9dc33d41,2023-06-01,East,Furniture,373.8,320.39
9fb30a4d-c071-4a38-bffc-4f097f1464b3,2022-10-13,Central,Furniture,1913.02,168.16
a22eb45b-1986-433d-8b73-aba7ed5edfa2,2022-05-23,East,Office Supplies,759.59,421.32
ce4d89f3-94cb-494e-80dc-4cf971b0c1fa,2022-08-19,Central,Technology,685.09,8.08
da095b0c-4a37-4da3-aaef-0d3e085acd62,2023-04-10,South,Technology,134.24,593.7
c6e19fd7-390e-4f57-b63d-2fb56baf1e8f,2022-06-03,South,Furniture,977.49,380.35
1d4ff1c8-618e-42a7-8d34-dd8374629fb5,2021-06-20,West,Furniture,226.94,407.15
f35757c5-7836-4477-9b39-455032103c49,2021-08-11,Central,Office Supplies,504.59,196.72
cb33478a-f7b5-405b-99c1-d16c1fdb563a,2023-11-11,East,Furniture,640.72,650.8
e8724434-69b6-475e-b6c5-3d2be9fdd358,2021-03-26,East,Office Supplies,1619.56,-172.38
c8ddd9bb-b42e-4714-a515-81bad206e99a,2022-10-18,East,Office Supplies,1752.22,-4.51
f08aba21-01f2-48f5-a553-b5aabdbc34f8,2021-07-16,Central,Office Supplies,611.91,510.94
81ef8162-3953-48bb-883e-00325fe8a7f4,2022-11-26,Central,Furniture,1718.81,140.57
a89f5f9d-e12d-4f58-8482-0852489a4ca4,2022-10-12,East,Furniture,1715.89,655.98
e71594ff-d6a6-4618-8eb1-8c8843b63613,2023-02-04,East,Office Supplies,1531.66,-49.68
ac5d7133-6a2a-4cad-a8ca-5b2ecb8e2d61,2021-10-06,West,Office Supplies,301.92,-19.87
e8b81813-e672-4bf5-8110-783e3dd6831b,2023-07-17,South,Furniture,1383.74,655.36
06b81c8a-03f9-474d-885d-5d016a2062aa,2021-12-26,West,Furniture,1890.6,103.68
d73cad84-5fd9-4dfe-8a5e-df3827439b53,2022-05-12,West,Office Supplies,1368.26,170.96
bdc242a8-d1ed-4618-84da-c679d113b5ff,2023-12-27,West,Technology,669.92,-67.41
2ba009ec-55c8-4441-9145-c6f899960a38,2021-02-03,East,Office Supplies,1006.15,-140.33
6e15c527-fe2a-4cbc-927a-e04ef58b8c61,2023-08-12,South,Furniture,1294.99,352.73
64305373-f936-4968-8e44-f2f83de8a4cd,2022-11-16,South,Furniture,1026.04,-344.21
64b078a7-a4f9-467f-9dc3-bbee31523136,2023-06-27,West,Furniture,248.71,643.05
ee93a4d0-cd24-420c-8d34-6977d41bd8bf,2021-12-01,South,Furniture,631.01,512.96
f07bf9bb-20fd-4784-add9-a87993ee36ee,2022-02-04,Central,Furniture,1606.77,-252.03
ba65983d-fa33-4a98-a3f2-0557a2e2d1ca,2023-11-30,East,Office Supplies,1724.22,402.23
5170a2ef-e777-4664-a732-ceca2c78bc22,2022-02-23,South,Technology,283.23,283.42
3b20d154-6ff9-4cf7-a88f-c36a846c454c,2021-08-04,Central,Technology,1905.25,-260.1
20572e73-cd19-4b5e-b5c4-3078197df05f,2021-04-24,West,Technology,664.36,-144.84
93b1ee1d-a1a6-4f32-9e4d-acd68116fd6c,2021-07-23,West,Technology,1328.0,31.68
c31db215-d7d0-4c99-a45a-e8eec8c6a8b1,2023-06-14,West,Office Supplies,1506.13,409.02
d65bc676-429e-40e0-aaaa-94c8a097efe3,2021-06-21,East,Technology,1625.77,330.34
52891c31-f2de-45fd-a8b7-b5418d8b3728,2022-04-13,East,Technology,1892.04,191.91
06905ba5-17e0-4df5-97df-85b33429c8cf,2022-11-10,Central,Furniture,632.71,498.93
c520d50f-a0ff-4498-82f4-298f6ffad356,2023-10-18,West,Office Supplies,1718.43,485.32
9e3bc735-071f-4a27-a72e-31b197e1bc36,2022-07-31,South,Furniture,272.06,303.22
f8ef32ee-ebac-42ef-8b2e-1eb3b523b1f3,2021-01-07,Central,Technology,1413.03,523.09
067965ab-61e5-48ca-9261-14b7142a6f47,2021-10-17,East,Office Supplies,1486.54,-65.46
fbc1085b-216b-4833-bbf2-82a9be09f835,2021-08-17,South,Technology,1358.67,645.62
c7101f3d-a1aa-49f0-a26c-2d5a742617e7,2021-11-01,South,Office Supplies,512.11,299.38
a70bba9c-3d5e-49df-afc2-147c5badd755,2022-03-31,South,Office Supplies,1747.36,569.07
319ec58b-4c03-4d16-b8c4-f346e5dd614c,2023-02-06,West,Technology,346.03,210.16
b9ef9fa8-3ec8-4e58-9728-2d3089111a42,2022-12-18,West,Technology,116.73,-216.03
60cb9e17-c93a-4471-8e9d-ef4ec7affa24,2023-05-05,East,Technology,1437.76,205.13
0d3f69ed-a8c5-4cca-82ae-cc90c5386208,2023-12-08,South,Furniture,956.2,-17.55
24ce1460-ef5a-4491-953d-165346641858,2023-12-23,Central,Technology,1699.71,406.75
fc1bb61a-a36d-4d54-85ec-8e9fa09fc700,2023-11-04,Central,Office Supplies,772.96,118.53
1c66021e-1a79-4ec1-9def-b7bb945094c8,2023-12-22,West,Furniture,344.87,586.95
1f683d6f-988c-49db-ad5c-ea4e758964f5,2021-01-10,Central,Office Supplies,1674.52,381.49
4312153d-484f-4f7c-a44f-52f41b696031,2022-03-22,East,Technology,1102.33,389.91
13cf44fe-17c0-4e28-ae3d-9de2e504d1c6,2022-06-20,West,Office Supplies,386.5,-217.7
e9a7f5e0-5c84-48db-9839-40c97e86d7f8,2023-02-05,Central,Technology,1443.56,779.52
19c59f2d-640b-4b85-b53d-aedcd69bdeb1,2023-06-01,West,Technology,1027.12,594.18
69eb337c-059e-48d8-8ba2-0d387db4990d,2022-12-22,Central,Furniture,1212.58,525.71
a02cbed2-f58f-41b0-bc8c-65ab12d5dfe5,2021-08-01,South,Technology,927.19,-70.72
6b7f0864-aff5-4774-b5d5-f4e513893a70,2022-08-04,East,Technology,1659.13,196.32
a2307350-5047-4a3d-a3c4-43f16010ab93,2021-06-30,South,Technology,1660.83,-321.77
293e16b3-cefd-4224-b36c-c67ee886818e,2023-03-19,South,Furniture,1421.68,200.02
e754d4c3-0298-4dd2-8c7b-34e22e07cb63,2022-03-29,West,Office Supplies,219.75,-310.34
a197339c-913a-4b6c-a8df-e59a2dbdc7cf,2023-12-21,East,Furniture,1679.32,218.95
1e014975-080d-4370-9ad4-c20f9b4dbb90,2023-10-16,East,Furniture,1345.32,343.34
58c6d166-fe65-4782-97c2-6cfdf9d59f7f,2021-03-22,East,Furniture,1397.08,7.25
999921ec-9d2f-4e76-beb2-d1727be19731,2022-12-14,West,Furniture,732.34,148.11
85915036-288c-4222-8148-a2458be64b98,2021-02-07,West,Furniture,1759.77,638.35
1f20c257-ed34-4e32-8126-fa8fbddfd7eb,2021-11-13,West,Furniture,1453.49,-358.87
89344b06-0790-4eb4-9b2a-1376315e4e80,2021-12-24,South,Office Supplies,234.06,529.25
c2ce56bd-8301-43a6-849b-50bc05e5d461,2023-10-07,South,Furniture,821.48,-278.02
5d697934-ddeb-48a4-b75f-dd572700260b,2023-08-08,West,Technology,1773.9,-452.28
078d27e5-378a-4ba6-a608-d6d31d62c6b5,2023-04-03,South,Office Supplies,103.92,-258.75
155c8139-3842-43b4-a378-ff4453d9a4dd,2021-07-28,Central,Technology,1923.22,494.56
2067902b-f099-42b6-b10c-cf77ba4d6c8e,2021-05-26,Central,Office Supplies,1361.53,26.66
33013b08-7b48-4db6-860f-01a54480d02d,2022-03-31,Central,Technology,1266.44,634.28
b544f70c-593a-4b51-978b-55e7f406d6e0,2022-12-05,West,Office Supplies,548.41,182.12
77902ddf-4b58-4ceb-a6e4-86bf8d2eea22,2023-05-13,Central,Technology,505.1,-471.07
6fa1c232-7eec-4c53-8f1b-6490bec51040,2023-11-24,East,Furniture,1884.7,431.73
ec1f0155-6662-4bd2-b243-b5c6833d7595,2021-08-12,East,Furniture,603.56,-356.7
32a807cc-2c47-4336-8006-1add316c00bc,2022-01-13,East,Technology,1553.26,526.19
b7a745e2-e327-419f-9895-cceaafe2ff5c,2021-10-27,West,Office Supplies,792.31,-281.47
1a574cee-6490-4d65-b63d-329547f50a35,2022-11-22,East,Technology,287.12,-50.92
966b91e7-c435-4e28-8b0c-17099569f8cb,2023-09-30,Central,Technology,31.32,489.65
34b16488-cb4a-4b4b-aa68-3e184fc40b0a,2021-08-31,East,Technology,1093.07,740.5
6ef7ffc3-7ce2-4b5b-b8d8-f272f429c05d,2023-12-14,West,Furniture,1951.8,-17.14
98a91187-6c7a-4c9d-b237-64bae202f022,2021-03-29,South,Office Supplies,744.58,578.22
5199839c-d0de-4fb6-858c-6c02bf409640,2023-06-01,Central,Office Supplies,720.81,-251.97
620f4af4-9b77-4a46-9b88-fe699f7717ca,2023-12-22,South,Office Supplies,694.74,549.33
5a58abba-9130-4877-b320-e68f6de77482,2023-12-29,West,Furniture,1045.88,354.74
d1c06099-a1f8-46ce-a5dc-6ce55fbbdfd7,2022-02-24,West,Furniture,886.92,-249.43
e3b2f985-2ad0-457e-b30c-19bc1073c0c3,2022-05-07,Central,Technology,1761.03,-106.74
40c8c7a3-82e8-47ae-b545-dfb308a47ee1,2021-04-10,South,Technology,1015.99,-328.7
9a980457-4b21-4512-a8e9-31d8963d101f,2022-09-06,South,Furniture,1020.44,-2.14
f34bfa59-a525-43e3-a093-97d5d3a1b88a,2023-01-29,Central,Technology,285.36,-235.26
65f76d06-5a2d-465b-87ce-baaaf713c245,2022-09-14,East,Office Supplies,1965.65,337.2
cf1d46be-2e0e-443d-9d59-b30807aa2515,2022-11-23,East,Furniture,507.45,792.86
2f981e44-ca78-4f58-adec-4b0d529b3b96,2021-01-19,Central,Technology,155.99,-484.39
37164f31-1298-4e9c-becd-2b8c5b952506,2022-09-07,Central,Furniture,1329.66,203.2
252151f9-5f39-4d2b-9f25-210ea82e2d61,2021-11-03,South,Furniture,1194.78,245.77
02774ef3-1f4f-4a0f-907f-fc32c78e4415,2022-09-25,West,Furniture,836.14,688.47
b780606a-02ca-48d5-b033-ee83518f0ed4,2023-09-06,West,Furniture,850.16,157.81
9145aa38-7722-4c2c-b6b9-ca355430c8c3,2021-12-08,South,Technology,1572.28,206.81
3b8ede31-e614-45dd-9251-d645cb94cf8d,2023-11-09,East,Furniture,399.47,113.15
489af195-62b6-4594-90f4-c9418fc7ad79,2021-08-07,South,Furniture,1642.3,-150.42
37abaed7-86fa-4a83-b651-1c939a0fb0b8,2023-03-20,South,Technology,1301.01,-427.16
b75d2f0c-472e-4f3b-8f9a-fd511a58fa44,2022-10-25,West,Technology,843.75,31.25
ceb380ac-e223-4389-b23e-d1fc9b9f9efe,2021-11-08,West,Furniture,921.48,-431.63
92ee4820-1327-4db9-abdd-439adc233c06,2021-01-07,West,Office Supplies,520.73,215.64
aea03292-6bf7-4125-a571-f542e485a118,2021-06-25,West,Office Supplies,1506.71,-100.52
d03a9ed2-515a-4eea-af69-a1cfc19666e9,2021-04-15,West,Office Supplies,1030.62,193.68
0cb68029-3276-4b75-b2b9-fc5651f37a1f,2021-08-03,South,Furniture,648.5,-325.41
0bfa8cd5-7fa7-4708-be72-79cecd7f65f6,2021-08-24,Central,Furniture,1196.14,712.42
1e87c27e-6bd6-4443-8640-1757fd81a925,2021-02-12,East,Technology,1991.51,662.88
99f75c76-2bcf-403f-b3e9-b99b1fc489b3,2021-03-18,South,Technology,876.17,-253.0
3c862582-6202-435d-9756-fd3353ae1065,2023-11-16,South,Technology,1842.18,-53.52
0490eb68-48f8-4df6-8571-dd83938fdb37,2023-03-16,West,Furniture,696.58,297.54
9364ecb5-db29-420a-8886-b7c6a4c755b0,2022-03-30,West,Office Supplies,118.92,-375.61
7636ae1c-e961-41f3-8130-8be0fcea9a96,2023-02-21,West,Technology,416.44,-39.06
f783b6f6-d775-4809-a18d-052048cc32c6,2022-02-21,West,Technology,843.2,-173.55
88914b26-e555-4570-8979-5e75671e9bb8,2021-07-16,West,Furniture,447.07,690.17
565f2ea8-0a03-48cd-870b-230ceb044ecb,2022-08-26,East,Technology,10.45,608.26
784aee43-11c7-4eb2-842a-6bd7a51004b8,2022-01-29,West,Office Supplies,1830.85,253.78
6a429bd5-cd71-42b4-9471-104f1859c5ae,2023-04-24,East,Technology,1689.32,176.45
5133577b-4651-4173-8d0e-391db9272714,2021-11-13,East,Technology,1487.16,709.94
146b9fbc-667c-4788-9887-f3d2c0f1fa3a,2021-11-14,South,Office Supplies,343.95,712.16
7e6ae55c-502c-46f1-864d-10e38e738520,2021-11-27,West,Furniture,249.52,760.13
4c66d04f-64b1-4c49-8c0c-f61e9cc10bd8,2022-10-19,East,Furniture,144.53,-337.01
7e4b4f10-745f-480e-bbe5-403bb24b007b,2022-12-03,Central,Office Supplies,1450.82,-291.27
e914ae70-f797-4ec8-a41e-f111d94296b6,2023-11-16,West,Office Supplies,1858.33,379.76
f00d5a65-5fb8-4f18-97d3-ce211f14eb34,2023-06-15,West,Furniture,866.77,203.86
39590149-077f-4e36-9a4d-67db9e33bdbc,2022-08-15,Central,Office Supplies,247.09,-475.99
23841977-02a9-4064-9351-1e950c3edd5c,2021-02-05,West,Technology,1029.66,-419.43
dc83f96f-52a6-43d4-be58-a9701aea2c2c,2023-03-03,Central,Furniture,704.18,654.5
39f18027-6f88-42c0-b968-ab06b0067b61,2021-09-16,Central,Office Supplies,755.9,629.53
b95f22d5-30ef-476b-9688-43992b91aace,2023-12-10,East,Technology,1246.45,-35.55
d0ef0cd4-5e6e-4398-8ff1-b675e6fb976b,2023-04-20,West,Office Supplies,1440.25,658.37
0143d636-fd54-425b-899d-6cd2e7232e8a,2023-07-30,South,Office Supplies,230.1,271.78
0d700c8b-de36-490a-b030-9415ef21db2c,2022-09-22,South,Technology,80.82,547.68
0b070a68-c8f2-47a3-a221-3776427ae472,2023-02-14,South,Technology,1988.72,55.66
4de5f4af-f278-45f6-8c49-f33a1c5d9fe9,2023-09-19,West,Furniture,473.13,-352.58
b01ba134-544e-4743-8383-9f121335f6c3,2021-05-14,West,Technology,117.12,63.85
612a9cc6-cfff-4d34-8aa8-1f139cdd39a7,2023-12-20,Central,Office Supplies,387.85,94.49
ecc38555-2b9b-4ffc-b2db-b2c54518f4c6,2021-11-18,South,Office Supplies,87.53,216.23
1eb1dc0c-75f0-46c0-955d-307823447519,2022-08-16,South,Office Supplies,789.7,-362.74
25e36ccd-dca5-44f2-91bf-c946205474fa,2021-01-14,Central,Technology,1606.78,788.82
d9a3ac28-e346-41b7-9589-9035c0c6e3ff,2022-06-06,South,Office Supplies,689.08,-182.62
a30c1e0e-69cd-4159-a53d-fc49f7410b94,2023-09-22,West,Furniture,893.92,-241.88
85924e5f-1f53-4b6e-ab11-77367260282f,2023-11-18,East,Office Supplies,1354.42,184.84
7a59697d-93f0-40c7-bd92-f1cb87101172,2022-01-29,Central,Office Supplies,1022.7,198.37
47d1931c-f9f2-49ab-bd77-71f8a948ec66,2023-08-01,East,Furniture,1724.28,71.77
7b92a41d-bb19-40fe-85cb-fedd5268c879,2022-03-21,East,Technology,1733.41,503.46
c425d020-4389-4f66-9780-29e939d00762,2022-11-07,Central,Furniture,29.72,171.65
5a5ed7eb-1532-4177-b61d-170a4bd600e6,2023-07-21,East,Office Supplies,1558.31,292.6
3e0c5ec5-df74-4fb5-95e6-162f8efadaa1,2021-07-26,Central,Furniture,926.86,440.87
db19de67-bc3a-4abb-a5aa-9765a8d3bb7d,2021-02-07,Central,Furniture,1977.79,-467.47
133ca9cf-13f8-4789-b1e9-3b1a34b549be,2023-05-24,South,Office Supplies,971.63,241.84
3664cafa-0f6d-4751-be9e-7b8af8c59ac6,2022-07-30,East,Technology,1973.92,649.45
77d8b428-3754-4771-aba5-d1c9035c5d03,2022-10-14,East,Office Supplies,1511.59,-477.39
7cd6572f-301b-4b4e-a293-4e8ed189f750,2022-03-11,South,Office Supplies,504.72,26.74
d06200e3-356a-4651-9727-bd831ac2c99a,2023-06-02,East,Furniture,1081.41,704.1
8390bd94-8713-481f-82f8-6229972c8583,2021-03-22,Central,Technology,1984.35,-40.9
f1c2fa18-c2af-46a6-9038-4c0ddbc3f559,2021-06-26,Central,Technology,1716.49,96.35
a7c10adb-743a-4892-b561-10f64fd3ca88,2021-10-19,Central,Technology,203.76,776.0
1b0c9092-8127-48f7-9909-e0c9276c7935,2021-08-15,East,Technology,1415.68,-240.88
eaacabb4-3802-485f-a14b-a540ea041d0b,2022-02-11,East,Office Supplies,697.7,-415.17
73d2939e-f99d-46d5-a2b5-17815d17c25d,2023-08-24,Central,Technology,23.89,617.25
33f92a87-8372-4123-9ed7-a652de2bfe58,2022-07-29,South,Technology,812.93,629.0
11925880-301d-4817-a673-d42dc7af75de,2021-05-26,South,Technology,477.16,113.7
afaf20ec-2a08-4526-ac4f-e33d47206b6c,2023-05-27,East,Office Supplies,1639.55,168.47
93c6267d-dead-44fc-b395-26574ea12bd9,2021-12-01,East,Office Supplies,681.29,586.55
760116cf-25b4-47aa-9a20-e3baa5fc6d09,2022-08-05,West,Furniture,1656.77,460.13
1c36036f-beba-4619-9b6f-b706e04e6585,2021-03-19,Central,Office Supplies,11.19,-155.31
75fa0ebe-e4e3-4c20-843f-1b5f3d958061,2023-10-12,South,Furniture,622.56,-478.04
79eae461-0751-4daa-844a-2a482fe12ed8,2021-01-02,South,Technology,489.92,123.61
5a19d7ab-73e0-467e-87e8-1b25a9715404,2021-05-01,Central,Technology,474.8,616.59
8ce0bd8f-ed4b-429f-9e4a-a01643fcf7b7,2021-06-18,Central,Office Supplies,145.69,664.59
3649f585-6e75-4e7a-9abb-b78f1585665d,2022-05-31,East,Office Supplies,382.38,743.09
6e4c1501-808f-4cb9-a59d-12db268f090a,2022-03-30,East,Office Supplies,1115.54,643.43
70fbb28e-0d9b-43b5-956f-f3c182077e01,2022-09-01,East,Furniture,589.81,254.06
0c941263-190a-40d6-9ea9-f25945c86249,2021-06-20,Central,Office Supplies,840.62,77.99
ed92b753-bb64-4511-a1ec-ff07a60c1329,2023-01-09,South,Technology,759.97,507.3
307fc576-4b43-4873-b1a5-80d76c2ec07e,2022-06-20,West,Technology,1753.05,461.77
46a3110a-9813-4b31-ad38-9d1f6716d461,2023-04-05,Central,Technology,1811.55,199.59
84c42de1-7e5d-421a-9b81-b89887916cbe,2023-12-10,Central,Office Supplies,990.98,-386.47
0cc46000-ae60-4948-9bf3-84ef6efe2368,2023-09-25,South,Furniture,667.01,703.91
1c6fec01-f57f-4bba-bfba-cf5fa576db48,2021-04-04,East,Technology,222.53,92.28
e5228d31-0d9a-4fce-9d7c-f46d3836613c,2023-04-21,South,Technology,1907.27,-27.67
3d1fd7c0-4424-41ec-9342-4e7c0922d88d,2021-03-17,Central,Technology,129.85,318.44
4684833e-19dd-4b90-8839-c8e410db5fdc,2021-12-03,Central,Technology,602.32,375.99
b3133c8e-9ec6-495e-a1f2-17be39f99c64,2023-03-25,West,Technology,603.15,-226.11
649423aa-6454-46be-a791-346cb7403274,2023-03-03,East,Furniture,647.6,588.02
d2f629ca-bbe2-47ba-b84a-996719ef13bf,2023-06-16,West,Technology,336.93,-123.08
7ec391ef-44ad-4484-b112-3048e128b9a8,2023-09-20,East,Furniture,1568.49,-257.31
341d85cd-c925-4285-abc8-906f34a91b86,2021-02-25,South,Technology,253.77,28.32
b4b2ce14-49b9-4124-a30b-d3b558fe7bd2,2022-03-21,South,Technology,1273.46,449.73
00cb9caa-bbdf-4574-89b8-f7ba98a7fea2,2022-02-01,West,Furniture,256.45,755.1
e8646e0c-80d4-48b9-af61-5360182047f7,2023-09-19,West,Office Supplies,150.37,552.07
bd350d2a-7a0c-456d-9f43-25f4b3521505,2021-04-16,West,Furniture,1819.76,722.45
b01c9191-e81b-40ff-9a41-a15f4e29b9da,2021-04-06,South,Technology,388.36,-317.21
ae7303c0-50ab-4660-ab94-5cbb3d162ab9,2022-03-14,East,Technology,1644.29,-407.47
55082167-2ff5-4dab-aaa9-46d411c7c76c,2021-04-06,East,Furniture,1093.82,225.02
f6558f35-244f-45c6-b489-0e8ce65dd443,2022-02-27,West,Technology,164.93,-122.61
6d8c5504-797f-4e4d-aa81-0850034296fa,2022-01-11,South,Technology,1911.34,576.47
f9705e4b-2d71-4040-8554-e88b558492ba,2021-04-10,Central,Technology,501.45,373.58
2bb4a408-13b4-44f6-a19a-17f6438a819e,2022-06-26,West,Technology,1720.69,761.95
027deb45-da64-45b5-82a0-72ddade03e6c,2022-09-23,South,Office Supplies,345.93,-168.77
794ceef2-f833-4fa7-9a26-15f89810b8c1,2022-08-22,East,Office Supplies,1709.35,131.52
df8b4008-7d01-45a3-8041-f5d49549e631,2023-03-02,Central,Furniture,36.33,151.61
0b90b03d-1c00-4895-b8fa-3b843f5cd7ed,2022-06-13,East,Office Supplies,1028.44,-189.07
ae1782f6-9138-4474-8473-b982d1a529db,2021-04-28,East,Technology,1541.19,267.12
3a710f9e-d5da-46fd-8a68-998ffd8bb697,2023-12-04,East,Technology,1870.24,76.27
c1472ff2-2ad4-4bba-80ce-350586780a98,2021-11-28,Central,Technology,1819.31,80.74
19991b39-180a-4e01-8677-36bc258675e9,2022-05-28,Central,Office Supplies,1641.05,-28.44
55eef366-bc76-4752-8dcb-e8184dfa6a17,2021-10-24,South,Furniture,1777.5,-477.99
59ccc94a-bc1c-460d-bd9c-03c773deaa56,2023-03-23,West,Furniture,406.45,178.72
a9d52401-41e1-408c-8bb3-fbb2fd6314f2,2023-09-13,Central,Office Supplies,575.53,-64.18
7570b0ac-5d42-40d5-80e7-ca767c8ad37a,2023-10-14,West,Technology,585.05,-498.28
4d171ebc-5a45-48ea-93e7-63d10378bcb7,2021-06-10,East,Furniture,760.34,-99.67
84909370-e430-4b91-956f-e90eb5ccdbe6,2022-03-03,East,Office Supplies,792.71,-137.78
dd7902fc-db61-4a80-a9f7-c6d1c6475ae2,2023-03-12,South,Furniture,1093.67,11.48
7bfeadd1-9882-461a-97fc-88c5e6f467b9,2023-10-01,South,Furniture,328.16,-328.59
84f16d9d-af8f-4cf0-851a-9ec71cdde8ca,2021-12-04,Central,Furniture,1385.58,159.99
25dccca2-054e-4210-a3c9-f400ba6c557c,2023-01-12,East,Technology,343.46,400.17
3862abcf-db34-47bb-a90a-a98bfa87fba5,2022-04-28,East,Technology,627.51,319.24
5b7117bd-2442-4191-be7c-7d6ea8cc4515,2022-12-13,West,Furniture,1011.66,544.88
93dc8eea-3e8e-436a-87e9-5e6d7f71eef6,2022-05-12,East,Technology,1594.92,87.61
6e43b319-f929-4271-b220-58f9bdb2fd9e,2022-07-02,Central,Furniture,1481.54,174.82
16daa8f5-be8e-466f-b4d0-91d15c02f1da,2023-02-25,East,Office Supplies,1294.61,553.52
60b61367-f46e-4787-abaf-89c7319fa2f7,2021-03-19,West,Furniture,319.99,56.01
461fe028-f727-4e90-9ba1-68b8a3840e2b,2021-11-03,Central,Office Supplies,1098.62,412.08
8b7fa47e-adc5-4fc7-a07b-f99be08c82ea,2021-03-07,South,Technology,184.02,64.98
fcc1c48c-7303-40ca-a992-6bade6335f58,2023-08-29,West,Office Supplies,760.95,43.06
2cc9abb6-86e3-4e9b-a047-9ecbf5538cd3,2023-09-20,South,Furniture,832.9,488.27
594de8d7-add7-4b0f-a90b-365143eb4ff0,2021-01-19,West,Office Supplies,89.22,-272.71
96d26487-641a-4b74-94c9-3d44e353a243,2021-06-10,East,Technology,555.24,-59.84
46b821c7-fe73-4856-b1fc-fc366ad3cc40,2022-09-19,West,Office Supplies,1911.74,-208.58
945b3711-0a85-4722-b0c9-5ec44f2fcfd6,2023-03-14,Central,Furniture,1907.73,-33.16
d58c449e-57e0-457b-b3ab-800b8523d070,2022-05-09,West,Office Supplies,711.13,-200.51
cb9aefff-6ef7-45aa-9f7a-63af9cc41ca3,2022-08-16,East,Furniture,95.77,253.23
cae2f489-f7d8-4086-9110-c9fd747cb18f,2022-03-14,Central,Technology,366.4,537.62
1c35730b-49d5-4453-98d4-d949cad6d3ef,2022-11-26,South,Furniture,790.51,522.6
ed5f24c3-7fb9-4e49-8222-3c10f82f2dc3,2021-06-20,East,Office Supplies,1896.08,-26.15
ae50f96e-7760-44f6-a5aa-620faf7ead9e,2023-01-27,South,Office Supplies,290.99,785.39
4a2f2373-f777-4816-85ef-875e26755363,2022-12-02,Central,Technology,1529.4,272.01
29a099de-aa10-4595-8ee2-51809fb109a3,2023-05-03,West,Office Supplies,226.28,19.22
108ab4de-49cb-4790-bca0-8cde4dbbb7cd,2022-02-12,East,Office Supplies,1962.7,586.2
74300ccc-03fd-4d08-8b73-361fccbeb6db,2021-02-26,Central,Technology,769.42,448.84
d3520a91-4873-4252-b7a2-a1800a7be6e7,2021-05-22,East,Technology,1552.72,474.06
7d05955b-0d9e-4328-9f99-7c8097d38ab9,2023-08-03,Central,Technology,691.76,-245.02
5a2d6aee-6e29-4319-814d-98294e4a516f,2021-02-27,East,Technology,1259.06,108.82
0cc66163-002a-4e3d-9588-3c8fa9065c79,2021-08-29,East,Office Supplies,392.11,620.38
e0f3ee66-59a7-46e4-a341-89c5405df186,2022-12-20,West,Furniture,300.58,155.25
8082a0ee-dbe8-4d7a-8907-03e848841707,2023-10-18,Central,Furniture,1876.75,388.49
8f8d4107-c4d5-4c13-b561-d900aa52cdf3,2021-06-09,West,Technology,1836.12,264.31
b69415c7-1604-42b7-b424-b79c27b0816b,2022-09-21,East,Office Supplies,1776.06,595.06
bba95ec4-fef4-4c9c-a484-557f454a8e82,2023-07-31,East,Office Supplies,1254.61,-130.07
eb1313b7-95d1-4b6d-ae9a-e156325cba4e,2023-03-30,Central,Office Supplies,1618.45,248.12
083a1c27-3807-4019-8a72-007114a9ee59,2023-12-14,South,Furniture,147.38,-339.79
3facabcc-5ac9-4db2-aed4-d00579222d87,2023-05-18,South,Office Supplies,676.23,397.27
62e0adf7-a315-4bbb-adb2-31a2cfcc2abd,2023-10-01,Central,Technology,634.27,451.56
e7773701-f787-4461-a62c-4f006c2d1b96,2023-12-29,West,Technology,1274.93,-444.31
eb91d7bc-42e1-4eb9-a49d-da44191f9e05,2021-11-14,South,Furniture,718.36,378.53
2c5d849c-4f8c-41b9-98d7-88d94d515b58,2023-01-22,East,Technology,305.53,39.1
e03d1b30-adcd-495f-af91-a7be905c3fd9,2023-12-27,South,Office Supplies,1196.97,-338.67
23a10fdd-9402-47be-8deb-dd3c528e0ae8,2021-06-09,West,Furniture,1630.62,45.88
4001570a-3312-4e73-8485-63a3aeee2302,2022-11-09,Central,Technology,770.43,-247.5
3313f36c-8de5-4a88-aa93-716a22bca104,2021-05-26,West,Furniture,273.21,40.23
4c1e172a-15e9-4ee4-8e14-39774d126ab1,2021-06-15,East,Furniture,401.41,-0.36
760e36aa-a0d9-40ba-ad57-a5c89110f698,2022-07-23,West,Technology,482.59,459.91
c84bbdf5-603f-4ddc-aef1-7a908bbb8f3f,2023-03-13,West,Furniture,606.8,506.48
18963a6e-6fd8-4533-9577-58f5e03c63df,2022-08-28,West,Furniture,1289.16,289.14
b1b2b9c6-7120-421e-86cd-6214237befd1,2022-10-22,West,Furniture,1205.88,-470.51
af66dc57-ef54-4897-80fa-07e35031d661,2023-03-15,South,Office Supplies,1395.2,710.33
5aac72b1-77e7-4d81-9b88-fc72b66cdb02,2022-10-19,East,Technology,731.38,392.1
f62162ab-6ba6-4252-b76f-fd036d7bba17,2021-06-25,South,Office Supplies,1649.76,-455.55
e99d6b91-0715-42d9-b616-b5036906b588,2021-05-13,Central,Technology,416.13,564.48
c44b04e8-f51e-4df3-86c3-998e8f14aac7,2023-06-03,South,Furniture,943.39,-239.65
23fd6ade-c17f-4f19-96a3-48336bc152ad,2023-06-07,East,Technology,1603.87,252.99
c960b851-4d69-4e19-a827-3dee9d7e4eb7,2023-01-01,West,Technology,368.52,106.62
5f843666-831f-4c00-9490-029d3e1e0693,2022-08-22,East,Technology,228.63,45.79
e660a8e0-8b13-4689-9ef2-a148209515d5,2022-11-13,West,Office Supplies,1768.53,656.63
0db4897a-4b18-4a0d-a0b7-d81890c97f32,2022-07-08,West,Furniture,692.43,68.57
203d54c9-6485-425e-9858-f464c15da547,2023-06-19,South,Furniture,1370.9,-402.05
767a92b7-0186-4029-ab8a-501567273710,2023-03-21,South,Furniture,60.44,730.63
849c30c6-dffa-48ae-8353-ac87ceb7138a,2021-11-10,South,Technology,1383.19,696.7
15ac37f0-0de9-4283-96d5-aed275d106f2,2023-10-29,West,Technology,639.04,389.76
fc75de3d-d473-43b5-852a-2da70e00583d,2021-11-06,South,Furniture,120.92,108.26
9826a55f-555f-4bf4-9b67-8ec1a65e883b,2021-09-06,East,Office Supplies,1223.53,-379.28
90c0e607-4a63-4fc3-926a-ab2718ef2501,2022-10-05,West,Furniture,489.2,527.97
dd43b0cf-54d0-4314-b0ca-b2497b417aed,2021-04-13,Central,Office Supplies,779.75,-401.88
95a97dd7-bd8f-426f-9f16-de170f94d562,2023-01-11,East,Technology,170.36,-410.82
b78a2037-bd46-4bd5-82c5-2802aca65492,2021-03-06,East,Technology,302.85,198.6
8429e12c-347f-4a8c-b39a-442b0d92bc7e,2022-05-14,Central,Technology,602.97,-291.83
f79f8fa9-bd8c-4f4f-8fe2-75b124e72383,2021-02-13,Central,Furniture,188.62,-489.95
e522266c-393a-46ee-a2eb-4a7f7ecc492d,2022-06-02,Central,Furniture,1822.54,50.05
279f5df0-da2d-4df9-a3c1-4a53acf96a12,2023-04-14,East,Furniture,22.03,-321.62
b819b15d-4f96-4a84-a0d4-4d244d074581,2021-11-19,East,Office Supplies,972.88,-291.33
ce3ce7ce-01a6-4260-afc0-8273fd397fe7,2022-08-06,West,Office Supplies,255.26,-400.02
33611134-b012-40ab-9fa8-70407c260521,2021-10-22,Central,Office Supplies,622.28,-233.38
272c7482-0002-472a-9130-38f51d5d8f65,2022-02-02,South,Technology,1852.86,430.13
8513176c-1efc-4c94-a141-10b69a920655,2022-07-08,West,Office Supplies,331.77,551.61
1a85fd69-344c-46cc-bf48-e5f018cc0e29,2023-09-27,South,Technology,1932.01,88.29
817c6779-d52d-4f91-864f-e16479472ea4,2023-04-18,East,Furniture,419.53,158.52
ed113faf-0e3f-4912-a405-d362719deadd,2021-04-15,South,Office Supplies,1485.72,-457.55
7bd50aeb-6791-41dd-8cc7-cda21f2f087d,2023-07-03,Central,Furniture,1097.89,-409.89
3c243b45-d1fd-4711-af1d-80eafb91fb90,2022-06-25,South,Office Supplies,1770.11,-165.16
42a1279b-8bf5-4aed-9904-b887d77b03b3,2022-10-18,West,Office Supplies,1112.45,207.07
706ad042-ae6b-4455-9cdd-d7c2d25a0b3f,2022-05-24,East,Technology,1073.77,461.42
1f89cec2-9dfe-49d2-a87d-2106dbfbfea4,2022-11-15,Central,Office Supplies,398.96,286.5
058b5ee1-a2dd-415a-a570-66e86eaebb60,2021-08-21,West,Office Supplies,340.8,9.77
be9e01a9-d18c-4fde-a445-8bad2f4f914c,2023-04-28,East,Technology,1833.81,-346.18
82f2a59e-2bb7-4146-bd9d-542aa84fa67f,2022-07-29,Central,Furniture,662.4,515.01
334a34a8-8bf3-49a3-b31a-dd22bdddbd36,2022-01-19,South,Technology,750.44,-27.08
4a1954ec-4a3f-4fda-baff-d9bd79e58450,2022-07-21,East,Office Supplies,1522.05,456.87
96b93974-f587-43c5-999a-e3daaae39bc0,2022-01-07,East,Technology,684.26,166.87
467248f6-aaee-4d68-9e09-f48e7e32e5d0,2022-01-20,Central,Office Supplies,1904.6,460.26
ccc34f70-b299-4e18-a2c5-26ab6424fa05,2023-06-18,East,Furniture,1478.48,679.48
d0411dec-6ab9-4a0f-b6c6-533e1b7a5c94,2023-10-17,Central,Furniture,1198.88,697.34
488e5bd8-0729-45c7-a5ee-3dfd6cc1da4d,2023-07-11,West,Technology,1762.98,195.64
63b1a52e-9070-41b6-9ec0-9c3575035829,2023-03-02,West,Office Supplies,108.72,164.96
08b9b2e9-4d81-4859-949e-24ad02d22ee7,2021-09-11,East,Technology,521.55,-154.62
a83db2df-e4aa-412a-a682-13c7a525dcd0,2022-03-15,East,Office Supplies,935.42,716.54
e879c9a6-0ae9-4acc-b1c9-66b39eb03954,2021-09-05,East,Technology,461.69,95.29
23a9654d-f679-4544-9acf-614ae834fb5b,2022-08-26,East,Furniture,1490.37,-334.13
75566ff1-b91a-4e28-a1e6-8d3577c8c297,2022-09-14,West,Office Supplies,1839.22,62.52
28874d02-fb54-45ba-8255-b13b46e32efc,2023-10-22,West,Technology,853.3,-334.83
dc6bf2c8-db18-4d46-8029-d6335b9559d0,2021-08-09,West,Technology,690.84,153.29
e70d8d07-594d-40a9-b5f5-afea80d2157b,2021-05-27,South,Furniture,1923.49,229.66
8356ed61-63ff-44b5-866a-0c09b4cb22f4,2022-12-29,Central,Technology,895.26,-60.92
26c25405-a7ea-42f0-acab-d3d710116af4,2023-12-25,South,Technology,983.21,-406.85
902a73ae-b81e-4682-a7eb-40085a13f4bb,2023-01-19,East,Office Supplies,709.78,726.55
dbd165a3-b716-407d-b5a0-987556dbc7ac,2022-06-05,West,Furniture,1820.0,505.36
c8f3332a-4741-4ca4-a3d9-9d90c964f746,2023-05-20,East,Office Supplies,1142.22,590.55
ec68fc07-4d8c-4019-a88f-c85ac33a402e,2021-03-09,East,Furniture,1526.73,-23.07
d6de0902-ea89-4692-9176-37b264d88360,2021-04-14,Central,Furniture,1625.5,489.08
f66a015b-6063-4b32-bbd6-b0b5a5278097,2023-11-25,South,Furniture,690.28,130.98
2e2d0681-a8b2-4070-9b18-72ac78c4c27f,2022-05-29,East,Office Supplies,873.05,-238.59
81c974a0-ed6a-439f-b560-4484937749f6,2023-04-18,West,Furniture,1698.46,-338.25
425ca2e3-8682-462f-a8ae-013ac6807bb4,2022-02-20,East,Office Supplies,732.88,-51.43
96bf02dd-52f6-4f5a-b2a0-f8512121cc4f,2022-10-23,West,Office Supplies,1589.93,-321.18
95a15905-591c-44b6-94aa-600af487a21f,2022-10-27,South,Office Supplies,1882.57,797.75
114c440d-675d-493b-9473-6d379e12d7cf,2023-05-02,West,Technology,1250.19,-436.05
bb9ddc31-da1e-4729-878e-be4e0b8079d7,2023-01-24,East,Office Supplies,1485.84,73.49
aa4e8b03-18b6-4fc7-bb50-f94f28bfffdd,2023-07-29,West,Furniture,1612.14,87.72
ade81084-ef29-4413-bfda-e6661b314321,2021-11-20,West,Technology,1691.63,-109.18
3b45d977-c289-4a30-92db-575a79f633e8,2021-01-07,West,Office Supplies,796.16,242.76
ead217d1-cefd-4dee-8590-f851fb385671,2021-11-11,West,Technology,112.01,-305.03
1afd943c-3c92-41ab-8bac-c3c6bb8ec1cb,2021-01-11,South,Furniture,809.73,519.09
ba68e69f-2c8b-4151-a179-2fcde658eb6a,2021-08-24,East,Furniture,1350.77,-67.82
f92b7b46-c17d-449c-a253-4b28e47919dd,2023-03-12,East,Technology,906.2,268.75
0fda6ca4-107a-4bcc-ac20-d2016b88ccd0,2022-06-14,East,Furniture,1500.44,430.33
09943e76-1d4e-4772-801f-b5a69ca5b74f,2021-11-14,West,Technology,720.4,655.75
7108022a-12a8-4ff7-bffb-bc83d8c80184,2021-09-02,South,Office Supplies,1273.14,586.52
a19c7caf-9b45-4430-9fd3-92e2c36b0890,2022-12-19,West,Technology,380.98,290.8
2c8fabbc-ec6d-4411-878a-a79ed736c320,2021-10-05,West,Technology,1501.25,4.91
73131038-b2df-4075-9b8f-abe952377d88,2023-01-15,West,Office Supplies,1095.93,154.17
a32c5e99-fd26-441b-a21a-7c4e60ac4a64,2022-08-20,Central,Furniture,416.09,499.36
321a9240-3321-4bb0-8e74-b39c92e33940,2022-10-30,South,Furniture,590.9,640.81
adc90caa-7000-493b-bdb8-ed7140a3823b,2023-07-10,East,Furniture,1499.73,-365.08
bdfdcc7b-3381-4e0d-b9ba-243a493d269e,2023-05-21,Central,Furniture,970.38,0.31
874db4a6-d057-4b85-af1e-c0de297eb3f4,2023-10-03,East,Technology,439.9,508.95
16054b9e-313a-4c74-8a3d-b769cf052461,2021-12-11,Central,Technology,1934.87,61.15
f5b79271-a10d-4956-8634-caf6950506dd,2022-02-01,South,Technology,1433.1,-68.1
08825d14-341b-4c09-98a0-f6c0ab2d2fef,2022-05-07,Central,Office Supplies,1914.7,34.72
01572a56-e4ae-485f-a3fb-e8f2cf5cbd7f,2021-04-19,West,Technology,859.94,283.7
917bc866-6874-4b44-863e-23bf5c0c309c,2023-09-19,East,Furniture,955.45,799.75
5738db52-126c-4e50-9d4f-4af28becb8cc,2022-07-31,Central,Furniture,1796.93,140.89
f52eaf63-badf-47a8-aeaf-39512f701b32,2021-04-06,West,Office Supplies,1054.85,-228.96
87352231-a469-4757-ba70-c9f6e9368ad0,2021-09-13,South,Technology,1417.49,-288.3
351d1137-d518-4b72-b0ac-cfda7f055b10,2022-05-13,South,Furniture,511.82,-444.95
8037b969-7946-4eae-93dc-00ee9203c5d2,2021-07-15,West,Office Supplies,898.99,226.46
e65664ac-9e54-4175-9b42-9d0e5a239f52,2023-03-16,Central,Furniture,255.67,207.94
cd35637c-234b-4e09-9a79-d6868f06c963,2022-07-30,West,Furniture,419.9,-233.2
a01ed90e-6d71-48e9-b05a-501c11310c8b,2022-04-11,West,Technology,11.88,403.93
91b3f921-1224-415f-9fbc-f340604948be,2022-10-25,West,Office Supplies,88.14,463.44
846a4a71-c84a-49b8-a08f-ae0214013b99,2021-06-15,East,Technology,1954.79,-163.17
7fab9b07-1e30-4f10-99d5-6f424c589a8e,2022-01-06,Central,Technology,492.28,-52.67
8a60b332-99fb-48a9-8d2d-ba723b06dd82,2021-01-07,South,Technology,1329.99,787.61
d24289ea-3959-4465-85c5-581054b728fa,2023-04-26,Central,Technology,1679.81,-13.46
d4018a45-ec1a-4adc-8a36-a7c0f0cc4f56,2022-12-27,South,Technology,1105.81,489.04
5b9facde-b409-4855-a3f2-fc26405a8f9e,2021-10-23,West,Technology,314.76,88.54
2869b5ee-df18-4065-9f58-64d511655b1e,2021-01-12,East,Furniture,1458.95,531.35
88cfffa2-1324-47ee-89be-e3ddf7d65f6a,2023-04-12,West,Furniture,1204.5,499.73
848be725-da6b-4060-bdcc-4915934a85d9,2023-05-27,Central,Furniture,1465.19,368.08
4feeea91-8003-44a8-9c7a-b4e3ee8b09a3,2023-01-04,Central,Technology,1541.8,611.21
8bc2d46d-0e80-4f03-9e5f-83786633427e,2021-07-14,East,Furniture,1951.07,720.98
95309450-1c62-44f4-a44d-8dc2b2908892,2021-01-13,Central,Office Supplies,1151.39,253.98
fc24a159-eada-4885-afda-70bf78920f72,2023-09-20,Central,Technology,689.87,-191.29
0843280a-07ac-43fe-a73a-366e43577225,2022-12-11,East,Technology,1300.44,18.22
3354b4be-42c9-4aaf-abe1-3e78568a220d,2021-12-14,East,Office Supplies,146.2,485.8
0f344fe1-c3c5-4bb5-a355-ce1655a47eab,2023-05-14,East,Office Supplies,1795.82,346.15
d11756d5-8c0d-4a8b-b448-a24723a86b61,2021-09-17,South,Office Supplies,247.57,-268.86
c1e158aa-ec96-4f27-9461-4433bbdf144c,2023-01-22,East,Office Supplies,662.41,-433.39
0ff4c2d6-e0d6-4081-a98d-c5f7a9d06567,2023-01-09,West,Furniture,1633.33,387.85
ce3fde9a-12aa-4ab4-be59-a0d13c5168b0,2022-12-30,West,Technology,1198.65,-173.6
9c291269-e781-44cc-9058-e121f2aff86f,2022-12-10,Central,Technology,793.33,149.57
ceb7803e-c3fc-4c0e-95c2-c94db3fdc2b8,2021-06-30,East,Office Supplies,952.14,470.77
121d87ac-fb26-4d27-9889-55c0090d7d2f,2021-07-07,East,Furniture,1710.55,231.47
bd4211d1-9920-43eb-aa8e-b758f32d2812,2023-02-18,West,Furniture,686.61,-391.71
e3346bd8-14a1-464b-adea-c5b89cc862cd,2022-03-31,Central,Technology,1740.6,-258.75
21249735-f254-4c17-ba90-c4868d2a3484,2021-08-06,East,Office Supplies,185.39,-214.87
1aa3c18e-0aaf-4962-b92c-23e3454009f2,2022-05-11,West,Furniture,1555.83,-164.78
39a9a8a9-81f2-4a73-bf20-f661091d1643,2021-07-19,West,Office Supplies,1696.62,235.02
7a438217-6e77-4dd3-99aa-7cd5a67c7bd7,2023-12-13,East,Office Supplies,371.82,155.16
e05f039c-d98e-4024-8813-20254dacd33c,2023-01-17,East,Office Supplies,866.39,-235.89
ee662c46-057d-4e28-ba4e-2920f8b1f902,2023-10-11,West,Technology,339.34,-412.18
c82585fa-c60b-446e-86bf-1fb70e2bd8c9,2023-02-22,West,Furniture,1416.14,-277.14
9baefd9e-88c0-4786-b238-7a5acfb57f2e,2022-08-29,South,Technology,1075.34,779.7
af001605-ae93-4319-a11f-98efdc3c423a,2021-11-05,Central,Office Supplies,1274.29,109.11
7b6fb65b-8d70-400f-84a1-dd66bce88f22,2021-01-02,South,Furniture,401.01,627.55
60920068-c403-4430-a31a-9c3c0d591303,2023-07-26,East,Technology,431.37,603.38
b38adf82-6e02-4a88-a00f-8ed9b2086418,2021-04-06,Central,Technology,92.58,164.98
1d96dc53-2344-4c54-8cae-f9ec6d44f723,2021-01-14,Central,Office Supplies,650.91,418.69
9d9b72b9-e5ab-486c-9e34-c29a701dadb0,2022-11-19,East,Technology,1123.89,-249.42
5a0ed9b7-5e22-47d4-a74f-232bfb876271,2021-05-09,Central,Office Supplies,1717.29,394.92
eb068b1e-6fc0-474f-97d7-14f13192c29c,2021-08-16,West,Technology,1337.19,-145.9
178cb5a0-3b66-4afa-bcf8-b9130ed40264,2021-04-24,Central,Furniture,876.44,581.68
69bea8c9-3a24-4c19-8292-9d3d96afa28a,2021-03-16,West,Office Supplies,1906.71,-391.16
cec7b903-e369-41c0-80a8-5dbdbf5a910f,2021-08-08,South,Technology,1441.3,505.08
0bb8382f-916b-4250-8945-8e1bcb0de65c,2022-03-09,South,Office Supplies,1861.03,-370.08
df8db157-03d0-4453-8d40-9bc9fdae2920,2021-08-07,Central,Technology,1059.9,645.55
0e8fed60-d007-4d07-bffa-ea11b8469295,2021-10-28,Central,Technology,525.22,-104.53
704532d5-2070-43f0-8e80-ea41139cd2b0,2022-04-04,South,Office Supplies,115.13,350.71
506a8dd3-0b31-424f-8858-35db2e3b5fd6,2023-11-15,South,Office Supplies,1454.91,133.75
e3f2df80-a7bb-4612-9a37-ef9d5983ce94,2022-03-27,West,Technology,251.39,-23.81
21351574-4adb-4f79-bf82-bf843e86cc14,2023-01-30,West,Technology,612.52,339.07
a8575900-7a8c-4c36-a5d7-71639b2aeea6,2021-12-03,West,Technology,1069.62,731.78
138d8006-13a9-4a92-a816-4d181f540e96,2023-11-19,South,Furniture,1133.19,-446.35
34b34dcb-8b2c-45b5-b039-0686400d083a,2021-03-22,Central,Office Supplies,1205.16,694.51
d03c9c2c-bc37-49b1-b48b-9a8c7eb3aefc,2022-06-26,South,Furniture,340.85,291.81
dbd7b4b4-ea44-4cc9-a5cb-bf135b619ebe,2023-10-21,West,Technology,765.68,549.51
4d7efc8e-b68f-40dc-b18b-f53a3864bf75,2023-01-21,South,Technology,1238.22,-0.96
8d28eef5-c7bb-4cf8-9def-5cc2f1015bfe,2023-12-11,Central,Technology,1939.94,113.4
3e84455f-a755-4468-9e74-e1224aed4cc8,2023-10-26,South,Office Supplies,1457.99,629.51
51a0bd7c-447d-40b8-a49a-3cd986df42bd,2022-11-26,West,Furniture,1845.98,39.3
1ab88733-80e1-4c41-8a9a-727fb2a12a55,2022-12-31,South,Furniture,1526.8,195.06
692c6843-e682-4710-98bd-19da0dd2c843,2021-05-26,Central,Technology,1187.52,-473.75
7c781b98-9f32-4d3e-b358-206db49bc1ef,2023-08-20,Central,Furniture,392.13,-293.82
e97c0ea5-341c-4d10-9415-0ad9479fea14,2022-10-26,Central,Furniture,1336.7,334.19
855fecc6-f9d7-4979-9767-a6da231b0c86,2021-07-06,West,Technology,1250.53,432.07
8d8f2868-bded-49cc-8e10-7ed63b046707,2023-11-20,East,Furniture,1208.91,257.38
b993c041-5f54-4332-9f6c-6a8635f4ffba,2023-06-20,West,Office Supplies,984.67,-313.7
092e9fab-2457-4251-89b6-7093d0fe42af,2023-06-24,West,Furniture,1062.03,79.03
70b6052f-b2c6-4986-bc2f-db76fa584a4b,2023-09-08,East,Office Supplies,675.54,-38.38
f3fac150-7429-4f81-83a2-15ffa660604f,2023-01-08,West,Technology,1043.43,144.36
d61968aa-7fb8-46b2-8573-3d101d3ebe5b,2021-06-18,East,Furniture,403.14,631.43
9696e833-4728-4df6-8532-499e08a43ec0,2022-08-08,South,Office Supplies,1612.3,508.62
f710900b-d3c1-4e3f-8ce7-db3f625966cc,2022-07-21,West,Furniture,379.7,-390.81
dac5609e-4772-4adf-8f49-d01a15a15a52,2023-08-06,East,Technology,179.08,657.4
04d340e8-7ecf-4fc6-a249-a5869c186d49,2022-11-06,Central,Furniture,878.13,113.3
71ab4711-6279-4a6e-a1f1-4c98dcdeadc8,2022-06-28,Central,Technology,1320.03,467.02
611b92ab-34aa-4abd-b975-74330b5ed148,2022-09-12,South,Furniture,881.06,-317.95
88516447-6e5b-4598-a8f0-e3e02f369832,2022-09-18,Central,Furniture,560.74,371.94
0803ad31-4e1e-4f3d-a910-22b80d60e364,2022-12-09,South,Furniture,1120.76,-192.78
efede7bb-5909-47d6-8353-b9e48aa2f756,2022-09-24,West,Furniture,700.53,69.9
c125798e-9bd6-4690-a8f9-4c8806a76b07,2022-04-05,East,Furniture,1866.41,-478.08
d4022243-ec35-4b0c-9612-66fbe4a6bf51,2021-03-05,Central,Furniture,1846.06,-302.91
c0d978e7-cf6c-4143-8335-5860e84e9da0,2023-08-02,West,Technology,1009.72,-380.3
07001750-c1db-480a-b76f-6fff97491088,2023-08-05,South,Technology,662.49,-188.33
9f1c9fd4-d449-4964-b9cd-213b5748218a,2023-11-25,Central,Office Supplies,1476.89,-369.98
c8594dfb-6d73-4d1d-9da1-497a6f1f9af1,2022-08-10,South,Technology,83.06,399.48
c09d557f-bc44-4fbc-adb6-8854baae905c,2023-03-26,East,Technology,954.79,-462.25
8da4afbe-1bf5-4332-8eb1-8cd30e9f52f7,2021-12-31,South,Furniture,679.28,303.06
eeb687c3-b8a6-4bf6-b3d5-4f3e635b36bd,2021-10-30,Central,Furniture,1841.87,-317.08
fdab0afa-dbc7-445d-8994-41c5ad8f6932,2022-03-23,Central,Furniture,33.89,728.71
6c8073b7-76a8-4a27-88e6-1f32f01f333c,2022-02-18,South,Office Supplies,1110.1,713.02
c4ddfe54-917c-4f11-b81e-d083929614b5,2021-01-25,West,Technology,1483.92,-206.85
f5d68c8f-299c-4d73-8295-f5c984d77929,2021-01-28,South,Office Supplies,975.19,298.75
fe1be3e9-bee1-4c65-b7a3-19c6619c4a06,2023-08-14,East,Office Supplies,179.95,-463.59
e85fda55-21c2-48f3-bcfc-7050ecb697a2,2022-07-24,East,Furniture,1945.2,711.33
aebeca58-ccb1-4c1e-87db-f6a203e30f78,2021-08-25,East,Office Supplies,1040.84,179.88
ffb1c192-15e5-4e78-863e-9bb3f37296a2,2021-09-08,West,Office Supplies,1232.23,-443.81
4bbb2e9a-8af5-4d42-8576-7c743ffb9577,2022-03-14,South,Technology,480.85,-54.75
09e218a7-6504-45b5-9232-78bf56688530,2021-08-04,South,Furniture,972.16,-400.1
44cca057-5c98-48f4-8636-8d129d94813f,2023-11-14,West,Furniture,864.01,10.83
a72d0bf4-c84d-46c0-8021-a347a8c34b25,2022-08-14,South,Furniture,159.04,370.9
0328a80d-9ba5-458b-8585-36b7cf6d2a9d,2023-11-26,South,Office Supplies,221.26,110.86
a928a5b2-9185-4abd-8e90-ae4a1fd28b9e,2022-07-21,East,Technology,1676.57,-1.16
d8fbd542-43b7-4bf2-9604-153c522c5c44,2021-11-01,East,Office Supplies,487.24,-345.1
046b96f9-7675-4903-b19d-722f2dc4d065,2022-12-14,Central,Technology,397.97,-181.58
09791408-7768-4441-8245-59a5709de505,2023-08-28,Central,Furniture,1014.77,-369.81
a34321bf-7aee-47df-9bd5-5037f7444596,2021-11-08,Central,Office Supplies,1539.81,549.75
689ab92d-37c4-46a1-8e7d-e390d825b478,2023-12-15,West,Technology,133.27,-324.19
145d2f7e-f057-412b-945e-b87f0eff6a6b,2021-10-11,East,Office Supplies,1157.85,273.99
8d2bb00b-9c3e-4d79-a5a4-b1b446c524a5,2021-07-17,South,Furniture,247.23,-54.44
70c0a4f6-1065-4764-b40b-077950640ae6,2021-05-18,South,Office Supplies,82.56,-206.23
c96782fb-c417-4ebd-820c-be742e07a11f,2023-06-20,Central,Technology,114.96,331.31
7eb3a98f-de7a-49b4-8271-441846b1654a,2021-04-28,South,Technology,1669.99,94.1
2cabb9ad-a15d-47c4-ba38-204b2091a706,2022-02-06,West,Office Supplies,244.77,20.19
a7ee2f23-9e31-4cfd-9f09-87e9259b5aea,2022-01-14,West,Office Supplies,99.85,270.71
a793eb81-1d4c-4eb7-bb90-6c080cb140ed,2023-08-27,Central,Office Supplies,881.42,138.65
81b85934-af37-4cf9-af2b-5e3109db40a9,2023-12-29,East,Office Supplies,1689.55,-105.47
513cd464-9473-47cd-b0b8-1530dc4e557f,2021-01-21,Central,Technology,532.19,226.78
3a5b171c-b7a4-4108-8dac-20f90abd99fd,2022-12-14,East,Technology,849.21,370.35
fdf1d205-b6ec-484e-b3a2-dc1d0f916e97,2021-02-03,South,Technology,89.45,-465.3
0420521e-41e7-4bba-b9ac-1a4f42516974,2022-07-17,West,Technology,903.67,105.63
d972c236-db84-4c06-984d-6427adaad2f9,2023-12-13,Central,Office Supplies,1159.45,-425.01
0b73a040-b7e3-4615-8a5a-5d575a742a53,2022-03-18,South,Office Supplies,1146.11,-257.67
1bf2235c-5987-41e6-bc15-17fc99bf88ed,2023-01-13,West,Office Supplies,671.53,228.66
1cf98855-719d-454f-81c6-af4013d5ac4f,2023-11-10,East,Technology,637.91,626.05
343c1752-3caa-431e-93d3-c72682d33948,2022-01-13,West,Furniture,222.18,647.65
d44260d2-5f11-4839-9203-7fc25366e938,2022-10-17,West,Technology,739.93,-409.07
1246d2a5-6a7c-4d08-ae57-14e8d29c0131,2021-03-19,East,Technology,207.99,44.84
4878383a-e037-4953-ad2d-7cb9a452b559,2021-06-27,East,Technology,1535.53,257.91
9b622c0a-5398-4922-8652-62a224a0db6e,2022-06-04,East,Technology,1932.89,-308.81
f9a013be-55c1-40d9-9c3b-c3e5c9c52567,2023-02-05,West,Furniture,1940.45,495.06
5fed5cb7-a6e8-4b4f-a5bb-7f3b687bb3ce,2023-09-23,East,Furniture,1731.49,467.51
4b47b715-f937-4fff-b146-56f1787ed06b,2023-07-01,West,Technology,1205.58,674.34
5e4908c8-290a-42d2-87f9-ee879f35e95d,2021-06-27,South,Furniture,1404.72,-488.97
266a8b90-ee28-42f4-8a76-a0ea0b6b9944,2021-05-09,West,Office Supplies,577.56,-218.31
1b3206f0-0689-4b1c-975a-ae69e9707c9e,2022-05-26,East,Furniture,1265.23,575.34
5027b309-cedb-4488-b623-87b49be9ec86,2021-02-27,West,Furniture,916.74,371.75
bdf68eb0-c7e7-4797-b73c-91ca82c3892b,2023-12-27,South,Office Supplies,969.21,662.71
b67cb2ac-94dc-4c97-8891-4d9982183bb9,2021-05-30,Central,Office Supplies,1517.98,-425.67
60fba34c-3701-42fd-b09f-e5ab5813d72f,2021-03-10,West,Furniture,571.02,276.05
a8350a40-0858-414d-952a-ed00d4aa826d,2021-04-18,South,Office Supplies,642.9,239.76
c33a8761-618f-478a-a66b-4b6db9ec28ff,2022-09-09,East,Furniture,1850.04,-453.62
f486a251-1414-4827-a632-c350ff712ff4,2021-08-24,East,Technology,121.89,167.58
fe08a540-ef7e-4940-b568-757413caaeb6,2022-10-13,South,Technology,976.41,292.38
ff70abaa-80e5-4b3d-90be-35ee397e241d,2021-01-14,East,Technology,1826.47,-251.32
bbe43aa7-8c58-4ff0-a15c-f032930e7347,2021-02-17,South,Technology,1224.62,-144.67
1f09bd6b-bba8-4166-89f9-c43e6b074c79,2023-02-22,West,Office Supplies,1097.35,332.45
cc5732f2-871b-4b1f-a0e4-0a11d8fbfda5,2021-02-20,Central,Technology,506.99,108.79
a8c12f22-78ea-404d-9b6b-09920d2a9d7a,2021-07-29,East,Technology,693.12,615.42
5122f001-70e6-4474-8534-bd7686423a80,2022-09-16,South,Furniture,1705.58,-54.9
93432c76-d604-4e9f-b1ed-10f544e928ac,2022-06-26,West,Office Supplies,1122.84,-153.34
5424aae4-3e78-4f27-a93b-da3b4b0653e2,2023-05-21,Central,Office Supplies,1034.34,780.33
fa3bc921-c484-4743-8c8b-a7603e3a0dfc,2023-06-08,Central,Furniture,208.16,684.48
5097ce46-74b0-4243-bb1b-a7235ca9bc53,2021-11-21,Central,Technology,41.9,-462.31
b16d3da7-1d8b-469b-b8ef-0017bf89444e,2023-11-06,West,Furniture,1927.73,501.95
f525d556-bb98-4bdf-b1ec-02ad3db538c9,2022-02-11,West,Office Supplies,760.2,-356.56
14669189-5ca4-4e71-a8f0-e5f2e1568ad3,2022-12-30,East,Technology,1210.39,-464.27
1391d18a-8171-4955-8f7a-1e435a1ba9db,2022-06-07,West,Furniture,168.63,-144.2
7bf18cf4-a740-4142-9cbf-7ee6ea258d83,2023-07-18,South,Office Supplies,1369.4,-149.85
c94b3a6f-72ef-417e-baf8-34f29aef9aec,2022-12-09,Central,Office Supplies,1865.81,565.11
d3ec1562-91c0-49ee-bad1-c48f6b39c4dc,2023-05-15,East,Office Supplies,1155.57,423.87
ecfbc936-2012-4ebb-bc9b-519ad3a81c4f,2021-11-12,East,Furniture,260.97,776.09
e8c5a3b0-c6c5-4054-beb4-a52789a1321d,2021-12-09,West,Furniture,1167.63,424.97
aa7898aa-95b2-468b-ac92-275a68599dc4,2022-05-10,West,Office Supplies,1535.03,43.73
cbbd3732-42a1-4429-9b05-0a6c235d2722,2022-03-25,Central,Technology,818.77,408.61
1e32e3e1-5058-4a4a-9771-3fff49714ec3,2023-02-28,Central,Technology,1760.88,799.3
81496136-6bc8-42f4-a893-a38a14dd9314,2023-02-17,East,Technology,1300.88,423.18
7e83e815-9375-4195-a5fd-72f4fbb61ff7,2021-11-18,West,Office Supplies,1799.51,490.19
32b6f533-c5cc-4fb0-a1a6-2208a1f40627,2022-07-11,East,Furniture,1250.78,719.87
743de03a-e05c-4fb9-ae0e-f4aae65e0ac3,2023-02-04,Central,Technology,271.26,-352.25
6b2b0c27-1eec-4480-aab1-803803f89c7b,2021-05-19,Central,Office Supplies,626.29,416.22
b61d1f43-8df8-4ff9-83f8-6f2d436c9e18,2023-07-22,East,Office Supplies,411.57,606.05
19dad534-be2b-4dee-b848-c332ee1caec8,2021-10-18,West,Furniture,1818.56,740.69
d577c131-08b9-4ed4-9e94-da10205b9db8,2021-06-17,East,Furniture,1523.2,-225.74
2abc4b2f-b0a6-4457-8620-5f4a6e718848,2022-03-17,South,Technology,1356.03,155.11
83d04bac-21e3-4238-92b1-178bfd6c47e3,2023-06-06,East,Technology,608.92,384.72
635b729c-eb2a-408b-8780-d6caddebd8d4,2022-09-18,West,Office Supplies,376.25,-178.29
20a0c244-5ab7-48b2-ac1f-b2fce77d9bec,2023-01-04,Central,Office Supplies,1515.34,280.61
3dcead91-8e93-4bd2-b269-eb4366fe47b3,2023-06-05,East,Furniture,953.57,-165.15
5639117a-1e78-4a02-8b1b-bb3ab6448d24,2021-05-22,East,Furniture,459.32,-66.51
562e121f-e5fa-455d-9320-8f77e5bdbb3e,2022-01-27,East,Technology,1237.08,73.97
1b96ee81-9ddb-4fea-9bd7-871c976b1a33,2022-08-21,Central,Furniture,90.26,187.95
12e1725b-0b94-42ab-b8e0-c2e1fe7f9299,2022-01-12,South,Furniture,659.08,84.18
f32de530-5ade-40d4-abb4-8c9ebd1e9dd8,2023-02-25,East,Furniture,942.43,141.15
a17e34b0-68ac-439c-a921-f23172eace11,2022-10-04,South,Furniture,304.44,-111.83
6f8963b3-d5b5-424c-bd9e-599373230f23,2023-09-12,Central,Furniture,1969.46,-293.35
b33aa6b9-7a23-4f3c-81f6-028b4a0efbe5,2022-08-25,Central,Furniture,426.1,-438.45
b944e469-2ef6-4152-bbc2-ede622758233,2022-03-17,West,Office Supplies,269.4,-245.23
d1f2789b-ea95-4113-96ed-4815c415ac73,2023-11-21,Central,Technology,415.03,256.53
26fa466b-1573-4a73-8266-557cefc66c4c,2022-01-08,Central,Office Supplies,1540.43,521.95
97d20300-97f3-4baf-81fe-1d86e545fcc6,2021-08-30,South,Technology,856.76,-279.98
741a5b09-a63f-43ea-ac85-2cc75eb00e6f,2021-02-05,Central,Furniture,1135.18,-358.88
2d3dab8a-7047-4d9d-9208-26b8611eb15c,2021-11-19,South,Technology,51.81,474.08
47802d60-968c-47f1-b8f7-ef4882380358,2021-05-23,South,Furniture,78.52,-103.29
3b759faa-18ce-48d1-85e3-be15f1dc5270,2023-02-08,East,Technology,897.19,736.95
0c5c9940-5753-4534-be48-7b1c4c1f088f,2023-12-13,West,Furniture,1635.14,428.61
8673173a-e5b5-4f30-8486-8583906ae95d,2021-08-04,Central,Office Supplies,1771.63,-75.22
ed944378-d814-4be0-821b-390c946f9f07,2023-10-19,South,Furniture,182.55,-123.59
62524390-52a3-469d-8906-9da96d3b867c,2022-09-26,South,Technology,1081.34,180.81
f41978cd-2dac-488b-81de-6d58518e58fd,2022-10-20,East,Technology,1827.33,-397.11
f1eef895-d061-46b3-8abc-36fc24a887a1,2022-07-21,West,Technology,782.07,-347.02
bb21d347-fd3c-402a-a1e3-eda6bc106ec9,2021-08-16,Central,Furniture,1660.84,-271.38
473bccd4-84e6-478f-ae37-b72135ef2b60,2023-03-17,East,Technology,276.05,507.14
507a61a9-9d8f-4ee1-a12c-6678933c3b76,2021-08-09,Central,Technology,1871.44,168.01
2a6445d3-48e8-4f79-98eb-a4621976a39a,2022-04-28,East,Furniture,1505.33,-486.26
7c9428af-461a-4f63-89b0-16e51e595d1f,2022-09-03,Central,Office Supplies,1883.26,375.57
2b589b3f-e2a6-4e3c-b940-093a705cd91e,2023-04-17,Central,Technology,1356.47,50.8
4269f091-eaed-4ed7-b06f-bb0f49d9bf73,2022-06-02,South,Furniture,733.17,164.11
1b2aa4e4-c0e3-44e7-9b2d-f807fd225cba,2022-02-14,East,Furniture,1876.98,-221.65
47543604-aa9b-44ba-bb4f-068eecad122d,2023-07-10,South,Furniture,558.38,217.32
8d5a9549-34f3-4b8e-9891-e25c2418c7fd,2021-09-16,West,Furniture,671.02,772.9
2b39e995-c13e-40d3-823a-0b12d6baf0f2,2023-02-13,South,Furniture,1404.61,-404.52
0a2cbb1b-e70c-4274-9930-300a07006af3,2023-11-07,East,Technology,1532.98,-130.91
89b4db80-8a32-484a-a401-461af5b92b3c,2021-07-19,West,Office Supplies,1859.51,-184.1
7d058c07-01b4-4dfc-b1f4-36eacc8abd69,2022-03-27,South,Technology,417.56,-176.89
5e9a35cf-0699-476d-9288-b06ad51f03b1,2021-01-05,East,Furniture,1598.02,-7.68
f2a83faa-f11a-41f5-8826-80f934010b60,2021-03-03,Central,Office Supplies,1479.71,563.54
71e007b0-bb6a-4647-ad2f-458d9237e145,2021-02-23,West,Office Supplies,136.95,686.72
742f790e-d4be-44e4-a04d-3f5585594d77,2023-12-07,Central,Office Supplies,780.57,-237.12
b75c3825-1c0f-487f-ab01-bba74b814a84,2023-11-16,Central,Furniture,572.7,205.83
1eb46d3b-d841-46ac-ab4f-9efbb4d1880b,2023-10-19,West,Office Supplies,615.94,327.97
7e45fee4-6ea8-4b32-a38d-9fb071c487bc,2021-08-08,Central,Office Supplies,1966.06,178.38
230681aa-dd50-4d6b-963c-b5294357ac51,2021-02-02,West,Technology,1289.13,64.3
ab30f1b1-bb4c-4947-8748-b576fe3a4f96,2023-04-29,West,Office Supplies,1438.18,-250.43
cdbb6c1f-5a8d-485e-b7eb-a7e91dd07ec8,2022-08-31,West,Technology,1953.47,134.69
38f1f1ab-cb17-4945-be88-f8e4143dbd6c,2023-10-29,East,Office Supplies,760.63,21.58
281f45ff-53bd-4b05-9308-9f8bba345e82,2021-03-19,Central,Office Supplies,1605.66,534.23
7416386b-46af-440d-95d8-a81a81ceb20e,2021-05-15,West,Technology,874.72,492.69
ac0d8818-8349-4078-bc4b-2732a170920c,2022-04-18,West,Technology,1740.37,-325.8
b01cad4e-b4f1-4ca9-92f7-76d1c6ec757f,2023-11-02,West,Technology,369.51,-384.93
09d1c11f-ecbb-4aac-a46b-f89a5097621a,2022-08-09,West,Technology,1895.9,680.6
b481acde-eeaf-4b56-99b6-5b6b6ef1d60c,2021-01-28,South,Furniture,445.36,196.16
30bdf7be-5149-4675-8573-b517cb508544,2022-05-12,East,Furniture,659.18,615.14
d66f3fff-a93f-47ec-8ee4-3f7fd7680657,2021-05-14,Central,Furniture,1514.82,-424.4
f2fda085-091f-43f3-a046-d4d3e0a8a8af,2023-07-05,South,Technology,793.57,184.47
3ef433df-020a-4c40-a095-c0d0a26e67da,2021-02-07,East,Technology,1220.34,201.25
df42eabd-604f-4c8d-961a-9968230a37e5,2023-05-20,West,Office Supplies,894.7,618.91
3217f93c-ac60-42a4-b85f-a73df17316d5,2022-06-09,East,Furniture,1487.32,-373.11
7c08a960-26c4-41fd-b859-7bc643e9c94c,2022-03-11,East,Office Supplies,464.38,-187.42
7f297630-bbca-4210-afe6-1a89d059b594,2021-11-20,East,Technology,126.33,28.5
a2807710-32d5-4d87-a1bd-1db7485873c1,2021-08-11,Central,Furniture,606.86,625.59
842ca512-f369-4683-96b5-cf7ae0389eb7,2023-02-09,West,Technology,953.87,720.55
36d5187b-bfdb-410b-b929-1d34db6ea0ba,2021-06-27,Central,Furniture,344.36,790.54
7d9def75-1138-48db-af2f-841100d190bd,2022-09-15,South,Technology,716.05,746.95
b5c1f027-3563-459e-9c78-bade8ec7dccb,2023-10-10,Central,Office Supplies,805.97,-492.28
b01f90e7-6b0c-4da5-89ef-a19b2d98f251,2021-11-12,South,Furniture,124.21,-437.98
a18af1fd-615a-4341-9d06-5ae84358ce3f,2021-03-30,West,Office Supplies,1170.78,-308.11
5944a69c-a341-441c-bc16-5571957a66e5,2023-09-29,Central,Technology,1769.84,-46.48
f44f5031-a82d-4879-87cc-4d1c7bf6b2ad,2023-12-18,Central,Technology,311.97,578.89
d73794d5-4cd3-4406-a0bd-60442e18b22b,2021-11-04,East,Furniture,1199.64,660.45
ab00764e-4ac8-4bda-a002-8f9a3b5d5c9c,2021-12-31,Central,Furniture,1332.83,-257.12
a1497b65-cbf7-4eb1-bd7f-2fed7c2ce385,2022-05-13,South,Technology,844.48,305.56
8b1d2284-5b6c-4b7a-990c-2e2a6467e0c0,2022-10-16,South,Technology,1405.18,692.57
380bd4cb-18b6-46f8-8ba0-768a7b2021f7,2023-10-16,West,Office Supplies,827.36,102.85
e595e3fa-e182-48d2-b681-db3f1cc41c62,2021-12-04,South,Technology,1014.23,-365.39
6b6a838e-498a-4d9d-8391-59b8c145217f,2022-08-16,Central,Office Supplies,24.63,95.16
3f555c7d-534d-488e-b279-ec9ef8281e0b,2023-07-19,West,Furniture,1386.52,-11.47
2d1b143e-1da6-436d-acc3-f8aaa9943d14,2021-11-08,South,Furniture,1326.07,250.96
a91decb2-51a3-421b-b4d1-183f76f8ef17,2021-01-20,South,Technology,86.42,70.26
65e92e49-b26c-4876-98fa-e8c71d10b6f6,2021-05-19,East,Furniture,742.82,-477.45
e1d5fcea-c610-424b-a0c8-667fb46f0145,2021-04-01,Central,Technology,1958.27,792.2
dd2fb568-ce02-4728-9712-288a7bd64d37,2021-03-30,South,Technology,847.27,206.6
afedc6c3-6979-45ea-99de-fd207d3a8826,2021-02-28,Central,Furniture,1008.87,115.72
4496a883-4a7a-477b-876a-16e73c1fc9aa,2023-07-05,East,Furniture,1820.76,741.0
d9da5f47-e3ca-40c4-b711-32b781eab1da,2021-03-23,Central,Furniture,1437.35,-297.38
8ff01845-0f90-4d63-a8b4-9b00c86768b2,2023-03-29,Central,Furniture,1168.32,-253.99
accc1507-42f8-4fc5-92bc-b64dc59498c5,2023-07-14,Central,Office Supplies,1597.63,550.42
cf1ca021-6431-4fc2-a946-4f3f514f6fd9,2023-07-04,West,Office Supplies,1730.09,-160.92
42bd31c4-660f-4c40-acd9-dc3f7123bc96,2021-12-31,South,Technology,919.21,539.0
7c4a14cf-44b0-403f-8dfc-73c1e990ff49,2021-04-13,Central,Technology,955.47,-147.01
a2e25753-56ff-4b3e-b80c-fd3dba6a741c,2023-05-10,South,Furniture,778.24,-456.86
72984bb6-4efa-4dc3-8bae-4fc1d18ad3ca,2022-11-20,West,Technology,1933.75,172.12
e028c315-928f-4bae-b8a7-c67868e968cf,2023-03-21,Central,Technology,1397.36,-244.31
c790b84c-34c9-43ae-8938-279c2aa20c1e,2021-06-27,East,Office Supplies,175.61,485.2
f7df9baf-f2a8-4e6e-9c3d-a4eba012c6c2,2021-01-06,Central,Technology,1727.29,333.56
21144198-5466-4ea9-9c5a-342e9d017d3c,2022-04-27,South,Technology,966.31,700.68
f34574ae-0519-48bf-8a2e-30d69adebcc2,2023-04-06,West,Technology,146.82,517.88
61127927-cd6a-4e30-8567-f81fb8e3fb43,2021-03-11,Central,Furniture,1103.94,-264.99
55525e11-b469-4821-87ca-7ddc171acd35,2021-09-27,West,Office Supplies,840.16,540.21
c4196c8a-c44f-42a8-9a4a-96aee987cfb2,2023-03-30,West,Office Supplies,1756.72,334.26
0c995e2d-a7a9-48ab-903f-3a468d8a7957,2023-09-27,West,Technology,415.95,369.64
8914bc96-5cb2-4033-b5e0-edd684c62e4b,2021-12-25,West,Furniture,1654.66,581.94
d690efa9-2830-4ffa-bc37-337a32ccf39d,2022-06-06,East,Office Supplies,1119.8,245.97
b7c315a2-dc16-4bae-a541-35f889238eb6,2023-12-22,Central,Furniture,118.67,105.8
2951c8a7-cd21-4a34-8a49-ba1b3ab5a9f1,2022-03-09,South,Furniture,1943.97,327.63
69d445f3-54dd-428c-9fb6-98a5e9209b3a,2021-04-11,South,Office Supplies,1030.1,-112.66
3fab0c74-bbbb-4ccc-8d8e-352b37328d15,2022-06-05,West,Technology,588.84,-262.62
d8718196-093c-4582-837d-f82ef0a4be8a,2023-04-25,Central,Office Supplies,944.12,301.56
86cc556b-f0bb-4e32-814f-a9be05209457,2023-07-22,West,Furniture,1717.14,-196.0
ca957c2e-65df-49cb-8062-42771a3ecc71,2021-10-07,Central,Office Supplies,616.76,-396.11
4878917a-282d-44a3-8ad3-33617c226735,2023-08-29,East,Office Supplies,393.43,-499.28
a1ad9f14-3ae1-4f9c-8634-e0e64d2ce796,2023-11-27,East,Office Supplies,266.85,290.82
08a5ad03-3f4f-4031-b025-5b9dc5bcc4cd,2021-03-20,West,Office Supplies,602.74,-29.21
d0207ede-1fa7-4e6b-bffa-749e45bfd2c3,2023-08-24,East,Technology,1562.3,478.0
66979d0f-a7c0-4a59-a0bb-380bc8b7bcd0,2021-12-24,South,Furniture,948.54,-12.27
e06a46b2-bd93-483f-917b-d6cc2195e073,2021-03-18,Central,Technology,462.69,131.8
13974770-15bd-48ba-9caa-f6a5451ea1db,2022-02-12,East,Office Supplies,340.71,29.21
b417dee1-b8dc-4390-8127-8b8612ea7890,2021-12-09,West,Office Supplies,672.13,345.75
0528d309-6a56-487d-bb8e-37e2c32bba73,2023-09-11,West,Furniture,1880.45,-37.02
8aacb783-d48b-4d0d-be1e-70bc03c61e18,2022-11-20,East,Office Supplies,692.62,752.9
187666ec-26df-4b57-ab41-eac79ad8e1cc,2022-10-11,South,Furniture,1976.37,716.99
6420b22a-cae9-450b-9693-ffd8bc6232e3,2022-10-22,South,Office Supplies,975.61,602.44
dbfb491a-9b0e-4a7e-94db-549631bc99e6,2021-05-18,West,Furniture,366.54,696.39
6cd6cedf-52df-4152-88e6-cd4b4febaa0e,2022-01-12,West,Technology,1783.37,83.88
4d59f68e-05ff-42f2-be54-eceb8329bd1a,2022-10-11,Central,Technology,926.11,197.36
198493ce-33e1-46f7-b57a-d70346281fb8,2022-09-04,East,Furniture,1422.25,464.72
9381ebb3-a7f2-407e-b821-947c43a7320c,2021-09-22,West,Technology,1967.59,404.99
6df5fa4a-4a8e-4dd2-a067-982478adb182,2023-04-10,South,Technology,109.85,657.88
68054a24-f785-4cc1-b8e5-91c417d2efe7,2023-09-26,Central,Technology,202.42,431.23
48cff1da-7bbc-4b5d-874f-92058f9d7375,2021-02-08,Central,Office Supplies,1443.71,797.25
81b01ca4-8880-4d17-b3ef-e892e85cc863,2023-03-07,Central,Furniture,570.83,-46.94
fe3f5662-0468-4a4a-a1e5-835e3e9f069a,2021-05-08,South,Furniture,376.76,582.9
f392b60b-64c5-4e2d-ba41-348a7f3dadbd,2021-08-06,Central,Office Supplies,88.33,406.93
b6eea1cf-8bec-4264-8340-55005f6bbc54,2021-08-01,South,Technology,53.47,398.8
93efe8f0-395c-4d62-b3c7-fd751bb9d499,2023-11-14,East,Furniture,1551.23,-76.41
c56dbe29-65b8-438c-865f-5046f9a61744,2023-09-14,West,Technology,277.52,521.28
7a0ffa86-5eac-415d-b274-2e763b6becb7,2022-10-29,Central,Office Supplies,940.76,670.49
4f842010-a48f-41f1-9be4-0ba9902ad019,2023-03-19,East,Office Supplies,1215.73,-215.89
a1420851-cf47-4d72-a4ce-3160551a7dcd,2021-04-14,West,Furniture,862.42,313.15
8f962ff2-186b-4a71-9569-12ddf9cf2bd2,2022-06-26,South,Furniture,63.94,9.78
f12d0664-dd65-4951-b52a-a2af2b5457b7,2023-06-08,East,Office Supplies,1569.17,786.41
1579bc24-3ffd-48f1-97e9-afe27d6448b2,2022-04-16,East,Furniture,30.92,122.48
d68bc80f-9dd2-4036-a737-cac9242e3d71,2022-12-14,South,Furniture,1526.16,-203.18
d6f34d9b-b918-46e8-85fd-e9e9793841a9,2023-12-20,Central,Office Supplies,1787.68,-3.59
0f163af8-3b80-4449-82b5-79c2910f445d,2022-02-03,Central,Office Supplies,871.35,349.99
696f9074-4084-4290-be50-a000c474e1c0,2022-12-13,South,Furniture,1075.73,-401.08
d5963842-567e-4c74-bd92-232a4fbb831a,2021-01-06,West,Technology,959.2,284.68
b062259e-524a-4652-8958-b354268e81b4,2022-06-24,Central,Technology,784.53,710.59
df15e667-6812-417c-9946-601e90b84f94,2021-12-09,South,Technology,1775.97,605.47
358fb73f-b0bd-414f-84a5-24d9016d26d9,2021-04-25,West,Technology,1788.93,-412.02
7d1d3494-cb71-4efd-8ffa-1194c14a2a61,2021-05-18,Central,Furniture,678.27,791.41
f5a02c0a-5021-43fc-bff3-e8188babb414,2021-02-26,South,Furniture,1233.99,408.35
761c7a2b-5263-48e0-bc59-69c6a6ea0997,2022-06-26,South,Office Supplies,1854.55,-289.03
8e07d8fc-83b1-41ec-bba5-a5dfb5786277,2023-11-24,West,Office Supplies,1924.5,-483.86
bbaa6e4a-fe25-471b-bd5b-fecedbd0ad57,2023-05-03,South,Office Supplies,1022.83,-277.33
6cfacecc-1ae4-47cf-abd5-c14914d8e0e6,2021-11-26,South,Office Supplies,911.12,589.63
209595a4-602c-4604-93d7-54d6b30269aa,2023-11-14,South,Office Supplies,564.6,-471.87
851ab93f-297e-4f2f-837c-e599c1c353c4,2022-01-15,Central,Furniture,1918.16,-196.91
3286af00-2a8b-4289-9f19-297ebf86ad63,2021-01-13,Central,Technology,294.2,484.5
1d191f64-f8cf-414a-9ea7-e1ae7006a2c6,2023-08-11,East,Furniture,1163.86,261.94
7ec469d8-6c97-44c0-a2b0-505509fff6ab,2022-11-04,West,Furniture,572.28,517.56
864b789a-cd9b-49fd-a04c-57f62bb47157,2023-02-12,East,Technology,565.23,470.0
dfcc8eb4-bfbe-4892-a3ce-37db7cb8b49d,2021-11-12,Central,Office Supplies,815.89,-434.22
025ec446-663f-430d-ab0b-b4578c0dc409,2023-07-29,East,Furniture,1997.6,660.26
fee91972-6f7b-43e7-9e19-f0104bf7e012,2022-11-27,South,Furniture,119.38,-204.86
e15680e9-ec06-4d73-b84e-2f114b523dc2,2023-08-20,East,Office Supplies,1161.3,219.41
5287e5f4-85c1-4181-8567-4f45ad3b1b9d,2023-02-22,West,Technology,174.32,337.57
9055e085-5f23-4322-a3b9-3a349d7739b2,2022-03-27,South,Office Supplies,317.5,-280.78
4a4a5612-243a-4f53-aa7b-6a7ca674dd6b,2021-08-05,West,Technology,884.73,769.1
cd853347-3457-4c7f-af5d-b99c85f3cb12,2021-05-28,East,Office Supplies,1025.82,134.6
5f0a74fb-b6e7-4214-b3b5-f7d79d2f1794,2023-05-17,East,Office Supplies,525.0,-425.06
78dc340b-4051-491c-9ac1-ad6984f612df,2023-06-28,West,Furniture,639.75,718.44
54867db3-efaa-4791-b5eb-0106767f5095,2021-07-13,East,Office Supplies,183.06,262.15
ff0614bb-b85a-44cd-bf2b-f0e4ed55169f,2022-04-25,South,Office Supplies,613.41,408.95
2a0b83f4-22a5-47cf-ad87-07d5da36a2b6,2021-08-06,West,Office Supplies,1933.45,182.73
794f9276-d454-4573-b70f-9392863daa90,2023-11-03,Central,Technology,1889.97,585.16
2de1bda4-6a92-447b-9154-00a60283a43b,2022-10-18,Central,Furniture,676.41,-456.93
fe4995a4-112a-4ef5-b872-420e267d46e7,2023-08-01,Central,Technology,1146.0,-151.11
b3932fb8-4fd4-4793-816f-2931fa1b1bac,2021-12-28,East,Furniture,1820.09,110.54
1806699f-b1ac-41dd-b303-343c300b6e7b,2023-01-07,South,Technology,22.31,-400.42
183f36db-54be-47e0-b566-639489a8c57d,2022-09-27,South,Furniture,1623.26,417.68
982e2afd-77fc-462b-9ffe-37090fa4c293,2022-07-07,Central,Furniture,1897.26,11.76
a2e768d7-59b7-463f-9117-f840280d4e22,2023-10-04,East,Technology,191.74,-145.53
584f218a-39dd-41e1-a222-c7758f24da7e,2021-02-14,West,Office Supplies,331.28,-495.61
3150e60d-ed89-42c2-839d-fd70a0fa7665,2021-06-11,East,Technology,1921.89,435.78
e958c430-d21c-4643-88c0-8457464aea48,2022-09-22,South,Technology,1079.7,583.95
bab4eb77-959f-4841-ad19-312dde3b5a64,2023-01-25,East,Office Supplies,38.25,13.55
c4596172-9fdf-4b1b-9e05-b8b14e45a736,2022-10-26,East,Furniture,522.69,233.48
8fa50e32-4137-4168-af2e-cdc9673c984b,2023-01-15,Central,Furniture,905.39,-204.01
33dcd09c-a8cc-4023-a43f-daf08a8016fe,2023-12-09,East,Technology,1388.89,308.86
1a5ca752-2705-4d96-97b7-32b313d579ae,2021-06-02,South,Furniture,1468.99,-484.22
2da6b974-47ad-41dd-b768-b54abb0c686a,2023-03-02,South,Office Supplies,1990.89,135.24
206faddb-1a31-487e-904c-01a1434fe133,2023-02-09,Central,Technology,582.15,337.47
a513964e-965a-493e-85b6-9e95cc009f08,2023-01-14,South,Furniture,1081.06,693.65
935e2c27-5485-40db-a208-c875c41c233d,2022-09-11,South,Furniture,1071.31,-4.26
9ad28c4a-9798-439e-9a78-6fcac5a06501,2021-07-14,West,Technology,817.23,494.75
bcbd6eeb-ceab-4f76-b776-f4e846f90964,2023-10-20,West,Office Supplies,346.63,276.99
e8c347d0-ab22-4d1d-9daa-c867df0fea06,2023-04-05,Central,Technology,1955.14,705.12
00af085d-2b08-4fcd-b595-1ffd793130ce,2023-04-24,East,Furniture,1708.1,17.89
3768d6aa-fd34-421e-bb59-475ec88a9a74,2021-12-03,South,Furniture,1001.68,-85.18
9d6ba3b5-cda8-48b5-adf6-cca41761f1ce,2022-09-28,Central,Technology,1210.46,653.28
79b8023d-2a31-49ba-a4b1-7e4525807a2c,2022-01-02,West,Furniture,462.25,-435.98
13e9e070-52c6-4562-8010-2dc0dfe6b589,2022-11-03,Central,Technology,1092.14,-322.7
2310c9fb-0d5c-4547-b847-91e0e55d32af,2023-04-27,West,Technology,1392.99,-392.87
6ce763e1-708f-45a1-8ea6-e9bc82ff1dad,2023-03-29,West,Furniture,1035.18,596.04
4d747649-53bc-40e0-b8c0-9d8baa3319bc,2023-10-30,West,Furniture,1980.67,-486.21
3da34aca-1e07-44a8-828f-d8cb80189536,2023-11-02,West,Furniture,1226.57,620.15
c61f98b1-6097-4bc0-a4ab-d0358f65abf9,2022-07-10,East,Office Supplies,748.24,86.65
5ae0bb5a-7977-43fe-b4cc-721462b215ad,2021-02-08,East,Office Supplies,1546.58,-494.77
51251262-85a0-4af6-96b1-ba8c4fcf9f89,2021-05-17,West,Office Supplies,349.22,22.14
9afa3fb4-e21f-4167-9404-e49287db0168,2023-10-15,West,Furniture,775.19,-257.16
2a869922-f492-4b35-b6c2-1bc3d799d80d,2022-09-08,South,Furniture,700.45,311.72
4719c1a8-d567-4214-a23e-be36f20ba0c9,2023-09-22,South,Furniture,869.3,383.17
6fef2c5d-d702-4edd-a494-0bbdb61ae1b0,2021-09-08,East,Technology,1565.74,133.79
b1f20ebf-7d76-4495-b10f-c4158f7c0071,2022-12-16,Central,Furniture,973.5,-447.32
1ec80917-af74-4001-8023-539bc9f99d37,2022-09-16,Central,Office Supplies,1590.09,352.97
a6ef8273-6f77-4027-a656-cfbc8ed2de16,2021-09-25,South,Technology,1157.21,594.65
ddbb3fa4-0679-44f2-ad92-38a459225b53,2023-07-09,East,Technology,690.72,436.42
c54f87ad-7750-4fbb-9af9-ae1b5d9dacbd,2021-09-04,South,Technology,1621.86,578.95
6c905f13-ba7e-4b51-9892-e71aab87aea4,2021-10-13,South,Furniture,484.2,-239.34
e054dba1-8f4e-4920-9df2-055436ba4892,2022-10-23,Central,Furniture,456.52,655.55
30e4541b-f07c-4ca7-abac-d8e1ff7661bb,2022-11-03,Central,Furniture,1013.96,-81.15
eee5b33e-2dd3-4f8e-9fcb-f48261e8baa5,2022-11-07,Central,Furniture,529.09,-482.57
3222504f-02bb-4d94-bed5-0d6bbf6494b6,2022-11-21,East,Office Supplies,28.08,596.41
31e43850-86a8-4b2b-9c69-ee49712c3126,2023-03-11,South,Office Supplies,1300.11,724.37
5415668e-4f75-43d1-9610-7189016ff44c,2023-12-10,Central,Furniture,1027.08,352.23
ea725584-5e6e-487a-a939-f79018177e4a,2023-03-11,South,Furniture,896.58,-199.13
03539b9a-ebeb-4d98-80b7-10a640f66fde,2021-01-18,South,Furniture,1934.27,-172.73
a5b01639-0895-4db1-85e5-26e19b559178,2023-06-05,South,Furniture,1146.69,106.57
65f69897-7a8e-4e5c-a444-c04046633755,2023-12-23,Central,Office Supplies,1728.23,667.18
b44aad77-b20c-4a3f-bee8-acf10b3e2b6e,2023-12-05,East,Technology,287.51,-305.52
0ea66dbf-a011-48d8-8630-419c40c71862,2021-10-30,East,Furniture,1142.72,573.77
07ca07d8-d2c5-4940-927a-72dff89cad3f,2022-11-27,West,Office Supplies,1737.28,-121.31
7886f504-ed75-4b74-b7d0-c829dcf9b680,2023-09-27,South,Office Supplies,1170.38,551.16
7458d92c-a1da-4c7a-9b88-26edff4a9185,2022-09-09,South,Furniture,1438.85,696.35
bffbce28-7933-4a49-ac7c-41067d845537,2021-05-14,South,Technology,750.37,55.74
8bab9c9c-c026-4d51-a5c5-bce0dffbdc2d,2022-09-06,West,Furniture,193.97,-25.43
5e99c568-09c7-4e3d-9a98-5b74ceb3c70f,2022-05-20,West,Furniture,921.22,542.89
b69b8391-e4ee-4f51-9ce8-5b7d0761dc0c,2021-09-20,South,Office Supplies,795.01,188.33
2d49d235-bc77-4a20-b4a4-cb8027379316,2021-10-18,East,Furniture,1735.45,389.78
1533fe82-21b3-4264-99d7-6878def42b39,2023-05-05,West,Technology,495.55,309.68
1e92c0ae-d886-4de4-9585-3f0b6b691bd2,2023-09-23,East,Office Supplies,1933.8,-301.24
b5e9489c-a331-44b0-b181-38900e592949,2023-07-25,West,Technology,1916.69,598.23
db9eb2e6-18f4-46dd-9071-ce940ff48fe8,2023-11-17,West,Technology,502.79,-245.49
da42698b-fbc0-43a8-8708-cf0f8b490e26,2023-04-16,West,Office Supplies,702.62,711.97
bcc9c2e6-9d2f-4a3e-a7b4-f9c831b5efb0,2023-08-05,Central,Technology,1792.16,-174.26
ac0798c7-d657-4ecb-9529-885a0444c6f1,2021-01-02,East,Furniture,1933.58,454.05
e5d20eae-5104-4a0c-a650-8af4d9259a4b,2022-12-22,South,Furniture,892.44,-129.95
fc7c356d-e7dd-43a5-ab51-9424b595459d,2022-03-29,West,Technology,648.78,-86.88
5dc2fd9b-f1bd-457b-b8dd-dfc2963ba31c,2023-06-22,Central,Technology,1056.93,-97.0
aa1c5dca-f0c7-415e-83a0-b96b842ee348,2023-06-26,Central,Office Supplies,1378.66,472.26
aaefdbe1-d674-498a-aa97-cbce673659ef,2022-01-11,South,Office Supplies,554.21,223.86
316482fe-10a0-4260-8fbd-6062ab6d9aa8,2022-05-09,South,Technology,1475.58,647.84
25c37945-8063-4ce4-82e4-1a50d33650db,2023-05-29,Central,Furniture,112.8,-100.42
2c2e8ba0-157e-4914-8442-4098ba9cee3d,2023-04-12,South,Furniture,108.1,399.59
9bc88efe-4688-4612-8b64-e782718296af,2021-06-14,East,Office Supplies,778.71,478.83
68c4b51a-8166-456c-b04f-bce932dcea5b,2021-07-30,South,Furniture,713.41,-303.07
d79570be-bf30-45c3-a2a3-00712c47a51f,2022-05-18,West,Technology,638.11,20.77
4fa87a65-00d3-4021-b0eb-453ed67df90d,2022-06-15,South,Furniture,987.13,127.66
1e228ade-59c6-4a52-8f80-d1ef4615575c,2023-08-25,South,Office Supplies,648.26,-37.61
d60b04a9-9173-4d93-b75c-4f3057696e2f,2023-01-11,South,Furniture,392.59,-81.25
ee265c95-90f1-47ee-960a-5654b2403468,2023-01-17,West,Furniture,625.84,392.35
eb02c661-1dc3-4362-9691-c83a7687853e,2022-12-24,East,Office Supplies,1950.06,-219.37
161f77a1-bac3-4057-aeb8-6221172f0d9b,2021-08-25,Central,Technology,828.12,422.21
a06a7de4-9755-428f-9147-c3ba2f875748,2022-11-05,East,Technology,894.98,715.56
2b5997f2-c447-4e3f-8525-c1b4f73c6a1f,2022-05-17,Central,Furniture,1157.32,234.76
a3506764-37af-463b-82ac-1c61c9eaa5b9,2023-07-27,West,Furniture,1966.85,294.86
e09012d7-14ce-4f0f-b5d9-704d5fe12b57,2023-02-10,East,Office Supplies,490.79,-410.39
4ecad266-3f29-4615-b178-0077b96a33aa,2022-08-14,South,Technology,1365.75,623.82
f151ff15-a46e-499e-ae4e-d89fd659d69f,2022-04-06,East,Furniture,1434.81,-128.92
bf5628b9-30eb-4400-9d55-8095e6c75732,2021-02-08,East,Furniture,1218.58,299.57
4f7c1491-21fa-48a0-bcf4-ced1c17e3dc0,2023-05-03,South,Technology,186.27,772.85
497dd968-b4b6-4702-a11a-7d790da761fd,2021-10-19,South,Office Supplies,1356.98,274.15
90a67567-23f2-468f-876a-25332d91ac23,2023-05-16,East,Furniture,137.55,442.12
d5d4999b-39d8-4a14-a9fa-c66650c74b31,2022-07-28,South,Office Supplies,1196.32,78.92
330062f1-e231-4ce6-85d6-2ecd3030d7f4,2023-04-07,South,Furniture,1481.77,-421.52
42650798-4b80-4fa6-bab1-fa122d5737a0,2021-02-08,West,Technology,429.83,536.88
17a85108-43b9-4b02-b089-8400b2932bfb,2022-05-08,East,Furniture,1684.83,-454.5
5d15c129-9425-4e90-9aeb-50557d692580,2021-02-15,Central,Furniture,70.4,410.86
85e620fe-a44e-43e1-85ba-136f594ed61a,2021-04-23,East,Technology,1689.19,-470.2
afe1d845-a18a-4249-945a-1de3731dc76f,2022-03-28,West,Furniture,926.05,621.0
f31d40e2-0967-4567-aba4-39e6d4ec494f,2021-07-13,West,Technology,443.0,-295.07
27dc3b65-62bb-484c-95d1-2c70d5b07c12,2022-11-16,West,Technology,276.22,168.55
fe66c4fa-35ed-4f38-9197-107c89b702ed,2021-06-19,East,Office Supplies,1907.08,276.3
a560c775-58cf-4966-af11-0436b3c28ec5,2022-08-26,West,Technology,154.6,94.81
49e785c7-cbd8-415e-ae98-b722cf97b016,2022-05-28,Central,Office Supplies,406.2,-57.01
f7eefd84-b31c-4349-9799-2f42351b3e63,2023-01-21,Central,Office Supplies,702.17,108.16
be3de265-d471-4d86-8d36-645980f6c26c,2023-05-07,South,Furniture,1244.27,-95.16
8365d2cf-173b-4226-84d9-ea2dcb56eb48,2023-06-25,West,Technology,1094.15,69.56
37df8dfb-421a-4d96-b5f1-e04bc5fe21d6,2021-10-20,West,Furniture,260.03,-33.41
ec02e881-080c-4aaa-82c6-cc4277ba69f1,2023-06-08,East,Furniture,586.56,236.07
a190aa44-a888-4521-845c-10ea1d842e8f,2021-04-19,East,Furniture,485.12,-190.7
779d7db4-23ca-4f2f-b9a7-59de2fb9950b,2021-08-05,Central,Technology,434.95,785.25
9053317b-5f4d-4c1d-92af-891a9639e2b7,2023-07-06,South,Furniture,828.18,151.13
e6b9f3a3-96a0-4726-a886-a9fc60beb85d,2022-07-02,South,Office Supplies,1411.02,-247.59
1ac7ea5b-b387-411d-9286-f97708aa6127,2022-09-08,East,Furniture,442.73,120.19
e6a98352-de8c-4a13-9bdf-d4cea125151b,2022-06-30,West,Office Supplies,739.69,626.34
79ba19db-6be1-410b-a8a3-df6e02059f80,2021-05-25,West,Furniture,787.93,-471.65
e729b06f-a5db-4ca3-9630-202155afb783,2023-04-11,Central,Furniture,1953.15,383.42
5ba62f73-e9c4-4f0d-afe6-8a5219a7361b,2023-04-08,Central,Furniture,1909.79,212.36
8bf9a66d-7782-483f-a9a9-b2d74e681465,2022-11-17,West,Technology,1602.27,-279.57
7062dff6-0591-47e1-8086-08612fa83aa4,2021-05-05,Central,Office Supplies,490.9,562.72
97f483d6-74d9-4fb1-9dda-4e36cf292101,2023-10-05,South,Office Supplies,145.39,-20.45
bb1fdb98-6f5a-481a-b1ca-a64c93727484,2021-06-27,Central,Furniture,640.64,-118.06
3e5bd4af-d587-47a3-b93c-04f7663ab809,2022-04-25,West,Technology,540.92,576.56
99d75477-5f8b-40f7-b92e-efe040a8bd6b,2023-03-28,East,Furniture,1016.79,330.08
66b1f859-adb5-45e6-bb88-e4ef567f3096,2022-10-28,West,Technology,1557.68,667.74
edd24200-f884-495d-8a45-e44d4cd82847,2021-03-03,West,Office Supplies,1718.06,318.85
ef4c113d-c35f-4e12-bbfb-48d5e09f6e24,2021-03-29,South,Office Supplies,1691.28,463.06
1b9c67e0-81c8-4e2b-ad48-6d9ae69f1f78,2023-10-10,West,Technology,725.75,587.38
44f4d74f-c629-4ca6-ad07-67746bc5bcd4,2022-07-15,East,Furniture,1377.6,-428.84
97d3d50e-6697-4f77-93d6-40ccf4382911,2021-03-09,East,Furniture,632.54,508.86
2a983090-831f-4302-a9fd-9b08074f6459,2021-01-07,West,Furniture,131.2,297.82
98cb3cb4-e2f7-47ea-8cf2-fdf8ec1f5d97,2023-07-27,West,Furniture,1406.11,-409.64
862a76f2-f15e-409c-b297-fa7ff719ae43,2021-10-13,Central,Technology,29.56,161.15
9167adea-f8f1-466b-b395-1a4532ce6a3d,2022-02-11,East,Furniture,824.27,-392.8
a9d500dd-2140-4672-a3b9-7f36c0793f64,2022-02-24,West,Technology,665.46,456.73
0dc5d7d9-f5bc-40c0-89df-af7c55492107,2023-07-13,East,Furniture,1389.82,210.45
caf91924-4f2c-4cfd-9724-5dacf8673a5b,2023-12-30,South,Technology,1534.83,739.65
589a2b88-cd2e-4c8b-a436-c8dec40cfbde,2023-09-20,West,Furniture,615.15,-261.92
75e913d8-2a53-4bd6-a55f-daa5756e3fd6,2021-10-09,South,Technology,1625.14,287.84
334dd7aa-25c1-4899-a89a-92c5003742ae,2023-03-24,West,Office Supplies,594.89,-224.94
4eba12da-4d20-46cf-ac0c-ad5ce2095271,2022-11-26,West,Technology,898.19,298.28
db964db1-3c76-46e5-af41-87bc1493794a,2023-05-22,South,Office Supplies,1456.77,439.44
b960df1f-1715-4d76-afc1-aaeb340ce8c9,2023-02-03,East,Office Supplies,1388.91,439.0
8e2b4d2c-af49-4395-a775-957e3ea6ca65,2022-06-28,Central,Furniture,1974.86,559.6
01440fa3-5fcf-4c27-868e-47b0d87db947,2023-09-21,East,Furniture,458.07,609.62
1993edfe-583f-497d-a8c9-d68c7a3338e0,2022-12-21,South,Technology,1328.01,-399.55
64e04880-afd1-4c73-8cc1-9913788664f3,2021-03-19,South,Furniture,1223.27,-53.75
78e90ae9-e9af-4d28-b665-de1bb2e33ad9,2023-09-01,Central,Technology,1831.05,393.26
76a6e2e6-d4d3-4808-a054-a51cab1ead74,2021-12-28,East,Office Supplies,321.16,148.16
eabd37da-c357-4620-be24-5711b4cb1a42,2023-09-26,South,Technology,1506.08,-252.12
517fd316-20e5-4866-a338-0b421887fa69,2021-01-26,Central,Office Supplies,1140.85,218.52
665ec4dd-222e-4711-af6d-5b4bc356dee2,2021-08-08,East,Technology,556.59,29.67
487f70f0-e5e4-4935-93bd-99f9c5f4656a,2023-07-05,West,Furniture,954.13,7.05
df683491-baf9-4a9d-acbc-63edd1ddd3e6,2021-11-01,South,Technology,674.22,552.68
88bbc5bb-64d3-4090-98d0-fc616cb2170b,2021-01-28,West,Furniture,1162.83,29.88
ab7d09b2-7d01-4706-98cc-49bb12581998,2021-07-11,Central,Technology,1779.11,-465.61
06e2ac94-9620-4553-b860-b58fbd8cc32e,2021-06-07,East,Technology,1142.92,-424.52
2d9be542-9bc8-4ea5-a2b5-e74d38c0f0c3,2021-08-21,West,Office Supplies,1267.13,613.12
5cbe693e-5e7f-48d9-bc33-499fc4916b7f,2022-06-13,East,Office Supplies,1042.31,748.78
00684d9c-d2bf-4c31-805f-6a69570078c1,2023-09-12,Central,Furniture,111.82,394.93
65ef2c84-c06e-4481-9963-37aa9c4e1662,2021-01-21,South,Technology,473.39,-26.32
3ae61863-a544-4d55-93c7-f140ea224efd,2021-04-10,Central,Furniture,989.08,720.18
0b53d4e6-301e-4689-bffc-b3fe23593443,2023-09-28,East,Office Supplies,627.37,361.64
17c50a7c-6f76-4a77-8d4b-cdb2361352a0,2023-02-27,Central,Technology,371.71,597.63
2e0c5488-a76f-4d3c-a252-2f2656ef26a3,2022-09-01,Central,Furniture,1013.22,495.61
4fa3baf6-48f3-48ba-a697-64976cfb6acc,2023-08-30,Central,Furniture,652.39,-7.12
7b0c036b-d23f-444f-acde-afcd63065765,2021-02-26,East,Furniture,523.63,122.31
f47bffba-f561-4747-82d2-2c7408ea6671,2023-02-06,Central,Office Supplies,933.33,-258.03
65f17e33-29dd-4229-adf4-e3876bf6f2f7,2022-03-04,South,Technology,275.24,-120.38
1b3f0866-d590-42df-8470-f4aeaeadd1dc,2021-09-23,Central,Technology,1856.21,511.56
58a64190-1527-4d08-8e65-050b77052c84,2023-06-07,East,Office Supplies,1736.73,662.17
a7e70139-19f5-4f3c-bb90-4dfeafa1ff17,2021-02-05,East,Technology,1418.16,441.8
ce9205ae-cdb5-482a-a78b-941fdcca9a71,2022-09-16,Central,Technology,221.37,104.73
20f5128d-51ab-4c77-a92f-adf7032124e8,2023-10-25,East,Office Supplies,1554.0,-387.54
afb144b5-624d-4ff7-81c8-d068931e5f89,2023-09-27,Central,Furniture,1617.84,-425.97
a76090e7-7c73-4166-82f7-79797466b319,2023-07-23,West,Technology,1537.85,-13.38
6c262577-66d6-489e-ab91-e501f5bd62cd,2022-06-20,Central,Office Supplies,236.79,102.97
6ccb9163-4d8e-4d5e-8df4-73bbc577d3a5,2021-08-20,East,Technology,1291.38,291.86
1daf7374-a255-40ef-bdf7-f8f04236d2f9,2021-10-09,South,Furniture,1670.31,-491.56
e88081f9-cd6b-4aa0-8e9f-bfeb9a87e44d,2021-09-09,East,Furniture,1158.93,786.64
c7efd8e2-5f71-4ac6-8087-1ba97344e407,2021-12-19,West,Office Supplies,1296.35,-26.88
d81b6bb7-55c6-48d6-b647-2ba8793a650c,2021-10-21,East,Office Supplies,922.14,602.52
1c968b9b-5d67-4515-b8c5-ef5c88f757fb,2022-09-26,South,Furniture,1062.13,195.46
6c8f8833-fb11-4ab6-adc8-6df8c9162eb7,2023-07-29,South,Technology,78.41,-330.43
decceaea-622b-4588-8275-da34881e40c6,2021-11-24,Central,Technology,1281.54,536.84
01c7ea8b-267f-46ec-947b-7a33acba60e2,2021-07-04,West,Office Supplies,172.08,422.78
b522f610-ef26-4a84-b2bd-509b564d36b6,2023-09-12,East,Office Supplies,875.68,185.67
83d03e33-3296-44c0-8201-938b971444b7,2023-05-22,East,Technology,592.38,168.92
df48d6fa-ba45-40ff-9d51-30aed015f623,2021-01-25,East,Furniture,1095.4,-386.28
76fab828-0c6d-4a71-af54-d2b9747a2ecd,2022-08-21,West,Office Supplies,275.5,352.6
de2e7abc-1f1d-4ed9-8a33-3eef481e67f3,2021-09-19,Central,Furniture,1386.37,684.62
0cd19e0c-5dfa-4933-b5d2-fda97d57d424,2021-03-07,Central,Technology,1592.07,-378.78
5e8a35cb-afb7-49ba-996d-9303e3a060f1,2021-01-22,Central,Furniture,335.08,-157.44
accc8e70-5663-4490-acfa-d76f40987d5c,2023-02-14,West,Furniture,217.58,673.0
060615bf-d1b5-4519-844f-376a4bd01f7a,2023-09-20,West,Furniture,299.58,-130.35
4b11c181-2dc1-4143-8469-8c048af190cb,2021-10-31,East,Technology,1755.48,350.13
725f875a-047c-4fe5-aac4-75a55b5cd6c5,2021-01-31,East,Office Supplies,1061.1,195.26
091e11df-a2cf-432d-8c34-f9de531b1e76,2021-07-31,Central,Furniture,939.85,275.23
bb5e14d6-5b74-4fdd-9c97-46949884f76d,2022-02-11,East,Furniture,222.36,40.53
656e5170-bd1a-4704-8801-36fc095f6d43,2021-09-26,West,Technology,1302.62,-110.01
88f4ca54-1584-484b-acdc-1cc03fa60025,2022-08-21,Central,Furniture,1737.32,-436.91
250768f2-ba0e-4d56-a045-1dbd1835e89b,2023-10-09,South,Office Supplies,1658.09,467.57
e489149f-6e5c-4ae7-be52-c22ca2070bf3,2022-10-20,East,Furniture,1255.85,469.92
754182e8-f8cb-47ff-986b-3c2246527e16,2021-08-04,South,Technology,159.8,371.94
eb34d8de-3e7d-423e-9e03-83d4b061c6ff,2022-02-08,Central,Office Supplies,233.67,336.72
eea90156-d5bd-4de2-a751-0ccfd358a5d7,2023-12-27,West,Technology,108.12,-183.17
91ae757c-8607-4228-920b-58cfbb916d1c,2023-06-12,South,Furniture,522.38,-470.95
539b4d73-1397-4f7e-8a67-7292755afc3d,2022-12-02,Central,Office Supplies,279.97,551.33
9bfe970a-2591-4ffa-89cd-33a65f6f83c5,2022-07-19,South,Technology,527.5,138.48
cffe7547-a347-4f55-b94b-a015fa126797,2022-01-07,South,Furniture,776.27,-101.11
833bde78-61c5-4cc8-99e3-2dbee1cd2b70,2022-12-31,West,Furniture,1886.54,-367.49
56784633-1429-4f31-b9b3-c0eefaf2be80,2023-09-14,East,Technology,1224.65,-418.46
4d4ef3fa-bfcf-4645-a301-767aed6cbe79,2022-03-24,East,Technology,1671.6,-46.47
2f160f3d-05ba-4c78-a696-dea06c2aeb89,2021-02-08,South,Furniture,1423.6,546.16
b8ba61b8-41c1-4233-bf2c-1fd1f34ab83d,2023-12-20,East,Technology,233.88,694.34
144be8bc-e207-4595-be20-9925a72427a6,2022-05-23,South,Furniture,1474.48,665.78
f714bab7-6ef5-4d48-a98f-8c8ad63c04c0,2023-02-08,West,Technology,557.45,696.0
92262ecf-310f-4eb5-8b2c-4e211dce0e8c,2023-12-09,Central,Furniture,1281.82,680.04
9d96bf5e-4d9e-4bb9-beb2-f90442cf4e6d,2021-05-23,Central,Office Supplies,688.51,185.39
cb317618-daaf-463a-8a06-3bf5839818fc,2023-09-25,Central,Furniture,1995.37,-214.76
0c8033f0-cc88-4185-b1ba-d5eb3e668eb8,2022-03-07,Central,Technology,534.47,537.46
3717f44b-7911-4e22-92c6-26305fcdf4b8,2022-04-19,West,Office Supplies,565.47,-222.17
46586cb2-6fdb-4b51-af7b-80f1c2be7bac,2022-08-31,Central,Technology,1862.04,-152.63
2f8aeb01-c73f-41d2-b059-5815bf32dbc5,2023-10-28,South,Technology,59.04,-196.77
0bb5c276-abe3-47f3-8066-703846dfe43f,2023-07-18,East,Office Supplies,1396.41,169.48
2e671517-e8e5-4412-a60f-475f9ac88b74,2022-07-25,Central,Office Supplies,1453.4,-81.62
014b069c-45ce-4149-88f0-06a3ad9f0e53,2022-09-26,East,Office Supplies,1674.39,-299.6
c8347776-04ca-43d1-b506-e337683d21a9,2023-11-20,South,Office Supplies,1949.13,89.13
46573d38-2138-481b-a83f-18e26a11315a,2023-02-10,Central,Office Supplies,1951.45,636.08
ca4e5cc5-995d-455b-b662-8c4e445d9a87,2022-02-02,West,Technology,139.9,241.72
18deabfe-5172-44f0-a285-f766f9d46d34,2021-03-19,Central,Technology,1645.46,641.84
b58194e0-04a0-4d55-b98e-1dc038a8ab55,2022-08-14,East,Office Supplies,1296.16,-245.37
9c83cfae-1050-4d65-b897-3d1553199080,2023-04-24,East,Technology,1298.21,-282.93
9bfc24bd-b647-458d-ba68-f42949af5000,2023-02-05,West,Office Supplies,265.42,248.25
6bb73dac-9681-4aed-b5ec-c661d3b4a1d1,2021-11-20,East,Furniture,1303.87,102.33
8a9cfc8d-5429-479b-9861-0b0ba280760f,2022-07-17,Central,Furniture,1965.14,358.22
8ec29e07-ee0c-4303-b9c1-1c4a639817e5,2023-10-01,East,Technology,1824.52,533.01
51d41c6a-5731-4c46-97cb-9e5b03379b0b,2022-04-18,East,Technology,883.87,476.7
26daf6d1-71c3-46be-9297-cb6658ab766f,2022-01-29,Central,Furniture,89.5,724.94
7fbccd75-be19-44aa-9ab7-12f6764231c3,2022-08-02,Central,Furniture,730.96,17.73
2b85ffb7-b29e-4126-8840-e78a35ec5514,2021-12-07,East,Office Supplies,1654.52,-231.7
6726f5b4-4175-41f4-a3db-0deaac48ceaf,2022-01-31,East,Furniture,1405.98,216.19
92419671-da2f-499b-a923-895d08429e20,2022-05-29,South,Office Supplies,924.09,-356.03
7c8dc9d0-a1a2-42d0-941f-b001f7bcbc14,2021-04-12,West,Technology,119.65,-124.49
15458478-5865-4721-bc25-7ff18fb30b07,2022-03-13,South,Technology,859.52,-229.75
87935334-fc20-494e-bf7d-a45e35221344,2022-08-15,South,Office Supplies,943.36,15.53
c03832d0-4ab4-4a29-8dd5-16c85e8354da,2023-10-15,Central,Office Supplies,1857.83,-355.42
77a63918-acac-4f3b-b395-734b50b9ff30,2022-10-29,South,Furniture,1285.76,-458.61
95be6c8a-9ff7-407b-a7e9-184f07918b35,2023-05-03,West,Furniture,630.19,353.83
909cca67-5a04-4fb0-9fcf-d7112aaf1966,2023-04-14,West,Technology,1055.38,293.32
c3d31e5c-feee-4138-aa57-31f76e78cd59,2023-10-27,South,Furniture,141.45,420.87
48acdcf8-f92d-4dcd-805a-fd9405fe16de,2022-10-13,East,Furniture,1945.41,358.5
fd5baf20-7da2-4e1b-be7a-31688e72d17c,2022-07-04,West,Technology,726.52,-351.42
899fad03-ebd2-4573-a012-a24e3c168418,2023-03-10,South,Technology,960.96,-121.6
f2e5cecf-9b6c-4494-a0e0-b67321b6eb84,2021-11-05,Central,Technology,717.02,-331.62
654fda31-18d3-4b67-9f9d-4db1d983dadf,2023-11-01,West,Furniture,1368.2,595.86
1c526dd1-fdfc-4a9d-b618-187c37e2dc86,2022-02-20,South,Office Supplies,1327.84,470.97
dd69a596-2dba-433f-8a12-c64f921c5875,2023-02-27,East,Furniture,1433.49,-238.01
fc00814b-c70b-4b6e-8451-e56228bbecfb,2021-11-05,East,Office Supplies,543.61,-56.3
8cd1692d-66af-4249-ba98-f602bc059dfb,2022-04-06,East,Furniture,638.18,756.6
37bea260-c053-4253-9a1e-490d6894844f,2023-05-23,Central,Technology,259.25,272.41
4764a956-9968-4a3c-a684-79846b0dd81d,2021-12-22,Central,Furniture,1314.46,541.5
a159bef3-5cf9-4400-853f-777f51c46d6e,2023-10-25,Central,Technology,89.2,-156.03
afd50018-e27f-4dc7-aa0b-46ea1b0b249d,2022-07-03,South,Technology,1199.39,-226.93
a2ded1de-c302-40d5-a214-5243f5d23fc6,2023-10-15,South,Furniture,1740.69,519.09
8852787c-891e-4aa2-8097-09fa5159b574,2023-04-30,East,Technology,1782.76,391.63
676a504c-dbeb-41e2-b9a0-1a0b64657945,2022-10-29,South,Furniture,903.59,385.27
4949ded7-76c3-4071-81bf-7df87ead63bc,2023-09-06,East,Furniture,924.01,218.42
282f0aa6-730f-4b28-acaf-549ed37dcef3,2021-09-06,South,Technology,163.17,232.65
6669f679-2d78-404b-9f93-55acec8566f0,2022-10-09,Central,Furniture,1344.82,456.41
d4721e33-885c-4793-80da-b7f849d5182c,2023-02-08,East,Office Supplies,1644.31,-149.0
a7fc1bad-76ca-4cbe-834f-b3a955849e58,2021-12-02,Central,Technology,496.86,-41.4
192bb3bc-e843-4f65-aef0-244b2c19ee3d,2022-11-06,Central,Office Supplies,848.39,633.13
6b08984b-a731-46f3-9485-39236223733d,2022-09-01,South,Office Supplies,1679.29,-98.48
305a1bef-6909-43c4-ab13-b71df96846e7,2022-04-11,South,Furniture,1755.47,210.2
3964afe6-9e6e-47d7-876f-3b07a2ec377a,2023-03-16,West,Furniture,493.93,413.43
80dc4873-9eb3-48ad-9c15-b25e2379750a,2022-05-02,Central,Office Supplies,1105.64,799.9
9211d6cc-997d-4ca9-949c-0766ffb88ef4,2022-01-09,East,Technology,393.06,65.88
05d86c95-f20b-4199-a8a5-7ee7bb6e0d06,2021-08-28,West,Technology,212.74,56.52
2a9d0c6a-3ffc-4e13-9c1c-ac23533487f7,2021-02-15,South,Technology,1823.13,595.36
af326af5-78cf-436a-a020-72d991be0c2a,2023-10-27,West,Furniture,1642.81,547.15
05d0f23a-5ecb-4693-b3ac-2f5e1749939d,2022-12-17,East,Office Supplies,1522.47,450.4
ca359116-e22d-4fbb-99f1-9675be32fa85,2023-01-05,West,Office Supplies,107.04,102.2
82e6e14d-8d53-4190-a3ab-bef5a7742626,2022-07-21,West,Technology,1689.02,-78.88
e9c7eb29-d9ad-49e0-b16a-8466dd0a4a6e,2023-03-26,West,Office Supplies,881.71,291.35
b91a7793-5e7a-4fce-b530-57b9295026e5,2023-01-02,South,Technology,691.37,639.09
78e00f78-2cda-40b2-bd43-c4fedfe91357,2021-01-08,Central,Technology,1097.49,648.91
33252134-ebdf-4eb4-b679-9210efe87716,2023-02-28,South,Office Supplies,191.79,-358.95
109792a4-4b00-4cfc-a1f5-5aa5529e0da0,2023-08-04,South,Technology,1515.73,56.86
93ddbda1-34fe-4da8-87e8-6429e4fa6417,2022-03-28,Central,Furniture,1169.05,104.14
af051197-3ebb-45f1-b58d-aaee760fdd95,2022-01-14,East,Technology,381.31,770.9
3dec163c-fd5d-4a42-b193-41779a6e868d,2021-09-05,West,Technology,384.58,381.4
761eb7e3-f909-446c-ad47-de92cbf80a9f,2023-10-08,East,Technology,376.65,29.42
cdbe6de6-1c74-4dfd-a431-6e6c800e1610,2022-09-27,East,Furniture,123.43,-466.12
df40fe04-54cd-47b4-967f-017d9aa03078,2023-08-06,East,Technology,1179.72,235.0
3eaf5f08-28c5-41e3-a8ac-4518eb8f54d8,2023-05-22,West,Technology,1682.29,-375.1
11e12ee9-f664-42b9-b8d8-061976538a69,2021-12-06,Central,Technology,44.82,584.78
ae991937-0846-4aa4-bfa4-cfdd01c31adc,2023-10-18,South,Furniture,107.52,478.27
850f7bdc-ddf7-4263-a806-5678ad478200,2023-10-05,West,Furniture,1149.81,98.66
62a40afe-dcb7-4b1f-b85f-a1adfedb5a32,2022-01-27,East,Technology,1640.8,57.97
f5239f95-6ac6-4272-8875-7d0612037b06,2022-04-13,Central,Office Supplies,660.21,666.54
898f3586-b74a-4db6-a223-afc0429146ca,2022-01-14,West,Technology,705.73,-125.0
9b62d6d2-c6cf-47bf-b73e-54c31ef8aca7,2022-10-31,West,Office Supplies,1196.73,-176.27
b6fac9b9-88bf-4b11-bd3c-c9e3a5a7a595,2023-07-17,South,Furniture,555.68,720.96
d3e7acd9-7b16-4453-b042-eb9e061285a7,2023-12-09,East,Technology,62.95,552.02
cfc91b52-4aff-40a0-8f4e-2726b9dd378e,2022-06-08,South,Technology,1473.1,566.81
b9a3773d-d283-4904-940b-f9dc65fd5412,2023-04-12,East,Furniture,1255.04,-246.25
664101fa-5d06-47cc-8a37-4f43c4cd8e19,2021-02-19,East,Office Supplies,1165.7,-313.72
a117b864-82f5-4390-ad69-6cb3b774b61d,2022-07-08,East,Furniture,1485.95,-466.16
c99496ab-6db7-4a7e-b0a6-d78ba64e2384,2021-02-06,South,Office Supplies,1353.71,-191.85
d8d99ad8-255f-40b9-9a87-09bd1fc23099,2022-04-20,South,Office Supplies,419.71,506.45
946e8ec2-d342-4e50-8208-62274333240a,2022-05-11,East,Office Supplies,711.44,-187.95
b8d49cf2-1c9d-4bd3-8aa7-8357c0ea7a67,2021-04-03,Central,Technology,260.96,447.83
a812cf1b-69b3-4bf2-9dd0-9e342b4088da,2022-07-16,West,Technology,268.42,-172.52
3e39bf9b-e9b8-43ea-a456-d76756ff66fd,2021-02-19,Central,Furniture,1355.63,13.88
43b6c6ef-35c8-4133-bb8b-1581cba95e23,2023-07-15,South,Furniture,1718.61,778.11
b197603c-a45c-4178-947c-903018dd3aea,2021-09-29,West,Technology,1925.84,-181.74
b58674b5-e631-49ee-b54f-595f12f638e6,2023-04-07,West,Office Supplies,1260.41,-10.72
c1c97ab6-3ea6-45f6-80a4-00887dd7fc59,2022-02-23,Central,Furniture,376.36,-108.59
b06f0681-4b98-42c5-97aa-5681428f54aa,2022-09-15,West,Office Supplies,220.24,-357.49
734bda19-c991-46cc-94a6-368b71d60744,2022-12-21,Central,Office Supplies,1627.57,136.86
4679fe6e-9177-4972-8207-291eb3167953,2021-09-14,West,Technology,1161.73,-7.7
23d86a4f-c2e6-4c05-8926-8f85982c7129,2021-01-13,West,Technology,1240.39,403.35
06a4093b-49d6-43b1-8593-53fa25e4e633,2021-03-21,East,Furniture,1565.11,562.87
90441ec6-5ef0-495e-a152-dc3a3894de06,2022-12-13,East,Office Supplies,1409.52,207.52
4e8172da-4a8d-4853-b6bb-cd585cdb7eda,2021-11-03,South,Technology,1670.57,-458.14
9150d9b2-2886-425e-b741-12a5f1dde1f6,2022-03-12,South,Technology,121.87,304.6
b68c55b2-79ac-446d-8e03-87ada246ea52,2021-09-25,East,Furniture,1497.57,-427.99
278976c9-4b7d-4b08-ac5b-fe79709ad1ab,2023-07-27,South,Technology,1703.2,301.26
20e8dae1-b1f0-4d9b-8e21-7fb3be654bf9,2021-11-01,East,Technology,579.41,390.54
dbf11941-4ad6-43d0-9b81-ce242582bca6,2023-06-01,East,Furniture,1284.49,-242.9
3a58d606-a302-4b2f-81de-ca4c625cade5,2021-03-12,East,Technology,635.18,565.15
954e95fb-362f-4bc2-99d5-d66c072b50ed,2023-12-19,West,Technology,1916.36,684.41
0316cde5-9590-4901-a5fb-24214d8e8fdb,2022-12-28,South,Office Supplies,76.51,557.01
82330e6e-b89c-46e9-9d39-b50542696d14,2022-11-26,Central,Office Supplies,1163.79,-103.36
844e2e8b-ff01-4ec6-9ec7-8f9ebed64914,2021-12-20,South,Technology,341.34,262.64
e666a9b4-9e53-44dc-ba1a-fd6767e56f19,2023-02-01,East,Furniture,1427.32,689.26
a4d37418-581e-40ef-b8ef-6c712b9fff6a,2021-08-09,South,Furniture,360.02,-83.14
8047c7e1-da44-4e00-964e-81dd27e78bba,2023-07-06,South,Office Supplies,478.41,566.04
60c336eb-5fd6-49e6-85f9-70f75075b7d1,2022-05-04,Central,Technology,993.8,-487.68
a5fc00b5-7c39-415f-ad13-bac8dd8b6c69,2022-02-23,East,Office Supplies,1830.52,-495.26
7b67caba-8675-4c71-9eeb-96012b4b8171,2023-09-14,South,Office Supplies,431.31,487.63
613f50db-e5aa-4c5a-bbe7-52062ce62f9f,2022-06-21,East,Furniture,297.04,489.88
1093a05b-f26b-4379-ab32-dc3a03a4bf4b,2023-11-03,West,Technology,1520.36,525.67
34d88c51-4f2e-43eb-b98e-249757a55d1a,2023-09-04,Central,Furniture,1006.23,709.03
9bcfe969-473f-4005-a66c-3392396c6135,2023-12-02,South,Technology,1824.45,-346.72
1e9d8b00-ca0d-408e-ba90-2275c72bf2e8,2021-01-08,South,Furniture,301.76,-198.42
7fb0b7b6-5b43-4e1a-b26a-cdeaa6662e73,2022-01-11,East,Furniture,1295.4,674.84
a37dafca-e9a6-4f13-91c4-b8c675961b93,2023-05-24,Central,Furniture,473.43,-269.59
bf0aabdf-d708-4dc7-831f-9724e80368e2,2021-02-14,Central,Technology,321.95,386.9
c9a5c042-c878-4b08-91a3-3332d882ce3c,2021-04-09,South,Office Supplies,1370.02,189.6
bdcaf089-3a76-4ae2-a5ec-276c862c9e66,2022-10-18,South,Technology,1191.43,-391.85
08683cbf-aa0b-4687-9d12-4a2233d9014f,2021-08-02,West,Furniture,1512.11,-129.16
f3b81fe4-194d-4447-a05b-e2306603854f,2022-06-05,West,Furniture,625.83,176.48
457f4a84-1133-4ed4-81e6-0c4c545b19ba,2023-05-19,Central,Technology,901.46,608.06
d8bb254c-88e5-413a-b62f-197d8da40d27,2022-06-30,Central,Office Supplies,816.89,419.8
1456a858-df63-4cb2-89a8-9d04bdc313b8,2021-06-20,East,Furniture,1968.34,308.45
725687c2-0e54-4d51-8c44-5778f86e92d6,2022-07-05,East,Technology,591.58,144.84
3ea426b8-3f7b-46ec-85df-f8e291136499,2021-03-01,Central,Office Supplies,596.69,-111.71
2ec46bfe-bd4b-49cd-8c19-e0ac418df073,2023-11-18,South,Technology,715.55,-344.98
db869a02-a69b-4d21-afb3-8c42b0901da2,2021-07-26,West,Technology,1133.54,31.8
b7a63ca5-b08c-447d-ba74-7c443ebe066c,2023-12-07,South,Technology,512.12,-462.93
fab87bb6-0a4c-4231-ad6c-18d074c0bea3,2023-12-20,East,Furniture,1831.43,-225.63
4708b42e-8d4e-46c5-8409-10e29bf072e7,2023-09-16,Central,Technology,538.71,62.23
bbbbfd67-30a4-44b0-be3c-7c84176350f5,2021-01-08,South,Office Supplies,1792.67,44.19
e7f8daa8-104c-4b6e-aadf-1b58d4a84169,2022-04-11,Central,Technology,215.92,-442.42
4d81bc5e-85c6-4764-a1ee-ba3de733c344,2022-06-18,East,Office Supplies,1316.56,265.78
3e72e402-3a43-47a1-b52d-ed780f94db38,2021-02-05,South,Furniture,1814.9,214.59
7a2f2c57-94ce-43b7-82fd-7e2d95eef403,2023-10-20,Central,Technology,345.81,-398.46
e1b33498-8974-4baf-9928-3cfc76da7bc3,2021-10-15,Central,Furniture,1936.97,726.11
ca3e7f3a-51a0-433c-8d13-c33bc80aa7cf,2023-05-24,South,Furniture,911.24,-370.8
7a71ce7b-3248-4699-92b3-b3eba247a4f5,2021-05-27,South,Office Supplies,1891.97,611.28
79dd7b95-1558-4c6d-b120-3b7a1dcccf24,2022-04-30,East,Office Supplies,1356.87,-499.6
96e15645-8ad8-4f05-9991-77b932888f78,2021-11-22,East,Technology,610.16,646.97
4cca3dda-7cbb-4627-9929-c7c73709d7d3,2022-06-18,South,Technology,384.72,-474.36
6e047758-94eb-4ddd-8275-4eca91bf903d,2021-12-19,West,Furniture,614.43,485.16
b850b440-1c8c-4498-a7ad-595bdc739cbc,2021-04-11,South,Technology,195.1,-29.8
a48339f7-c703-4a4c-b150-f94fe2f2cf57,2021-08-05,West,Technology,296.3,459.68
a28af08d-ce46-4bf3-96c4-9c4431de54f6,2022-12-22,South,Office Supplies,218.27,22.27
fe034a0e-74cd-473b-816b-44e19d4a305f,2023-07-16,South,Technology,851.66,-407.82
683c3806-c12a-4c55-8072-8ad4002072c6,2022-02-16,West,Furniture,1593.2,497.76
a1919e12-7e1b-4edf-854f-6d2d99f2587c,2023-11-29,East,Technology,291.35,-407.37
7bb8373c-81dd-43ea-9421-b62c2d31317c,2023-12-03,East,Furniture,269.34,698.76
a5310be0-f391-4a36-88a4-36ae83a2a06f,2023-11-11,East,Office Supplies,1290.42,-433.73
883d9b03-de04-4086-83a2-9acd4cb50736,2023-11-30,South,Technology,402.39,123.12
ad8716e1-4679-4c1e-9755-19cd3fbfe7eb,2021-12-28,West,Technology,204.24,439.94
a03c67ff-4f0d-47bc-80c8-b0838faf04ba,2021-12-14,East,Office Supplies,342.03,11.22
c1b156bd-fa2b-4df7-9c89-4d3970a6b5fc,2023-02-03,East,Office Supplies,1848.23,-217.6
01ab1df1-7cd2-4263-aea3-5df6f2193325,2023-08-22,South,Furniture,1644.73,486.82
8271bbba-f96f-4a1b-a4b3-b66b51b795ed,2022-05-29,South,Office Supplies,714.59,519.58
2dc58521-29c2-41f9-beeb-f53978731a4e,2021-10-20,South,Furniture,1315.08,699.5
ac482af2-6e98-4798-82ac-0d6d10c88179,2021-05-03,East,Technology,1079.18,-10.99
dcadfda8-ece0-47bb-9835-9b4b4dfcf384,2021-06-06,East,Furniture,1357.48,158.13
afdc8a51-a34c-4c78-97a9-9ae771757228,2021-06-23,East,Office Supplies,1368.52,-27.93
318f7980-2ec2-45a6-9293-23e289e10a5a,2021-08-09,Central,Furniture,1261.18,-165.79
3b576da7-c34a-4fa6-9bd4-87bbc75ee63d,2022-01-07,South,Furniture,539.54,476.34
4e2da257-8074-41ed-8ea4-ae7336955a61,2023-10-18,Central,Office Supplies,87.62,-58.45
78ccd788-87c8-4346-8434-228151ec8f30,2022-07-02,East,Office Supplies,916.58,56.59
ed7403c6-4cd0-432e-af4b-88ff1a58c6ae,2023-06-14,West,Technology,1783.04,24.78
ac00cd5e-922d-4ba6-b5d5-b1199c09f0fe,2021-02-15,South,Furniture,1143.3,426.46
31209ff4-2809-46a9-92e2-4a8e2793b627,2022-03-03,South,Furniture,1666.46,693.13
2bf998ad-c92a-4b0c-a56f-fbd8c4329e78,2021-09-17,East,Technology,1983.33,366.78
a99f8c03-9c31-4930-a86e-f693da341653,2022-09-16,Central,Technology,335.6,113.06
84372286-f4ea-4fa5-935f-d8d22839d888,2022-07-11,Central,Technology,1386.64,512.97
9860f848-a74b-4973-b949-54dbfb2cef68,2021-10-14,South,Furniture,1351.84,333.26
b9f9d376-c79e-449b-aaba-8f0cc9eb6e3c,2022-12-17,East,Furniture,1960.11,-421.21
434a7e17-eece-45b3-ba8d-a12744f64bef,2022-02-15,West,Furniture,1971.35,-375.64
d59dcbfa-db32-4207-af30-3fd078d3ca66,2021-08-20,West,Furniture,1376.49,-450.71
4e653eee-251d-464e-9eec-2af44db9eacb,2023-05-07,South,Technology,494.79,93.86
d4488069-5a9b-43f8-ba09-a484556ed0d1,2022-11-06,East,Office Supplies,1599.13,573.61
4eda31cc-7320-4e30-90ba-8eddbec6573b,2023-11-16,South,Furniture,222.99,-92.99
c33ffef7-64bf-4e8c-9033-89b46ce052ef,2022-08-14,West,Furniture,1563.59,-0.59
f0a30219-c321-4788-8173-c12e6ac89d70,2021-10-12,East,Furniture,1821.29,682.32
68a650ce-f7fb-48d5-8e28-a0886771dc17,2023-11-04,West,Furniture,771.84,587.97
23d2789d-ce2c-4739-a552-abc65a86503a,2022-06-19,South,Office Supplies,1264.96,364.56
46327360-c45d-4c03-b4f6-b97ef998aaa1,2021-06-22,West,Office Supplies,865.98,-153.16
33c43cd1-b44f-4e12-918b-621e04fc9dd0,2023-12-11,Central,Furniture,881.15,-347.85
418495a4-b777-4cb9-a97c-696b356766ec,2021-03-21,South,Technology,627.64,-479.12
060fd3b6-5f9c-41f0-9522-1c404b77cf1c,2023-03-25,East,Office Supplies,1526.64,-360.89
61e561bb-ca79-4b30-ad70-881b52647c6f,2022-07-19,West,Technology,1872.99,-119.62
bd303739-8f5a-4787-8edd-8e22536019db,2023-02-10,West,Office Supplies,1882.09,217.33
9e1823a2-3708-4b7f-8c27-4beb330f4bae,2021-12-14,South,Furniture,357.81,-416.8
462270cb-db3d-419b-b0aa-999280c0e667,2023-04-02,East,Office Supplies,1750.74,-322.9
2911268f-3e3e-47b3-930d-a4761b5982d2,2021-10-26,East,Office Supplies,1477.49,-264.6
f105c2d8-7acc-4c3b-b90c-a4475352db34,2023-05-11,South,Technology,513.15,321.58
f3b93ebe-7849-43ff-97ca-eef5b8a4c19f,2023-11-18,East,Technology,143.9,300.53
c7fe8dee-0bc6-471b-b25b-76a6f89c2ef6,2022-06-28,East,Technology,543.31,216.0
f5b0fa1c-b013-4951-a3db-2b6da8cfa238,2022-06-26,Central,Office Supplies,1825.29,-174.35
3ff5ea79-7cae-4dfe-b4dc-70c6e8acd757,2022-03-31,East,Furniture,1270.03,-17.54
960b9746-9b51-4232-bca7-644d47b76d17,2022-06-16,Central,Technology,1444.9,-374.3
0e5d8626-19f7-4775-8f2f-633b60013e38,2021-05-05,Central,Technology,521.73,-205.6
89b3889d-46aa-4714-97ba-a888a3beb445,2022-02-08,East,Office Supplies,1441.58,667.02
48c3a59d-ec71-42e7-b028-eb2d5e9432d6,2023-09-09,East,Technology,65.96,773.6
e17f5e53-2260-4be8-b8ca-903b1c6c8382,2022-11-02,East,Furniture,756.89,341.96
fa286316-5315-4a23-92f0-ed7dbff49c48,2021-03-05,Central,Technology,1257.24,691.87
d30606ae-69ed-4072-bb81-c774c67651b3,2023-07-27,South,Technology,300.73,335.56
96fdad96-2681-45bb-9fbb-3a4326da916c,2023-08-31,South,Office Supplies,1647.78,-456.84
8fd48278-3332-43ab-92f7-70724c81cd72,2021-05-06,South,Furniture,477.71,795.79
53ed75f6-3ec7-4cca-b031-e2cd1687819b,2023-06-28,South,Office Supplies,1308.04,-371.36
a9230810-c346-44f9-8bed-0104929ea405,2021-12-27,West,Furniture,816.34,387.43
d13b3a4d-87f1-4ab5-8e82-373e42be7d36,2022-05-19,East,Technology,1196.13,-171.31
23f5aea6-0598-4489-b087-ab0e4a9a75f0,2021-05-26,Central,Office Supplies,223.83,9.58
dee7dad7-1168-4433-8518-8d4dc5a8646c,2021-05-02,West,Office Supplies,43.66,339.71
bd32ebda-b61e-4c80-b302-225ec930c9f3,2023-01-11,South,Office Supplies,1820.03,67.43
5c798b20-da7a-4b4f-b50b-1168505fc360,2023-10-31,South,Furniture,546.56,-174.29
bf4d4bd8-7222-4838-85cf-dce6e7b4dcd3,2022-04-18,Central,Furniture,1641.16,-65.22
523e901f-2f23-4d0c-b6fd-f910e2742d5c,2022-06-19,East,Office Supplies,1998.71,-55.99
5cb9635c-75f7-4b07-ba49-62d177e43d33,2022-07-10,South,Technology,430.75,747.12
f8b03457-ad7b-43c5-b2f0-b15c554047fe,2022-05-01,West,Furniture,537.69,538.2
9a86a2f5-415f-4099-824f-8429b43d4bf9,2023-11-29,Central,Furniture,1329.09,96.11
23e8bb05-05ec-447e-aec4-32d0bf660225,2021-12-08,South,Technology,1931.24,-240.23
6d658f44-6928-4f38-a469-db2c1e8343bf,2023-12-06,Central,Technology,1832.47,554.32
cc5015cf-7c81-4d5a-8e5a-43726574708d,2022-12-06,South,Furniture,1010.72,-295.66
0f6eed31-8745-4d05-94e8-9dd00c4bc3d2,2023-12-22,Central,Office Supplies,1592.27,-226.4
5f9c041d-8323-44b5-bd59-3fa4e9b9339e,2021-02-18,Central,Office Supplies,280.13,-24.18
fee33607-6fec-4ac2-90d2-abfe0425c430,2022-10-12,East,Furniture,1955.1,644.45
df823a94-8114-4235-b5b4-aee10836a865,2021-07-30,West,Office Supplies,1929.06,-328.68
89ef698a-ca46-439f-93ba-dc3ecc5bf684,2023-01-07,East,Technology,335.82,-341.1
5570cefc-9327-4b56-885b-841f7df45531,2021-10-17,West,Office Supplies,605.85,142.17
135769cb-bc03-4aa7-912e-1621a266530e,2023-04-25,East,Office Supplies,209.31,-140.67
8eec22a4-f966-49c2-9796-b7b190b7f26f,2021-06-17,Central,Office Supplies,550.72,239.35
28815cd9-8821-4541-9cc1-fb5ec7d4a10f,2022-10-08,East,Office Supplies,1633.75,87.13
d9fafbb9-d8a7-42cb-8374-c273cc707551,2022-12-09,Central,Office Supplies,762.85,65.45
77ec2100-ec28-417a-92ec-c3bd16757d7e,2021-11-07,Central,Furniture,185.91,-354.44
30de0010-fe31-4408-a671-cd819c2b05eb,2022-01-20,West,Technology,691.03,-316.64
af178dbb-c461-4ac1-92b5-9aa4c07d0001,2022-11-19,East,Technology,1962.95,567.4
77391bee-46e0-4e7d-9158-71366e528655,2022-01-24,East,Furniture,1263.07,651.65
fe8db353-e16b-4b8c-a3ac-d21a7387a600,2022-08-22,South,Office Supplies,838.16,-194.91
5497062b-a683-4a72-a6f6-ed64bd2af2c4,2021-05-29,Central,Office Supplies,341.41,-352.5
9341dd73-a5d8-4541-ae82-2ce612b1d17e,2021-08-07,West,Office Supplies,1972.49,-430.56
c7f7040b-8718-4322-b43c-6de656fdc504,2021-05-15,East,Furniture,1643.49,290.79
f2d1235d-d1f9-4f96-bd4d-28c8b14d53b0,2023-11-04,Central,Office Supplies,570.14,429.96
66c67afa-057f-41df-a3af-85416eb194b8,2022-05-09,East,Office Supplies,149.44,-15.35
9faa2180-01a0-49a2-8b37-617d932204fb,2023-01-09,South,Office Supplies,122.68,383.58
022f8a47-04d4-45db-a3d3-997fd4066625,2022-08-05,Central,Office Supplies,249.55,426.85
2686d5c6-6d59-4de7-9287-c72e39a8ab5e,2022-10-20,East,Technology,1165.73,715.94
9599b267-390f-416d-9b06-f07242442fce,2021-09-17,South,Office Supplies,1858.24,-415.66
8849066e-539d-4223-848d-276cacae8af8,2022-10-23,South,Technology,998.52,-250.02
3348eda0-aa57-46e4-a753-297e752f524f,2022-02-04,West,Furniture,1687.46,-410.92
ece42aa5-930e-4549-924f-7225c519fd78,2021-06-07,Central,Office Supplies,897.31,628.39
b703fa9f-e15c-4c37-a4ab-9bae5aca08f9,2021-09-27,East,Technology,1420.08,530.36
30584d20-2711-4b60-93ac-d71bde03a536,2022-10-22,South,Office Supplies,1466.43,247.03
4ef8a787-34c5-4d5b-a5f5-ed6fc5e2cdcc,2021-02-14,South,Office Supplies,356.19,-391.24
888e58e7-06b6-45f4-99d4-5a552e7c77b0,2023-03-09,Central,Office Supplies,728.82,-144.69
0a199083-d83e-462a-b1ca-680c9a178669,2022-02-05,West,Office Supplies,1278.23,-112.96
5938949e-8a42-4ff0-a098-4689c78ae6ce,2023-03-28,East,Office Supplies,150.69,228.97
dedcc2ff-53d4-4caf-91bb-797af464a31f,2021-07-04,East,Office Supplies,729.46,-164.54
a87da2af-3ae8-460a-adaf-ea5450b9e04a,2023-03-06,West,Furniture,1074.25,-405.15
29cd4d5c-4d8c-49c6-b3a2-b47b35746477,2023-10-15,East,Furniture,1992.49,449.99
3ba4807e-4565-4d2d-bdb2-69e56c9dda26,2022-11-18,Central,Technology,954.32,-111.2
c5b86c82-379c-441a-ab7d-2448efb18149,2022-09-02,East,Office Supplies,1633.95,88.09
e0acdb75-2326-43d0-86fc-e65a5af7dfe2,2021-09-06,East,Office Supplies,869.81,-334.03
1f8424bd-708c-4f1a-b1c3-5294e61cf9a3,2021-01-22,South,Technology,1594.82,543.31
06822e13-6007-47be-b2b1-068ad58b5423,2023-07-05,West,Office Supplies,1194.88,235.19
daac1277-be73-41e9-9e16-a0ea71a6de48,2023-08-24,West,Furniture,1774.32,672.06
0c994ec1-6162-4af8-b565-c8a2bd6aec56,2021-04-02,West,Technology,827.78,144.11
32d9ec3e-6630-4af8-b044-9b5172624be8,2022-10-21,East,Office Supplies,1212.57,723.85
97187943-6168-44a8-855f-30a134a450e3,2023-06-07,Central,Furniture,1263.74,659.43
f8205c5f-17c5-42e0-9fe9-048dd08308b0,2021-12-30,East,Office Supplies,840.59,249.4
940bb34d-e9cc-4dab-81b7-4f352cd3248d,2021-05-11,South,Technology,297.18,714.06
29b2b32c-1f27-4a2c-8439-1819b97a08ba,2023-07-27,East,Technology,196.18,-79.98
f0d1701b-1ecf-4d89-b5aa-d597c1b0f44b,2022-11-02,East,Technology,43.18,-24.67
5bbf785b-9ad7-4864-bd9a-b6d97d3635b9,2022-01-09,South,Technology,1748.33,-440.88
6a45d1e9-511f-4533-becf-c0dbbfeb32a4,2021-02-01,Central,Furniture,480.59,265.96
173e13d9-fc32-4db4-b5d8-053130e423e1,2021-12-31,East,Office Supplies,430.9,438.5
7a5cd426-5c1f-4f7b-81c4-dda8ccbf1dfe,2023-08-19,South,Technology,1474.71,505.57
f1e4c27a-1cab-47e2-823c-794a415a53c1,2023-07-18,South,Furniture,646.83,-305.24
614996d1-01db-40b4-8422-1bf274faebdd,2022-06-06,South,Furniture,1017.03,77.41
f6295eb4-667a-4b91-ab86-08d1cdac6327,2021-04-25,East,Technology,333.4,-270.08
5c42adcf-5acc-416d-999d-ed5edb84aa96,2022-11-09,South,Office Supplies,1919.89,360.77
10b7de33-d627-424e-8f5a-f64ef21b7a7f,2023-02-07,West,Office Supplies,1704.65,-294.67
a6e997ae-d909-4489-b229-29b66f246189,2021-04-03,East,Technology,1728.94,675.41
b382c1ae-ffec-44eb-bab7-42a14cfa4f8a,2022-04-28,South,Technology,819.48,-200.17
cf674365-a4c1-4966-a682-c0fb159e9c9f,2022-06-06,South,Office Supplies,1527.1,-121.18
040ebf47-78ab-4513-a03d-b91863c279aa,2021-02-20,South,Office Supplies,296.31,606.18
bac8f92f-4653-4bd3-b6d8-11eff388fef7,2022-05-28,West,Office Supplies,27.15,96.01
0b9d55cd-52c1-4256-a5b7-7f49a5b95c1a,2023-08-15,West,Office Supplies,49.75,-468.81
2d675be3-3fbe-4756-98f0-2d4124074330,2023-07-06,East,Office Supplies,1177.34,142.96
84c469b1-20c1-4845-825f-c70f90884400,2023-04-19,East,Technology,916.24,-390.09
7845a524-b1f0-4f04-a3e5-7b5027dfc6e0,2021-08-10,South,Technology,1040.85,780.95
98a0db61-0fa9-4695-89fb-4d4bc3254bc3,2021-07-14,Central,Technology,24.85,264.55
bd66c203-ddc8-4a37-b5b7-215ecd68cb39,2023-11-18,Central,Office Supplies,851.15,-166.51
9e181620-5f27-4ee1-8b07-9752a93429ae,2023-12-30,South,Furniture,1438.96,232.83
6b5341c0-2850-4932-92c0-8ee46a35567d,2022-10-13,East,Furniture,890.96,-400.07
84c2f2c4-efb0-4e3b-acb5-0ab92c23b779,2022-11-16,West,Furniture,1467.12,539.86
cf35fdb9-bdf1-4708-a6c0-df52f71de9c5,2021-12-20,East,Furniture,473.71,702.93
5d7518d4-2e7e-4cef-ab2d-d056cf711c2c,2023-11-18,East,Technology,1628.15,636.78
c95bc917-1c01-460c-acc9-d15ae10b3781,2021-06-05,South,Furniture,1180.98,-55.72
343e623f-7f5f-4a4f-87ac-c717299152e6,2021-09-27,Central,Furniture,429.42,-76.5
5f88fe99-a014-4ab9-a755-e34c4e5a4392,2021-12-01,Central,Furniture,481.07,-454.39
9f35ba40-43e2-4caf-9767-a0d7e8b2f81a,2022-03-12,South,Technology,1259.78,346.82
069ccc0a-c884-4f88-874a-588f5231d2a5,2021-12-22,Central,Office Supplies,1661.58,195.38
7872d73f-e389-4caf-874b-927e54e28fa6,2023-04-05,South,Furniture,837.1,97.15
24f384ef-df3d-4d65-bc25-bce108c2d2ce,2023-05-14,Central,Technology,524.02,679.92
8a1b0744-0be7-4352-a85c-0862e9e02d8d,2023-04-05,West,Furniture,1735.35,-281.76
b8f73fad-9937-4931-8333-59b960857b5f,2021-03-01,South,Furniture,1341.84,-487.43
19a12723-287d-4f8e-ab74-18988673cf07,2022-04-25,South,Technology,901.69,-404.69
3902d8a7-e5ae-488f-9942-339503d301cf,2023-02-19,South,Technology,980.92,-209.62
10fab909-fcfa-4e61-ab7d-71bc17956e87,2022-06-19,South,Furniture,416.47,-456.73
76e51a12-79c6-4757-b7fe-b7351cc6f0a0,2021-05-21,South,Office Supplies,1257.34,153.7
e5ecb9dc-db2c-44c0-aa42-79c3fbbe0e9d,2023-10-19,West,Furniture,723.9,-91.68
db5ed35a-2268-445f-b0bf-17838966f42b,2022-03-30,Central,Office Supplies,1991.33,-265.37
002f4aee-a308-41ea-8f36-7c1b9a6ff965,2023-10-08,South,Furniture,965.57,475.11
e648d7ae-7830-4c6c-b9eb-17974fb9ef37,2021-08-25,West,Furniture,976.91,-234.21
52a80809-20d1-4fc0-81c1-aee2e7235658,2021-03-30,East,Office Supplies,1136.05,393.89
f4f7bfdc-5d96-4459-8a3c-8743a80824f2,2021-08-14,Central,Technology,1834.34,-45.96
18ad8eeb-b760-4067-ab1e-5b379d15844d,2022-07-28,South,Office Supplies,1603.63,165.38
d4c2459b-bfac-4af7-be28-40a17a506f60,2023-08-03,East,Furniture,907.75,714.03
2036971a-323f-4f19-923c-c117da1a9b09,2022-01-12,West,Office Supplies,1440.21,-451.44
ce31ce5c-213b-4241-83c5-9c143824c62b,2022-09-15,East,Furniture,1176.61,150.34
a8c1fb64-39bd-43ed-a481-2414f139dc4b,2022-04-08,West,Furniture,989.81,610.75
b79ee140-1844-4abd-be41-635f150a5643,2022-07-23,West,Furniture,392.71,264.37
9d719800-e30d-4d83-8844-cc496761f64e,2021-03-13,South,Technology,933.23,-140.07
402bf495-39e9-46ef-bff1-80d21af03c73,2023-11-22,East,Technology,499.18,16.99
4d156c62-a8cc-4e3b-bae3-438e2f43b2f0,2021-08-13,West,Technology,1830.54,384.35
764f6842-f955-4aad-b5e0-bcbf5420d149,2023-05-10,West,Furniture,677.46,658.06
8453d803-8519-469e-973d-a9cbab196705,2021-09-30,East,Office Supplies,1905.01,-446.61
44482593-e232-4c25-bcd6-2aba93c1392f,2022-01-05,Central,Furniture,1070.78,-407.0
53f42383-21b7-4e70-a647-bcfcc2886352,2021-06-16,West,Technology,1266.77,-77.43
252d3404-a944-45e0-9ff0-f8eb6c0990b6,2022-01-18,Central,Technology,1090.45,-197.39
d9caa609-ef43-4b80-bc85-630c94517f78,2022-02-01,West,Technology,267.47,-155.59
ccbdd15e-e7f0-416e-bf78-bad808c2fd6f,2021-07-25,East,Office Supplies,757.88,-212.35
cb505aa3-0c4a-4f81-a1c2-e70c629153bf,2023-01-03,West,Office Supplies,207.3,-245.43
03aa96d2-2ea2-4aec-bac2-84dd32a95261,2022-07-17,South,Furniture,1249.68,-330.19
d5db677f-08bb-429f-a277-279b2498a9f2,2022-07-31,Central,Office Supplies,899.28,714.14
65924c9f-2971-4f1f-bce2-6218cb763127,2022-11-17,Central,Technology,1558.19,-312.55
7b142917-9274-46b6-82ff-975452917b6d,2022-08-12,West,Furniture,448.74,-234.28
30104525-5809-4249-9b90-f2327bdd41b3,2022-12-26,East,Office Supplies,337.49,-179.85
f88505f9-d126-4905-9e99-3ecda0f35470,2021-10-15,Central,Office Supplies,818.6,712.92
fe2181fd-73bd-485b-a7d9-20b393c379fd,2023-07-31,Central,Furniture,1853.9,482.43
43472a28-9f0e-470b-b404-7ec736ff812d,2023-08-06,South,Furniture,1423.74,526.61
beb5ba0f-1e29-44f1-b09a-dc958bbec119,2021-04-10,Central,Furniture,843.66,-363.81
83b5ad03-c4bd-43eb-a7cc-427447808b87,2021-06-21,Central,Furniture,1039.37,587.2
ff26cb58-5656-411d-965c-978aec83c4d7,2022-05-30,South,Technology,177.58,30.65
574aa942-415a-41ff-afb2-a0d7e47ca3af,2022-03-31,East,Technology,1969.31,-158.33
c5a24d77-7cc3-4e98-9f39-7fa5ce96cc5e,2023-07-07,East,Office Supplies,1336.15,248.48
18b47298-a9ca-403d-b4d1-20248c84c302,2021-02-07,West,Office Supplies,577.95,568.84
c3659e51-57a5-43b2-9b30-ddadab02e104,2022-03-20,South,Technology,1175.76,512.25
c82e27a3-1028-4c78-834b-033d84e1f69e,2023-09-04,West,Office Supplies,227.87,657.0
068187e9-a46d-4b51-ad30-0e335d8c4fea,2022-02-06,East,Office Supplies,1932.01,706.57
1836a027-2050-4d45-8b16-f0a7f6fa16a1,2021-10-29,Central,Furniture,357.82,-190.44
d47ffd35-751a-4b9a-b99f-5c063a24de17,2021-05-13,East,Office Supplies,1299.58,51.02
b67333e0-8ceb-424f-9eca-85b31c7378e6,2023-03-21,South,Furniture,498.45,-480.98
58fde70b-df91-47d5-a055-25c64bb3e035,2021-11-12,Central,Office Supplies,1437.95,643.12
8da4f916-6fa8-4369-b3db-49d04e998b76,2023-10-02,Central,Technology,1555.87,-299.06
f75ef2cf-153d-4754-b086-424afbfbd9f9,2022-04-10,East,Furniture,1350.11,619.92
2ebfaf4c-8135-42e7-b8c0-0141ddf194d4,2022-01-22,Central,Office Supplies,1232.85,-71.8
e2b845b7-f0f5-4dc1-91ed-43ba65c65e05,2022-11-09,Central,Furniture,1786.01,-21.43
244700ca-31e3-460a-82ca-a526ffa0a1af,2023-08-14,Central,Office Supplies,166.47,-449.13
c6a22085-38cb-405e-ae3a-1f32d70b1463,2022-08-02,West,Office Supplies,668.52,-75.06
be9dd48c-bbc0-48ed-b2dc-80ee0447b659,2021-12-16,East,Office Supplies,504.09,654.87
c7a9ff30-99d6-4609-868c-10055a9b9519,2021-05-12,Central,Technology,1976.15,-466.79
87d2e18f-dc24-4f84-9019-19b726da7a1c,2021-03-01,East,Office Supplies,784.89,28.23
887cedb9-ccdd-46b3-8c07-e0e386695d31,2023-12-02,South,Furniture,1467.9,-459.18
b195fa9f-3afd-499e-8a19-de1f5cd70899,2023-10-12,West,Technology,1372.6,-17.8
2ab05af8-87e7-49e2-bf46-d9d3f2794e8b,2021-09-01,East,Technology,432.04,-275.57
ae2e7dd2-19a2-4602-a8a3-d3a35fdd67bb,2023-10-30,South,Office Supplies,485.61,-172.12
dbe38b89-a262-4fd2-a289-499e2a6716d4,2023-06-29,South,Office Supplies,569.76,640.88
ee3f0127-d7de-4f4d-b9ec-02ca9e4152f9,2023-01-22,West,Office Supplies,828.14,66.86
8a73483e-26ec-41dc-b751-68f6c0485d0b,2023-01-22,West,Technology,476.31,-144.06
6c8c4bac-9c13-4aa7-b483-6de8f1337e7d,2021-07-04,Central,Office Supplies,49.11,266.14
0c858238-4746-4fb7-b3c3-2015dbb93bf6,2023-11-20,West,Technology,1759.99,-315.26
669f9a4a-f2eb-4d5a-b819-fa11f584be73,2023-09-26,West,Technology,1931.56,-162.79
85915047-e6a5-47d0-a3c8-1fb94be730a1,2021-06-16,West,Technology,689.73,210.12
79fee842-e4cc-4065-abd7-f764f8d592a7,2022-05-14,South,Technology,683.63,-191.22
b8b758b8-22d8-408b-9269-6eeb77cf1eb6,2021-01-25,West,Office Supplies,24.11,382.87
132ab649-0017-4ca3-8ccc-5afef02a2956,2022-09-26,East,Furniture,1363.7,138.94
ab09ec62-8e46-4d8b-b555-d6ee40571cf3,2021-08-17,Central,Furniture,1652.63,503.59
bbc41107-ec4d-4550-b570-f44d4fc55e4c,2023-11-28,East,Technology,301.75,732.72
111ac671-f593-4884-980f-65609cf540d9,2023-06-28,South,Furniture,327.74,-349.45
23eaea4f-690e-4ee8-8152-caf60f29301d,2021-06-28,West,Furniture,1582.27,-64.94
2906567d-d28b-429a-bb1e-5e1324cf8629,2023-11-12,East,Office Supplies,1236.42,-84.59
f9f8f5f4-ce96-4887-b8db-37f6c3bc5ca7,2022-12-28,East,Office Supplies,99.27,-303.46
642830f3-3e12-4f2b-ba74-ed0bf36ee0b7,2023-07-29,West,Technology,1248.87,553.39
6b44312a-a565-4d41-a8d1-41dbc94bcc99,2021-07-16,West,Technology,624.75,487.84
3fa27ffd-3180-4811-9767-10d764188dde,2022-08-29,South,Furniture,743.76,129.75
39ef20ea-120e-4c83-99b4-4b98d5969658,2022-06-12,East,Office Supplies,1541.77,199.1
23f3e5c5-46b6-46ea-b2f4-f240f69e963d,2021-04-10,Central,Technology,1623.76,-422.59
b9d9c1dc-1f9b-42b4-a6c4-ce9be483f4f1,2022-12-04,Central,Office Supplies,806.71,222.16
ac1cfcfc-f1c0-46ba-95ff-7d9dbd5a0760,2021-11-28,East,Office Supplies,1894.83,528.74
2474e10f-7181-40c2-b4b1-58aa26df6494,2021-09-09,Central,Furniture,818.86,245.98
53d509af-c2b5-4c1b-8685-38bcac17cb47,2023-03-03,Central,Office Supplies,1545.95,-155.1
85475ee1-1e06-496a-a302-7b2102c1c269,2021-06-23,Central,Furniture,972.92,367.81
c58b6161-1a44-4b3b-8634-a7cd4fa83870,2022-10-26,Central,Technology,1796.09,-30.07
3b7039b0-789a-4f00-9933-ca27a0e85f89,2021-08-08,South,Furniture,1816.44,208.34
d27e5846-4c7f-4cd6-b032-97d2a911610c,2023-12-01,East,Office Supplies,183.96,133.83
9c2b4ca9-be2f-4685-8a8f-fb2c1ff71e8c,2023-08-13,South,Technology,1873.62,-4.47
e1568c60-1205-49cc-a757-59a074516c96,2021-05-10,East,Office Supplies,1652.81,434.54
b8525de3-e916-4e82-8116-8b7efa9f4841,2021-03-25,South,Office Supplies,1584.71,649.04
f311a3a1-45a8-4731-a00f-6ea257647ecf,2023-02-22,South,Office Supplies,409.81,-493.22
d685b08b-61aa-489d-8a7d-1de0fceae86b,2023-01-30,South,Technology,1612.19,713.7
a07c68c2-1ce2-4c5b-8165-53a1e4203a34,2021-12-22,South,Technology,1701.76,164.97
2b1feecd-95c1-47e6-ad08-79b4776e3a29,2023-08-19,East,Furniture,585.41,410.95
dd91cf6b-b102-4282-b5b2-e008e0516aaa,2021-08-30,East,Furniture,1905.0,612.31
4a85fbd1-c22a-4772-bcbf-f645cb61716c,2021-09-01,West,Office Supplies,109.22,107.23
16acb78e-1a61-4efe-85d8-cc0839819354,2021-06-02,East,Office Supplies,308.32,585.47
f5b127e1-9a72-4bf3-bb54-93e6ff630fac,2023-07-12,West,Technology,1079.79,-269.09
3dc559fc-5cd0-494c-9d76-3717995b2485,2023-05-05,Central,Furniture,1155.83,-293.08
7e99a2c2-aa37-44fb-9997-5545de8e7602,2022-01-18,West,Furniture,1293.85,354.71
6eb6d54b-f697-4fbb-b39b-feb6d632919d,2022-09-09,West,Technology,43.77,631.19
1aedbcfd-a357-44ea-8e80-c78a6bf2d5d9,2023-06-01,East,Furniture,1921.13,660.15
d7a29c6c-47bb-4bb0-851b-2775dd7b99a6,2021-04-28,South,Furniture,98.73,336.86
e79c797d-469f-4152-bb81-5c56b95b7efe,2022-05-16,South,Furniture,294.69,183.14
542e2e6a-8200-4972-a3e8-6f41406d7f7c,2022-11-19,East,Technology,37.89,-69.19
4051dbda-d617-42cb-aabf-1a086b6de0da,2021-12-05,East,Technology,1138.05,774.0
034f2029-1545-4b48-9b4e-279bfbab907a,2023-11-22,South,Technology,1865.21,-84.4
7c4cec7d-ce55-454e-b68d-6f3819e3b84f,2022-12-17,Central,Furniture,1335.23,467.44
38ace486-7eb6-40a9-95f5-f2ac3e247c2b,2022-11-07,South,Technology,1647.09,191.58
44087701-aa66-40ed-af0b-5b2b97514f49,2023-01-22,South,Technology,36.43,291.07
d385d453-c7ea-4fd1-bf4f-38081a9d7acc,2021-06-26,West,Furniture,1088.61,11.52
9b4cccb0-8f88-4e63-bce4-858eb5622984,2021-02-11,Central,Furniture,924.53,754.27
9b4bf636-6035-448d-90cc-7a42d660a275,2022-07-12,South,Office Supplies,1002.95,243.19
aae50490-ecdc-4b27-9ed2-1b1584db01dd,2021-08-01,South,Office Supplies,153.7,719.12
1b98a0e3-9a06-4a93-8ac7-256b61f13c8c,2023-05-28,East,Office Supplies,1372.03,-490.13
a48687d4-cb29-4e19-9694-a5279720b88f,2023-03-10,South,Furniture,1011.41,244.47
184c4178-935c-41d1-993c-5319f43e075b,2023-11-27,South,Furniture,1532.65,432.34
3d15d3ee-c397-43ae-b77b-97421e12bbed,2022-12-02,East,Technology,975.73,468.6
b5950807-ac30-411d-9482-e11e5c56e3aa,2023-01-28,West,Office Supplies,307.27,676.47
d0b66c10-6bfd-41bc-9a93-03eae75ec164,2021-01-02,West,Technology,1300.03,-494.28
0a349670-be8b-45f3-b7e1-c9a264cc7a90,2022-11-18,West,Office Supplies,353.05,-499.57
70b3e6df-c9c3-4dd8-a5a7-970558e8f1db,2023-09-27,West,Office Supplies,1746.07,113.94
dd088545-92c6-4b94-b5f3-405dda2bf1b7,2022-03-30,West,Furniture,1230.1,-461.92
6610ba20-f0b0-4031-898a-ef7285d3f3ee,2022-06-22,Central,Technology,322.84,766.89
be901a64-a0cc-4d31-8e22-efcfd02b4c3a,2023-07-14,West,Furniture,1925.05,-211.32
e8780458-ab48-406d-ae8a-457fc712cf67,2023-08-20,East,Technology,1041.55,114.46
2e44d349-9122-4311-b74e-5dff06906169,2021-05-06,Central,Furniture,155.07,-420.52
5436deb3-f229-437b-a169-d799062e5424,2022-08-03,West,Technology,1257.4,178.66
69824369-ebb1-4253-8ad2-a7ba194b3b6e,2021-11-02,East,Office Supplies,513.87,-6.06
74e5418d-baa3-40fa-8743-8e60cd4901c9,2021-03-29,South,Furniture,1609.35,-441.94
5bcc7bfb-40e6-4eed-a414-f2c5d9743ff0,2022-01-31,South,Technology,1637.47,-64.34
5a357945-5813-4496-aed9-dac5d18097f4,2022-03-02,West,Technology,1958.11,8.87
46d162d6-3faa-4fd6-b730-d07ef93c8285,2022-05-09,East,Office Supplies,1008.72,786.9
53133ea1-0c3c-400f-88a1-34aa722d8397,2021-03-21,Central,Technology,915.36,-229.75
a282bbab-fdb0-4520-b2f8-81eb754ce511,2021-01-17,South,Technology,1509.42,208.21
291c9094-cb2c-4efb-84c3-b30d435f59e6,2021-10-03,Central,Furniture,273.62,783.51
dd0d3739-c553-4b6d-8ef8-66193599fe91,2021-01-10,South,Furniture,1098.36,529.62
bd9ed3fc-5266-4d86-a5f6-21818c1a6477,2021-07-23,West,Technology,1097.03,791.38
c7ed8888-5939-4c71-80d9-863f66bcf6f0,2023-10-01,Central,Furniture,188.05,758.79
7ff5475c-d83f-4f4f-ac0b-fe69d0c29b24,2022-08-10,East,Furniture,841.79,136.4
5a0fdf61-5571-4266-96c0-2601db4d2d18,2023-03-20,West,Office Supplies,1708.04,405.29
ce1eaeb5-bd67-4ba0-89c9-c0f39dcc91b0,2022-01-15,East,Technology,1713.75,-356.42
510861bb-3a42-468f-b745-75cdd6138a1e,2023-05-21,West,Furniture,207.48,73.49
ea072198-19ee-4d26-8e4b-36aad4249390,2023-02-07,South,Office Supplies,190.53,551.72
67f3e4bf-a3b3-4be6-9726-9541b8d11a8f,2023-05-13,Central,Furniture,532.76,156.94
a3b4a240-7f48-4536-9f2e-444a501bcf44,2023-08-11,Central,Technology,1750.78,413.51
33c00b7d-61f8-43f4-81ae-35bb2faa49dd,2021-02-23,East,Furniture,266.52,469.48
7c45d65d-b517-48ef-9b21-3e3143c2181f,2021-11-27,East,Furniture,1442.79,-170.49
7011a2be-ce4f-4c66-9645-b6bb59c085a8,2022-04-27,West,Furniture,211.32,638.41
28c2783d-c138-498b-9c88-da6ee551da7a,2023-09-19,East,Office Supplies,1250.04,97.77
0413d049-52a0-428b-ab25-a58af5953b2e,2022-06-22,East,Office Supplies,718.57,-226.76
4f7ebc54-94f3-4a1b-b096-0fbb1c89fe3c,2021-03-27,Central,Office Supplies,1579.94,625.04
a46e47a2-b342-4968-8191-086be8a91aba,2021-09-22,Central,Technology,475.04,43.16
8f56fffc-c1bb-4767-8bd4-01528f7bf6c2,2023-07-13,East,Technology,1282.01,475.41
9e541d3e-65e1-4146-ad8b-62b689cb09aa,2022-05-07,East,Furniture,479.01,212.44
17e6ae99-32d8-4c29-9370-7fcbb21534f7,2023-02-21,East,Furniture,1430.18,-3.57
ea299a22-9914-457d-b62f-b6ee172dc647,2022-09-14,East,Technology,1748.62,552.84
da2a5b5f-6796-4bd9-a9c6-d4e3e07eaf26,2022-12-05,South,Furniture,262.34,259.81
5714fc0b-b744-4158-a550-e249436c3827,2022-09-09,Central,Office Supplies,1734.53,7.73
220e674e-6591-499b-9a92-9d2788676641,2021-03-15,West,Technology,1191.21,-357.52
d8528abb-1a87-4c25-a29f-1962ebd795f5,2022-01-05,South,Technology,262.95,664.08
e05ff96e-d087-4c98-bc7d-0017f4c1540b,2023-10-05,West,Furniture,860.81,-453.89
9d091856-4b3d-4578-8c69-a8cae32ffec3,2021-03-15,East,Furniture,330.11,622.14
52e6ef74-150b-41d8-b882-c32691f28485,2022-02-27,East,Office Supplies,1403.69,-32.05
d37d8533-714a-4ae0-b98e-1f36ffdb3a38,2021-01-14,South,Furniture,1520.15,331.14
27aedaae-8c48-43f4-bef3-89ba0a7016c8,2023-07-29,Central,Office Supplies,220.54,698.86
06bf79cf-4616-4d6e-be20-193baae2ad63,2021-11-16,South,Furniture,1017.22,-302.78
b1f0b429-d54f-4d02-b976-c6377e9716ad,2022-03-01,Central,Furniture,1631.1,237.04
e008e8ed-3ecf-4f0a-b80e-c19dfbb713fd,2022-09-26,Central,Furniture,1872.96,493.76
cfc01fbc-a5dc-433d-b0bb-2a0e39d02b29,2023-11-30,South,Technology,1031.9,484.86
4bfaa29e-032d-496d-a537-68573749af64,2023-12-08,South,Furniture,1901.06,183.32
db872c8f-0551-4102-b6ef-66e43e61d359,2022-12-15,South,Office Supplies,1076.02,312.16
705f052b-d682-40b4-bbb7-cc429cba7bc6,2023-11-22,Central,Furniture,794.44,484.79
ff9558a3-8d1d-482e-8e6b-24396a1e5d9a,2022-06-25,Central,Furniture,1697.92,593.34
2fa17fe6-698e-4981-b136-9512916e1089,2022-04-08,East,Furniture,991.04,490.36
664d49fa-94b5-4339-84c1-1826d910498c,2023-08-30,Central,Office Supplies,949.09,-39.79
e6ffee2a-e37b-4f84-9351-240fa093ca68,2021-04-17,South,Furniture,985.72,795.74
42f1287b-bf2d-4fcb-a319-3bf6faa855a6,2023-04-14,Central,Office Supplies,1695.1,64.85
5d2d113b-fb5e-4c15-8bfa-e8d6b4ed4d1d,2021-08-16,South,Technology,1665.56,-468.2
6e6aa3ec-4378-4e6b-8d3d-dee3cdad54f4,2022-01-08,East,Office Supplies,813.0,-28.6
ecedf328-e669-4d22-9d50-d2eb5ec74b9e,2022-10-21,West,Office Supplies,673.27,-333.88
8a55a14b-51f5-48f9-bc15-ae1fefda21b2,2023-04-22,West,Technology,988.94,-342.12
b1757e7d-f545-452a-93b8-ec305b693697,2023-02-24,West,Office Supplies,1149.82,-134.0
d3d39ff9-dc25-45f1-9258-7a1a226e1ecb,2021-05-30,Central,Office Supplies,484.29,-430.61
cba9a0f0-3f34-48a3-b3d2-c4a9fc7b427f,2021-03-11,Central,Furniture,1589.97,395.07
18bc2e3b-20f6-48d8-9436-9f5d89cc6b08,2021-04-28,East,Office Supplies,978.1,-403.81
fc4a013f-c8c2-4cfe-aadf-eef6fb2389d3,2022-01-14,Central,Furniture,674.75,-235.72
890d58e5-79c9-4246-b556-aeac81e87e90,2023-05-04,South,Office Supplies,222.57,-379.23
d387fcd8-cea8-4b7a-9ad4-ac13504089fa,2023-10-31,East,Technology,485.3,-417.88
592cfe25-b858-4203-ba52-b3839aa5bf18,2021-07-25,Central,Technology,1899.07,-151.92
f9fb722d-a51c-4d2a-b3bf-bdabb7b24f20,2022-11-25,Central,Furniture,617.15,243.47
3955b110-fc2e-4301-9232-231d8dd7b77d,2021-09-26,West,Office Supplies,346.03,754.09
d62c4be4-9302-45dc-84e5-eddd771d030f,2021-04-22,South,Office Supplies,926.74,638.22
70184f95-9e6a-40fa-b5d2-36e30d9e9c48,2021-03-17,West,Technology,621.1,638.71
108d692f-6fa9-457c-974f-e6687f441add,2022-05-03,South,Furniture,79.97,-271.11
05a95733-2bdd-4419-beec-0074f4028e77,2021-06-05,South,Technology,653.06,-155.62
a6789753-8f1a-4d4a-b2ce-d11f8f59748b,2022-01-14,South,Furniture,1092.78,-400.69
7a0430c4-58fc-4448-a555-e0870ebb51ae,2022-01-15,Central,Furniture,1107.91,512.01
1053adba-25db-48d1-b4d0-aaeade19893e,2022-03-13,West,Technology,719.55,-409.24
f46976af-10be-43e8-9aba-c34bae9802fa,2022-08-07,Central,Office Supplies,900.13,223.7
4083dcf3-91db-4fbc-86ad-dbe7b807c910,2021-04-04,West,Office Supplies,1931.38,-177.76
070f48c2-ba4e-432f-a582-eba2f2859a73,2021-06-06,West,Furniture,760.92,-183.52
6e4ae071-7da5-4648-9905-6421b6af49df,2023-04-28,South,Office Supplies,523.87,787.94
2223ab94-f157-4169-83ad-6ffdb4479e70,2022-04-28,Central,Office Supplies,494.5,483.81
a96bc761-3717-4e45-a570-6108fc78090e,2021-09-06,South,Technology,920.95,588.02
b27c1721-89d4-4ce2-8f50-b59873bd980f,2021-08-20,South,Technology,1521.45,243.58
3b895644-549d-43b5-8dfe-448cacb70476,2021-01-05,West,Technology,419.92,632.32
82095583-e03f-4c17-8c65-037491e22c1e,2021-06-03,East,Office Supplies,1421.5,339.14
c42c40ce-24ec-455d-a83a-755ef23e9b0b,2022-01-01,East,Technology,52.09,730.03
963d4606-ae6b-49de-baec-fb4c8a240d57,2023-04-12,West,Technology,843.68,-134.26
f88c2664-01bc-475c-9cdc-23fc50805bbf,2023-10-19,East,Furniture,1553.97,273.92
c124b471-b64d-458c-8d8f-808d9c0e6192,2023-04-30,Central,Furniture,684.08,397.17
c64d8e70-1ea3-41e2-9662-f8835bbccb30,2021-09-20,West,Office Supplies,1131.84,10.82
1049f904-9d25-4dc4-922d-ef06fa33dca5,2022-07-16,South,Furniture,417.91,643.62
2944e059-bafa-44da-a9e8-fe2a879f22eb,2022-01-02,South,Office Supplies,1486.57,773.74
fad2fd69-3fb1-4376-b1d2-8c69bb88cfe7,2021-09-28,South,Furniture,114.04,141.9
fd55c844-c242-47c5-8613-71c199fd92a4,2021-02-18,South,Technology,1706.56,7.83
078c7f1d-2e65-4eb1-95f3-04a02de94792,2023-05-05,South,Office Supplies,404.41,113.52
ba89eda3-7eb6-4f51-adc7-8d7ba63f89b5,2021-11-03,East,Furniture,1750.05,608.56
181af69a-16cf-4211-94f0-327b1e978ef7,2023-12-01,East,Technology,711.53,339.11
b3700e92-92f1-4a69-a74f-6635f236b2ee,2021-04-30,South,Furniture,1448.14,-441.8
ce0ed735-632f-4f79-af73-4c45f2f39f61,2023-11-11,East,Furniture,645.26,204.82
7972c629-b248-41dd-a19c-44966856c822,2022-08-24,West,Technology,1812.76,-477.51
2ed86804-57e2-4419-98e6-650123755bc8,2023-03-24,Central,Furniture,262.01,512.1
2d6acdd4-5aeb-40f6-8faa-8036188a7f55,2021-07-08,South,Office Supplies,365.25,-73.19
4083ff8f-e10a-4f9f-ae2c-219ab50f2f5c,2023-09-17,Central,Office Supplies,991.13,113.61
42b07e31-2f3f-4e11-973a-603d7feb25e2,2022-10-01,Central,Office Supplies,173.06,538.28
59e849b6-3a05-47b2-b35a-ffe566c3f832,2021-12-12,West,Technology,400.0,-439.62
14e1aabd-a20c-44ba-a5b0-8e26fc52a468,2022-10-08,Central,Furniture,1888.1,-293.9
1812362f-c076-492d-b3a4-69a556f7e6bb,2021-01-15,Central,Furniture,1953.21,17.35
e119e331-0538-4bfd-81fd-1281861c2a6f,2022-01-05,Central,Office Supplies,758.76,-201.1
8e9ff74a-fb65-43ea-8f97-33429b2d43a3,2023-04-15,Central,Technology,1847.34,-60.73
18720dc7-5f86-4f8b-aec6-16940f243491,2023-05-29,East,Furniture,1094.2,797.63
fc31654d-f6ae-4936-8071-4e0f2b23ace0,2023-11-18,East,Office Supplies,546.79,573.04
53ad132c-0131-471e-8338-57e4877478d3,2023-11-04,South,Technology,1407.77,649.07
cccf4d37-0714-4da9-8e67-4f72627f34eb,2023-11-23,East,Furniture,1321.21,718.17
5ff540ca-9038-4b45-916d-9a42e7b795f9,2021-05-14,West,Technology,1978.36,-56.78
2c21f1ed-f4a9-45b0-91c3-7e19dbfeed4a,2023-10-05,Central,Furniture,537.44,-113.8
7f8a1fca-9ef1-4e4f-a2f0-77e330405cc4,2023-12-26,East,Furniture,1347.4,-195.72
f9cc596e-37e7-4948-8903-c8c72e8992cc,2023-01-14,South,Furniture,113.53,579.15
aee4f488-df41-4155-98d2-bfd058622bb4,2022-01-17,East,Technology,236.16,383.42
5fc97e64-9987-4384-a798-879be9a11cc0,2022-08-14,Central,Furniture,17.8,-192.98
70d18e9e-e435-4335-ad4b-2c1392f0ae83,2023-07-22,Central,Office Supplies,1998.93,-9.91
c5a0b7c3-e132-4e39-9891-b0a4b4d4813a,2021-01-20,East,Technology,1606.52,158.73
d079fe4e-261b-447a-81e0-4baa2d701ddf,2022-12-25,East,Furniture,1575.58,186.58
9f40ce6a-07c4-48ba-b1f2-7f0fd1a9af91,2023-03-04,East,Furniture,1024.35,655.35
e36345fc-899f-4cfb-af6f-5d6a09ed1c7c,2023-07-10,Central,Office Supplies,607.13,-5.26
1ecadf24-f0d1-4a72-8b2c-7b1df5418b22,2022-04-21,South,Furniture,311.02,681.08
ef5e4a66-4fc9-4cd0-af2a-dff8cea4f9c4,2023-10-04,West,Technology,576.5,73.78
aedb3046-595b-4abc-9b97-23324a9b37f0,2023-01-26,Central,Technology,758.18,470.28
2ad9c360-84bb-4f7a-9711-35452e2fcae7,2022-10-28,West,Technology,1515.06,709.33
3172e9f8-7f66-4f24-9987-5a42e675835a,2023-01-19,West,Office Supplies,1083.93,679.85
9cfa2010-ff51-4c96-a7be-a2b29a7f326f,2021-10-14,Central,Office Supplies,164.19,-425.96
74650ff9-f014-4b87-965f-a125eb85105d,2021-03-13,South,Furniture,45.88,-232.58
d4eee313-8c48-4218-a892-ab6fedb92750,2021-03-08,South,Furniture,213.64,119.98
f1aab637-72ab-47ff-88b8-547b638b66ac,2021-02-05,East,Furniture,826.89,61.02
10c238ba-8df1-463a-ab30-41841dcb2fbf,2022-07-04,East,Furniture,1867.05,333.16
243191eb-5d9e-4717-bf08-6a9e569db57e,2021-07-21,East,Technology,1278.43,728.12
7da2fb48-d14d-4890-b5db-ed2c3d4caf01,2021-05-06,East,Office Supplies,1605.63,-353.87
0aa5aaf2-677f-43b8-8b47-1eca30370fff,2022-02-04,South,Technology,938.09,87.42
fb7b00c7-eaa6-4c45-8f01-fe855bbaf3ac,2023-12-22,South,Furniture,729.72,-249.87
d7f64255-cf97-4ff0-bafd-0718ebced334,2021-06-04,East,Technology,225.72,662.34
c12e3882-b527-4a0a-a8df-7aa5e8e00199,2021-03-20,West,Office Supplies,1753.11,753.95
d907ba3f-1949-4b8a-9754-81a3d6ccc7cd,2023-01-07,South,Technology,1568.49,122.31
a7a13e62-a9db-4628-9748-ba0185147bc9,2021-01-14,West,Furniture,344.56,-364.79
90208d23-86ff-46f2-a970-1e00520fc3e7,2022-12-11,Central,Office Supplies,1029.4,520.88
858c5992-882c-4812-b3c3-c4289338e35d,2021-06-27,Central,Office Supplies,979.88,406.28
a4a8a844-8bdf-4208-81c5-bc8b64e94d6a,2022-11-05,East,Furniture,1253.93,-38.93
22ae8888-5200-41ca-8855-f44a33704903,2022-01-11,South,Technology,1892.91,653.63
4aff5eee-32b2-4952-8376-37d672a9dfa1,2022-02-22,West,Office Supplies,1163.75,768.58
677c25b0-6d23-4155-a057-c558f1ba308e,2023-05-21,South,Technology,1085.03,225.21
7d8f2305-1517-403e-a087-75a56f654201,2022-07-22,Central,Office Supplies,110.14,235.45
524ec63c-1ab4-4e05-bdc1-dda00619feb0,2021-02-12,South,Furniture,135.19,-113.23
6388f6dc-9c12-43c9-bbee-45828fae46a9,2023-10-14,East,Office Supplies,382.82,259.86
c94ee2f0-fe06-4b4e-bf63-abb84e4f4dd0,2023-11-09,South,Technology,74.62,71.54
af1e0ecd-c555-430a-8985-8ab5c54f447e,2023-04-09,Central,Furniture,1489.27,-107.15
d4cd45a9-870d-4661-8e1c-0d4db2eb3819,2023-08-01,South,Technology,1449.43,-412.66
16d4fdff-f260-4a26-b025-f0410aa86e33,2022-05-14,East,Technology,280.75,-171.48
bf733026-9664-4ca5-a460-2d314e9f67a7,2021-06-11,East,Furniture,1673.8,-242.79
2c613d5c-8af4-4753-923f-128ee67882ae,2021-10-08,West,Furniture,318.02,204.65
0c46d8be-bd3f-4354-904b-9abba41425de,2021-12-03,Central,Technology,609.34,282.17
f77e1ee6-0c15-4b28-8728-971988c75e8a,2022-12-14,East,Technology,505.46,291.14
5a0d4f8c-3030-4e86-a288-e5da4d8ddd2d,2021-01-10,East,Office Supplies,750.89,4.64
d2e106a4-0d6c-4599-89aa-e145f6d4f767,2023-04-02,Central,Office Supplies,516.78,47.6
6f0dc87b-dfab-44e2-af25-762cd34d09ae,2022-07-31,Central,Furniture,983.01,584.51
d96688c9-8623-481e-8224-da50bd10f69f,2021-05-06,Central,Office Supplies,820.74,119.1
ae5ec1fc-5eee-4114-823d-269c2da46bc5,2021-06-21,West,Furniture,1973.27,784.11
36e90637-e921-46db-8b72-d0efb2fdaa38,2023-06-27,East,Furniture,121.29,71.5
2f8a637d-f330-4c59-b50d-456e19412cae,2021-05-06,East,Office Supplies,292.94,344.46
51ffdef6-b660-4a31-b8b8-9fc4e47172b1,2023-08-25,West,Technology,115.12,-434.53
7eca5b2d-341f-4b4a-b6ca-f84012adbc1b,2022-02-16,South,Office Supplies,1255.42,349.34
9ceeaf74-a3f2-43db-9236-948e34ecb64f,2023-09-26,South,Technology,118.47,606.85
61a93ecf-ec0d-49ba-8b94-729c03fde24e,2022-04-18,West,Technology,1674.52,725.2
1dc7deab-b07b-44ed-a67b-6ad334be5f01,2022-07-17,East,Technology,1028.76,796.52
e7867bbf-0136-4f98-8a5a-62d3ec9fba0a,2022-02-08,South,Office Supplies,1058.75,-133.17
ea4d7ed8-d04a-402a-a8db-2a2c3d8a0701,2022-07-19,East,Furniture,1127.57,247.98
2d53a810-fc01-446c-94ac-13ced4d05762,2022-10-15,Central,Technology,349.92,85.93
3a769378-d39a-4c87-a3d1-8504fcb1a281,2023-07-30,Central,Furniture,403.4,232.96
66e6c48a-d679-4ab4-aae6-c3da5f2d38b8,2023-01-05,West,Furniture,644.45,-295.31
9947c98a-2444-4277-a7ea-f6650b752e49,2021-08-09,South,Furniture,1191.06,612.99
42186e6d-ab24-474a-9f2b-e8ba3f05344c,2023-08-17,West,Furniture,428.13,682.44
ae2e69e2-6c3f-4800-ac13-d7c3e1c72223,2022-09-07,Central,Office Supplies,241.5,84.56
e6ef3a0b-dd1e-4932-b5cd-dc34920ee451,2022-06-19,West,Technology,1940.53,-135.44
f0b5b7b3-3472-459e-8f4b-1252a04e03d7,2022-06-10,East,Technology,53.74,-316.92
e9ea9d49-bc94-446e-a741-0d2ce0f13db6,2022-08-29,West,Technology,1607.37,388.89
029e435d-b0b6-45da-a8c1-8df945ca17af,2021-06-28,South,Technology,1578.19,-94.1
608bb508-69e4-4d26-92d4-7ec76a77982b,2023-07-22,East,Furniture,601.46,682.4
3082d7e6-e6ac-4778-97b6-e0a34730b04b,2021-10-17,South,Furniture,279.9,372.32
40e07e0f-7cfb-4186-877b-4fffd114dda1,2022-12-06,East,Technology,299.8,339.39
b149324b-a064-4c2a-82ab-856599a2186f,2022-10-27,Central,Technology,1397.89,227.22
c46268d6-b22d-4bfe-8ab3-5cb1653d6c17,2023-02-14,Central,Office Supplies,1289.19,-440.49
b08307e1-a9b7-41f5-a0fe-d1f372fa10f7,2021-05-02,Central,Office Supplies,1567.66,711.5
1d480843-a339-4f8e-920d-e24a3914dce2,2022-01-03,South,Office Supplies,1875.59,316.32
ca8b6e4c-e6f7-43d4-a8af-3b731d82e2a8,2022-11-14,South,Office Supplies,1386.94,792.28
8974e16a-2ef0-463c-9106-2a357d10bf9f,2022-11-25,East,Furniture,320.14,198.56
bd76bb2f-f189-4bad-aad8-8bca53cf14e1,2023-11-30,East,Technology,494.45,423.14
b70bc594-ae4f-445f-b48f-ab0641a9edd3,2021-06-30,West,Furniture,1685.97,-426.93
48e918f9-65f0-4b99-b1ec-c7c2ee3d114e,2023-12-05,Central,Technology,426.52,321.26
db029414-48e2-4a53-8954-105b89485754,2023-11-16,Central,Technology,154.32,494.04
c2d031ad-1bc6-429e-82f1-9c7b91f29ea4,2023-02-18,East,Furniture,1409.53,512.07
e2b6a842-d2a8-4922-a518-93471e910b71,2023-02-17,East,Office Supplies,811.03,501.15
16251089-f340-46f1-b3be-8942e24f908a,2022-10-08,East,Technology,1840.88,-205.83
3366da87-7f7a-478c-98b1-3a9d8e041844,2021-08-08,South,Technology,1304.01,768.02
092351d9-fedc-4b65-84aa-6e12208a9c4f,2022-10-24,East,Furniture,189.93,793.74
1c852510-1bfd-4626-ba93-ef0e780d90b6,2022-01-09,East,Office Supplies,1896.23,-401.73
63582706-d545-4254-89bc-6a803a887bed,2023-06-28,South,Furniture,524.53,717.38
b190dea4-c335-49e5-9567-55f42f39f8c8,2022-07-05,West,Office Supplies,681.05,-123.72
6f9a544a-3de3-42e9-9141-26afce70d3f7,2022-09-15,East,Furniture,810.5,396.07
bd0443f0-7027-41f1-9ef3-6d4d9d85aa72,2021-06-15,Central,Technology,111.94,-60.46
c4e57a92-98d5-46b9-b128-7916248bd5aa,2021-07-28,Central,Furniture,998.07,758.08
80ed319c-ef01-4e79-a9b2-4a990a8260b6,2022-09-17,West,Technology,255.4,-368.04
c4bfa424-3060-4ccf-b979-549bc44c5c78,2022-08-16,South,Technology,807.93,147.07
0b33b7a0-5163-4a91-b993-b65f35ded447,2022-11-16,South,Technology,707.91,56.46
27180985-f2d6-418c-83a3-574a919cf735,2023-04-25,South,Office Supplies,1547.95,-76.17
40349202-f34e-4ba1-9c07-605e57628c84,2021-12-06,West,Technology,1608.31,339.19
7647f43f-59a1-4829-acef-781debfdb100,2021-02-09,West,Office Supplies,315.29,-329.63
0e721365-a4e6-4afd-a6cc-d201335dc080,2022-08-02,West,Technology,739.44,431.66
f262e145-2731-460c-a149-ee42642d03af,2022-07-19,South,Furniture,752.97,774.77
39a90a45-104b-4372-816e-a5c24ab3c590,2023-02-08,Central,Technology,311.31,545.93
55fccc14-31c0-44f0-a091-129b2f1835b1,2021-11-19,South,Technology,1598.92,618.02
067ab1d7-7059-4387-b89f-52d2a8737d14,2022-12-14,East,Office Supplies,1417.38,-32.47
d7ea8625-11c3-438b-b0c6-9b42df0ff647,2021-06-02,West,Office Supplies,388.86,-77.65
49adb07b-874f-4c5c-9a06-64b93eeb2f03,2021-10-31,Central,Technology,739.78,172.16
8c1046bf-24b3-4794-a93d-b7fa8e8ded45,2023-04-26,Central,Office Supplies,220.55,-440.56
1c82780f-0e84-4070-914b-30a9f6d4461c,2023-03-27,Central,Furniture,1260.13,728.97
849ebfa5-68f0-4a5d-90ac-72bdaf4c9dfc,2023-01-13,East,Technology,251.53,-313.08
b87189e1-9e5b-4abf-8478-608888c62a79,2022-03-22,West,Office Supplies,1972.01,673.92
52581086-eecc-4487-b95d-43d62b7f90a5,2021-03-14,Central,Technology,1563.56,-391.34
e6c9fd54-24bb-4796-89d6-8cdc5ed0b58c,2021-09-15,West,Furniture,786.57,569.41
0182c481-3bd1-4558-af2f-5f8b1a9226d6,2021-08-06,South,Furniture,1161.34,-302.45
0ef473a2-900d-4f16-80e0-32006197337c,2021-12-04,Central,Technology,1823.57,-450.43
9123f2c5-c4c9-4949-a334-fca6d04f0a71,2023-12-04,Central,Technology,1112.66,435.34
c31dfb91-397a-4433-9b64-8ca71ea0dd2d,2023-10-15,Central,Technology,357.25,-135.66
8bab4c1b-904a-4134-8902-8dd7a0d763f0,2022-03-25,Central,Furniture,763.62,428.84
d2f18f28-a61b-4c7d-8511-2d7f12ecaf24,2023-11-03,West,Office Supplies,1687.86,221.61
924d4a86-efed-4e52-b9f7-3374e92af09b,2022-08-15,East,Office Supplies,1291.98,-358.55
af8422cc-484f-4a28-a2d4-7bffa510f7b4,2021-04-17,East,Technology,1304.94,711.77
e9058f29-731d-46ec-a303-2bd49db564b5,2022-04-15,Central,Office Supplies,1734.97,88.01
7d957e47-aed1-4cec-bcd7-e0eabf817a17,2022-04-07,Central,Technology,1789.01,454.78
fae9df3f-585b-4128-8002-c5eb9cd3e931,2022-08-31,West,Office Supplies,1840.39,151.33
7aa83419-7479-4994-a2fe-9cb4fcec1791,2022-08-16,South,Furniture,198.75,285.67
7447f8a1-2734-4be8-a609-2042eb5f8944,2021-10-01,South,Technology,1092.81,-106.39
394d9156-5c31-4125-a123-433f895517ec,2023-02-07,South,Technology,1483.61,-239.53
bb2168c4-a318-4a65-896f-e30824f7e239,2022-10-22,East,Furniture,1516.28,205.34
63719357-f7a5-4f8d-b689-c4c22ca26887,2021-11-15,South,Technology,1217.37,72.28
290a8303-e1c6-47c2-81d8-93a5ffc7aba2,2021-12-06,East,Office Supplies,341.91,7.15
6e8649f1-055c-42ad-bd71-017f5e3a5dad,2021-01-02,West,Office Supplies,1596.87,374.34
0ae4e096-24dc-4ee5-8cc3-78c3ce3200af,2022-04-07,South,Furniture,1443.02,397.66
e13ae6f4-b5ef-418b-a90e-1a7e75be1ba7,2023-11-23,East,Office Supplies,181.41,-440.3
fccc1a7d-3a1b-4a9c-9a07-f08e8a9fa5a1,2021-06-21,West,Technology,932.98,-59.63
a0624c48-d713-4c2e-a001-965b66f89b87,2021-04-22,Central,Furniture,356.22,35.29
67e2020e-f11f-4e97-b546-1a1c5a5a5dac,2022-12-12,South,Office Supplies,681.58,-374.04
75e8abfe-6af0-4106-a235-09a86bcfdfa4,2022-10-09,East,Technology,45.98,-193.33
f3cecaaf-71a2-46c1-b3ca-b4e3bbc3553b,2021-05-31,East,Furniture,806.66,-432.87
567a25f8-5d12-490e-b6a9-0f786370fda9,2023-11-29,East,Office Supplies,1104.26,795.11
2213cdad-661d-4354-aa55-e9af537574b0,2022-04-09,East,Technology,1242.97,457.52
3efa528c-34b6-49da-87a9-efafb92ab1b7,2021-09-28,South,Furniture,1330.35,-386.31
9181c8a2-30e3-4645-b66c-4a03378aa526,2023-08-31,Central,Furniture,1674.22,-473.68
bab3d9a3-dfa4-46da-b2b0-74a331d16ea8,2023-11-09,West,Furniture,438.77,435.07
5d08c254-9e6e-4c9c-88bc-7784a8c99656,2021-06-08,Central,Office Supplies,249.76,70.95
dcc8c801-8c57-4243-b69f-ce1ae67d9f00,2022-08-05,East,Furniture,1704.56,522.84
5ff3fbbf-6880-434f-8ac5-a4c6c393f806,2021-10-16,South,Technology,321.66,700.52
64907a63-36a8-453d-8e90-ee87a4dd2fe1,2022-04-05,South,Office Supplies,1949.77,279.09
8af6d268-1bd0-4f9b-b861-2769242e4cff,2023-03-06,Central,Office Supplies,1686.65,-256.76
e798d9bf-4ce1-4a16-b3cb-3b3fa6f90864,2021-12-19,Central,Technology,1006.74,516.85
debf96d3-c64a-48bf-b4aa-e84ad5382419,2021-06-25,West,Technology,1963.03,742.56
330c8461-0d06-4891-a980-8e3c9fa3fe4b,2023-07-23,East,Office Supplies,203.78,254.3
e3d21a33-8d3b-41df-9672-67353798fc80,2022-09-09,East,Office Supplies,613.1,386.6
efe739dd-6260-4cbe-a8de-eb1c281ec259,2023-04-07,West,Office Supplies,1280.07,-61.28
f1758208-2e29-4386-ae89-6265847aefa5,2022-10-17,Central,Technology,706.51,-4.01
34da1f50-b1a7-4e09-861a-1396716728ee,2021-11-18,West,Technology,1857.46,455.05
2c1e86bb-aac0-46bd-9140-a95d62cef959,2022-10-08,South,Furniture,140.6,706.1
ae3dc742-bef8-404b-bbcf-57d745f84c5d,2022-02-11,South,Furniture,1103.33,317.68
a4282ec4-27e6-487b-84ec-ea3290389f81,2023-01-15,Central,Office Supplies,1185.82,526.8
cd03a402-c827-47c0-9337-bb3466e1608e,2021-02-12,West,Furniture,1308.93,-276.87
510588a9-694a-48b3-a693-2d9532a3a8fb,2022-01-24,South,Furniture,518.78,-224.45
bd0c1656-de37-4877-bee6-187277f4d7f9,2022-08-27,East,Technology,735.49,191.65
7c976337-ee66-4fd2-833b-14ed216c0ed0,2022-05-02,East,Technology,1688.92,-270.48
c36db2ec-eeda-49bc-9c40-6cbe50f370af,2022-08-09,East,Technology,397.94,325.49
a0ca381c-bc3d-468a-87d4-9f499cc15301,2023-04-17,Central,Furniture,1655.47,-120.85
18d939eb-ad1a-4fd5-8909-8704e03c119a,2023-05-29,West,Office Supplies,1129.68,528.99
057eccfa-15f3-4747-90bb-5ed3c9765bdf,2022-08-25,East,Office Supplies,1526.75,550.54
de952d1d-dcbc-4e3f-ab90-60cb02381c49,2023-07-11,East,Furniture,1430.08,102.92
1706c3cd-da44-4dee-94dd-bff40d81339d,2023-03-05,East,Furniture,422.95,-264.95
5b5073c7-e6dc-4c76-ae7a-e3bb50340715,2023-01-21,South,Office Supplies,1141.94,340.81
f53ca48b-268d-49f4-be5b-8a9233f8457c,2021-02-03,South,Furniture,1736.77,790.62
10e6e383-d736-450e-8ebc-5f603687f1e1,2021-12-03,Central,Office Supplies,869.91,309.37
50c49c2b-e8c4-41fc-9f8c-1c815ce9a3d3,2022-08-10,West,Office Supplies,1933.52,-453.49
72557e4e-d408-4cd1-a78e-4df0955ce1d2,2023-05-07,South,Office Supplies,909.91,-477.52
2cdb1625-b41f-4721-96af-d9ce799f52c0,2023-05-18,West,Furniture,294.14,-83.53
cd65e328-19fb-4ed2-8da1-2b024a2c7830,2021-12-26,East,Furniture,784.98,-245.48
e16c77ac-e69b-425c-a8e9-772b8fd7dced,2021-01-05,South,Technology,1903.89,556.97
1e521d48-6a49-4f0b-a9cb-31b126ea945e,2021-02-13,East,Technology,646.24,598.25
68e0c800-9e48-4e45-a904-ee42884526f5,2022-03-09,South,Furniture,1737.52,-163.8
a0f155fb-8d64-4c21-8fc9-3778288510d1,2023-04-21,Central,Technology,1763.69,-76.66
47fefddb-fbb9-4f21-b32a-322878359656,2021-12-08,West,Office Supplies,706.87,-192.88
3fd8027f-e755-4655-9916-2e44b0a17621,2023-01-26,South,Office Supplies,175.68,680.9
f205da82-a9f3-431b-9d05-3081f9e34f60,2023-11-27,South,Furniture,1451.87,153.44
18d98279-71e5-48a4-a8c0-563d258a9c6b,2023-07-27,Central,Technology,629.91,352.98
e156df17-22b6-495e-8a14-b309c173d1d9,2023-09-23,South,Technology,1568.02,40.13
7a14cf98-611e-4047-b90a-474e6185e21b,2021-12-20,South,Technology,890.88,320.32
960f96d9-051b-4698-8463-299a2ba321ef,2022-09-16,South,Technology,975.68,1.61
5cc53673-d165-4869-bcde-b1c8b028bafc,2021-12-19,East,Technology,1558.04,-58.42
9268b5df-95bb-4e09-b0e1-3734ee523a03,2023-12-09,Central,Office Supplies,770.9,324.82
05155381-e4dc-4680-b284-71562e8ca6bf,2021-05-03,East,Furniture,891.82,268.38
abf89388-f254-450e-bde4-71bff8655d61,2022-06-20,South,Office Supplies,758.62,-118.41
56fb9a22-e2b6-4f5d-9805-2a559118b0e6,2023-06-15,East,Office Supplies,741.01,-305.85
5eb63bc5-e2f1-4e16-95c3-3faefce176a1,2021-10-09,South,Technology,1056.63,-20.85
9fc08086-228b-468a-ad5f-4dd311a2c64d,2021-08-14,South,Furniture,1619.51,39.76
eab10bcf-64c4-4063-ad68-53c64cd3a6a4,2023-07-12,East,Office Supplies,729.92,317.29
ef5e0d74-fe2e-4c0f-9c68-a6142644b6f9,2021-06-26,East,Technology,1053.27,688.89
32773b28-ab3d-48ac-b5dd-b7d2ca7cd927,2023-10-25,Central,Furniture,1344.75,-452.96
4ad76a0d-5219-4d62-a25c-6c5cf629c955,2023-09-28,East,Technology,546.18,-183.24
c95d2093-f2e2-4d2f-8af3-c094b61ed8af,2021-09-18,Central,Furniture,562.27,-248.17
fbcb4db6-9a51-4c62-9ace-65501544409d,2023-01-20,West,Office Supplies,1867.49,152.98
9f325c4c-0415-4961-bea7-ededcca0152e,2021-03-31,West,Technology,1449.83,58.61
fde02b7a-6af0-4bbd-971f-640de41bb3b9,2022-08-19,East,Technology,1158.6,447.75
40b1fb20-d9eb-4495-9d7e-cb5f2b4786c5,2022-05-28,West,Technology,1298.96,-184.86
fb66bcaf-47be-40eb-836f-ad3831286dc8,2023-07-19,South,Office Supplies,68.31,272.85
060072c3-ea7a-409e-a77e-e2a9853b0173,2021-12-13,Central,Technology,1240.02,649.01
2ab8c610-e7e3-49b8-918d-a4887d5704df,2022-03-12,West,Technology,1023.92,683.88
b354f19d-3d22-4110-a63f-69ea0d5098fc,2021-04-11,South,Technology,1096.04,746.42
ff03f1a9-72ed-457b-835b-66254e7fb47f,2021-03-09,South,Technology,725.25,505.24
45d89da6-0a5b-4eb2-9667-91896ed5ca30,2022-02-15,West,Furniture,172.13,677.78
a81d0ecf-c27f-469e-bebe-a834bfffd800,2021-03-19,Central,Technology,394.75,-195.11
553a2bad-148a-4202-a8cf-20c875453946,2022-08-09,South,Furniture,1901.98,-243.14
df3e03c2-2172-44cf-8808-1d218d204cf6,2023-12-02,West,Technology,823.31,-491.57
02bbc915-9fc9-453a-ad32-1036fa6e8103,2021-08-14,West,Technology,938.7,418.9
4d7e6eeb-04eb-4694-92da-e5a7bc11733c,2023-06-19,South,Technology,114.89,718.71
7859d906-e78f-480a-b31b-c38a6173a99e,2021-05-27,West,Office Supplies,84.76,-256.98
b1fe69b8-0936-412c-a36d-feba6148ca39,2021-05-08,Central,Furniture,1437.19,328.03
60094db3-b265-493e-8531-4fd0ac01e53d,2023-04-24,Central,Office Supplies,1080.81,470.4
8338b815-cd9a-4a65-9de6-346755ec2b78,2022-12-03,West,Office Supplies,1022.32,705.9
6cacf6d9-c8bc-4c88-be60-0c12da8746db,2021-09-22,West,Office Supplies,493.82,340.92
21e10ae8-5795-4ee7-b510-561a683def14,2021-07-19,South,Furniture,1492.05,761.38
42f76d43-b818-4f1c-98a3-2011f1624df9,2023-03-09,East,Technology,344.79,-51.92
4819a23a-7d23-4d9a-b162-1e958d68f317,2021-09-01,East,Technology,387.97,-45.09
732af4e8-e9d1-4994-9553-8cc94444a6bd,2022-03-13,West,Office Supplies,926.82,205.92
ce339ee0-15b5-4510-abfb-9abfeb34e953,2023-01-16,West,Furniture,579.7,-1.45
dc89e59a-5190-4e93-a9d0-c2ecaa8d904c,2021-07-12,East,Technology,502.45,-498.15
05e3d107-1d0f-4e16-a554-674f8240252d,2023-03-17,West,Technology,1294.02,451.3
c316959c-ce64-4ebe-a0e7-118acf8da52b,2021-10-27,Central,Office Supplies,1305.43,477.23
2d56e616-130c-465b-be32-b1b41b679a64,2021-02-01,South,Office Supplies,1650.79,471.07
92689d81-276c-4202-90a1-2a0b5f96600d,2021-05-16,West,Office Supplies,841.24,-51.47
165effd1-c764-4651-bca8-72f2cd2c4a30,2023-04-14,East,Office Supplies,155.44,178.98
b91d8c4c-0278-4c40-934e-2bd9dd1ad072,2021-06-27,South,Office Supplies,554.6,-32.03
57549c43-ce96-4698-bc8b-7eb7037146f7,2022-11-25,East,Furniture,1960.21,-479.15
12049b0a-9e11-471c-a8ae-6b4bdec2c775,2023-12-19,East,Technology,1196.55,231.18
f7347784-a049-4164-952f-6d1127ff97ca,2023-06-26,East,Furniture,1422.38,-339.11
a189682b-75f4-4056-b817-93a1df10c0ab,2022-09-15,West,Furniture,24.64,-395.95
aa3961be-c93f-4c2c-94b5-e773df973c95,2023-10-10,South,Furniture,1041.23,482.15
0e60ec16-1f39-49f9-9cd1-126b1b17dab8,2021-03-24,East,Technology,84.68,-487.64
eb0230a0-3313-4402-a382-d280b44304e9,2023-01-17,East,Office Supplies,1142.77,746.71
2f81d4b2-14c6-4d19-ad33-29b7befe0e22,2022-06-04,West,Furniture,1842.33,169.83
17722cf0-f38e-4bc3-b7df-852c1779e7d0,2023-11-18,East,Office Supplies,1937.15,777.92
af838c06-caa5-422a-aed7-149f00fbbb90,2022-11-28,West,Technology,1085.7,-424.6
b78bf29d-0ccc-45c6-b5d0-ea433baada26,2023-03-28,South,Office Supplies,921.83,258.59
a01d9aeb-5206-4f1c-a30b-f0db1454578f,2023-08-10,Central,Technology,1890.58,-45.87
d14b049b-79de-46cb-b150-c32387826633,2023-03-20,South,Office Supplies,1350.48,596.53
7ecc0177-fce8-43f0-b54f-0f8a32823c8a,2023-10-17,East,Technology,139.15,-30.41
781e2d35-2fa1-42bc-b4ce-5f319aff48af,2022-01-27,East,Technology,936.79,-161.37
9780fe9b-ad18-4723-bb47-d3a449be8766,2023-06-15,Central,Office Supplies,488.09,614.82
7148c007-0faf-46b4-9c63-df5edd712dc5,2023-01-12,South,Furniture,944.91,-12.95
145deec7-019d-412d-81f1-0d042f576e77,2022-03-19,West,Technology,916.38,-478.12
43651cb8-329d-4f9e-b964-8a0f2d0490a7,2023-06-23,West,Furniture,1168.47,7.38
934fa5c8-8ac0-48d3-a0d0-2f5a24d6281f,2023-08-13,Central,Technology,719.97,350.88
1fbf23bb-b331-49f5-b078-f3d0f9046be7,2022-11-29,East,Furniture,336.9,-169.33
302dc72b-1366-4d76-82fc-93d9b3ef29d7,2023-08-28,South,Technology,1012.4,61.58
c19bf990-5247-4092-993e-eb082fe26180,2023-07-22,East,Technology,1662.1,-426.27
6508f5c4-2994-4775-ba4b-90e3fdf26daf,2021-03-30,South,Furniture,1331.38,264.52
4bf5cf0e-97a1-42a2-9606-be66a2a2d1a6,2022-05-06,East,Technology,683.35,483.18
a3fe085b-81b4-4b37-a98b-4ff499ff70c6,2021-09-08,Central,Office Supplies,1871.69,37.31
403e3ee2-6d30-41b9-b7df-c57149102c10,2021-07-29,Central,Furniture,1825.29,46.3
3da325e2-bc46-40bd-9842-20f1d3105f4f,2021-06-15,South,Furniture,426.6,-385.23
e3fb7b87-a7a3-4c7a-81c9-a46487d22e31,2023-02-01,South,Furniture,88.44,-237.48
480d0cf3-406d-4351-aefb-e3b3f7d7f5c0,2021-07-12,West,Office Supplies,1485.2,-298.92
0fc64cf0-108d-4f04-a948-9bdac1199d43,2021-06-21,Central,Furniture,1656.94,126.19
e716eb38-581f-43df-be71-bda810128b96,2022-03-10,South,Technology,1936.05,188.03
c172494f-9eae-4feb-8f76-a282bba04391,2023-04-29,Central,Technology,1780.77,733.62
ac8d8f32-1477-4569-ae1a-b11ad1550475,2022-09-28,East,Furniture,1205.06,-404.8
722899a2-b752-4753-a60d-400fc3b1ef08,2022-06-06,West,Office Supplies,1064.8,279.83
acac1b18-be88-44ab-ba27-a8f803125cdd,2022-10-11,South,Technology,65.4,184.45
c5798f5d-9690-40b0-9182-88dd16965a15,2022-07-07,East,Office Supplies,500.85,171.1
b2b51b60-5c89-406e-aa1b-248fea94d306,2023-03-14,East,Furniture,924.63,635.11
f5946de4-ad9e-492f-9b02-7f54ae5b4ff8,2021-05-28,East,Office Supplies,1260.72,-232.8
ba266e87-432f-474f-91b7-2a5c10dd6f06,2023-05-09,East,Technology,1118.93,-446.99
5bad4331-7366-4606-91ae-2d48d6f83aa7,2023-08-21,East,Technology,1487.85,373.95
5ed560c3-7afe-417e-8f9b-6d33be00565d,2023-04-11,Central,Furniture,566.74,-51.3
7d34d5ec-c36f-4008-8cdc-ffaf7fec01d8,2023-10-27,West,Technology,1134.26,-477.13
beb64fd8-ffc4-495b-8bc1-35a9503fe053,2021-06-08,East,Office Supplies,185.4,-173.21
2ba95b90-9654-45e4-ba65-860330b6857a,2021-01-15,West,Furniture,833.19,-97.88
68e438e0-5a57-4306-b0dc-80e80aee5a68,2022-11-04,South,Furniture,1502.82,301.89
5309c42a-762e-4da3-a146-04df77069f94,2021-04-30,South,Office Supplies,1389.87,-275.64
f1f97ce9-d8b3-44a4-8bd7-25f2ec66f55e,2023-02-05,East,Office Supplies,1981.38,36.97
de61f70d-76b0-4d9f-a73a-d8cbf8e7158b,2021-11-25,South,Technology,563.0,127.22
27165ab6-73c1-4557-b6e2-6e93e62abbfe,2023-09-09,South,Furniture,1001.4,97.01
62b45550-c024-4e61-bce4-570b245f8b4a,2023-11-30,Central,Office Supplies,665.77,766.12
df94a2f8-0644-4f36-b31b-38886b6ab820,2022-05-02,South,Technology,886.8,-440.84
61a73056-5114-4a97-89cb-c14823b1d124,2022-09-24,East,Office Supplies,1715.33,736.26
263e0670-a1d7-4730-9ec8-bcbbfd610d09,2022-01-13,East,Office Supplies,1371.58,256.52
6f339c5e-0392-4cfa-9d9f-2c8c6640464a,2021-05-28,East,Technology,1766.06,534.45
e7c5d314-a969-44fc-9141-70c1ca978f1d,2022-09-26,Central,Technology,414.99,59.51
f22fdeb8-97ca-4ad1-a6aa-78092c3b4e9c,2021-11-07,West,Furniture,1747.99,89.99
043217e4-1847-4750-b78c-e7b72f14b369,2021-05-27,East,Technology,128.93,643.12
45590d60-265f-45c1-b8e7-e190642bb07d,2021-09-19,South,Furniture,1778.31,664.71
7f5085e7-058c-4d44-b2a0-2b53565a4a42,2023-07-16,South,Technology,664.86,-189.7
d46c5776-4db3-4044-a887-6b7f64694f53,2022-12-18,East,Technology,636.03,-240.99
47155ad3-8ca0-4d2a-9a93-98e6f487b599,2022-07-24,West,Technology,1029.06,145.11
9b58e20a-7c8d-4aef-b0a0-4e0b3a4d1f57,2022-07-02,South,Furniture,1881.97,670.36
6f6335bf-6ecf-4ab4-bfc7-6f6ab9465130,2022-11-28,East,Technology,105.08,-80.94
7cc27448-28ea-4192-9a02-4444f28446fa,2021-10-04,Central,Technology,710.94,347.62
5a766ac4-0f4c-4562-aa71-295cf816ee8a,2022-10-06,East,Furniture,1714.58,420.6
f3f48d53-1120-41b7-9b23-91f0f620e4c0,2021-06-10,East,Furniture,798.15,512.28
9b99f012-7a09-471c-b4bd-feed52c2a44b,2022-10-13,West,Technology,406.32,233.1
84cda1d2-3c32-42ee-a437-e3804a10ff5a,2023-07-16,West,Technology,855.34,23.19
37663e35-cdba-4cac-be85-f617f17e993d,2022-04-19,Central,Technology,777.25,757.12
f4f48fdc-0351-4800-bd91-dbcc6a959ce2,2023-08-04,West,Furniture,1831.68,294.73
56ad3649-289a-4abc-a1aa-8c494ed9974f,2022-09-30,Central,Technology,1526.25,447.13
9e54b7bf-af1e-4596-8f84-4346a165c37d,2021-12-05,Central,Office Supplies,1015.18,-51.52
995fa798-1f31-43fa-9c93-92456dd2c683,2023-01-29,West,Technology,1976.86,370.93
57522610-482a-48ff-8796-45b8212232df,2023-05-21,East,Technology,935.9,-164.86
b0427c62-ce9f-4278-9f94-2c43b989a884,2023-02-27,South,Furniture,125.89,-181.37
90b950bb-5e9b-4a6c-a0cd-5bb8dd357f0d,2021-04-21,West,Technology,531.93,429.14
0488a0e8-1028-45b4-b938-ce7ff86e2588,2021-05-18,East,Technology,877.78,177.81
3f010e25-6ac0-4ccb-9eb8-e0db7273b7af,2023-06-11,West,Technology,322.24,388.26
b0333c0d-5381-4235-b1cf-c83f359ee84a,2021-11-25,East,Technology,1895.65,-149.73
e70dc8b8-df33-4eb0-a8ff-561f3bc29d89,2023-03-28,Central,Furniture,1536.03,278.34
e6defc16-ea6d-4cb6-a245-65d450026d68,2023-12-08,East,Furniture,543.89,77.11
47d0e6ee-c96c-4090-b9e7-6f99f8f79639,2023-07-06,West,Technology,1185.7,276.05
cb37a85d-93c4-4d32-973b-df7a8e14338e,2023-10-05,South,Office Supplies,1445.68,-121.86
e6e005dd-31c2-4ddb-b2c5-b9b954c06524,2023-06-22,East,Office Supplies,1883.15,430.09
c8169e32-5263-4195-b729-4c21208bc725,2023-06-29,South,Technology,1764.45,547.71
e950419d-f89c-491d-9280-9c97a1f76e1c,2021-03-25,West,Furniture,1035.23,-162.11
9c00cb52-97c4-4530-b546-5c933a9af0b6,2022-09-01,East,Technology,1551.56,-109.19
3fc4f4d0-d1d5-4a53-9035-dd193cad3401,2023-04-04,West,Office Supplies,1128.67,359.5
e3fb8c1d-7841-43dd-9034-4c867d14190d,2021-09-16,Central,Furniture,1109.88,404.26
e17766b1-82ce-4e0c-903e-eaf204f73882,2023-12-20,West,Furniture,238.34,415.33
25fa9f8d-c00c-4ab9-a257-37cf18781ae5,2021-03-15,East,Furniture,261.01,387.51
877bfb50-14d0-445b-9257-fa5d9fa4b54f,2021-06-26,Central,Office Supplies,1063.77,10.65
e6829d8f-9a43-4a95-b672-cdbe7dae4677,2021-11-18,East,Furniture,545.03,13.31
ba52dbf2-f551-4cd0-b278-0c3be412b716,2023-09-26,Central,Furniture,51.86,-168.74
63bb48b6-7311-41a7-9122-06a244190e59,2021-01-21,West,Furniture,1448.45,-296.12
c51b2922-ca91-4df7-b174-5b78c705dd1e,2023-02-16,Central,Furniture,74.65,400.35
5d20d8de-24a1-4c7f-b63f-93f646b5b8f6,2021-04-30,West,Technology,1194.6,-378.85
79477aa8-0f1c-4455-871b-3b67d907a314,2022-10-24,West,Furniture,1083.0,719.13
00c818ba-a210-4d25-b92c-5f423f203c22,2023-02-07,West,Furniture,1937.94,574.69
9ee31563-d328-40c7-9b2d-e07e53c45254,2022-06-25,South,Technology,973.58,614.76
c89f884f-2568-421b-8fd7-3af97b8899f9,2021-10-20,South,Office Supplies,136.57,678.67
7c152622-51ed-4b85-b4e8-2b6c45d3708a,2023-11-28,South,Technology,1107.86,31.19
e21a47b9-9ad2-4609-906d-5518fc3b9c08,2023-12-17,East,Furniture,1683.78,600.71
cf8be8bd-d2fa-4b0a-b337-05f9894b9f90,2021-09-24,South,Technology,1993.73,-294.52
ec78342e-f52d-42cc-b02d-8d1fa555dfa1,2021-06-28,Central,Furniture,866.38,-471.87
4badb973-1ed0-4243-9ae6-9d9798fb7955,2022-08-28,Central,Furniture,647.39,520.36
e28065d7-bc49-4467-8f81-0db2bbc1686b,2021-12-11,West,Furniture,1814.24,-402.76
810e9d40-cc81-45da-8604-3d4131e7ca38,2023-12-10,Central,Furniture,390.57,785.08
60421eb5-ca6b-4ccd-bf8b-c509484f0da6,2021-10-30,East,Furniture,1234.7,377.24
da4a9d0b-d18e-431b-b35d-8adb6c4928d4,2022-10-17,West,Technology,817.37,479.48
34491318-42d0-4a0b-8c55-542d02cb42d1,2021-07-07,East,Technology,91.75,-180.45
0760d408-0678-4e13-8bcd-6e4d24e11716,2022-01-12,East,Technology,701.1,376.03
6be26493-c32a-4b1b-a4dc-6a67a6d18c91,2021-04-30,East,Office Supplies,537.8,-443.81
c69aa024-7706-4602-9e5e-a4cd1426512f,2023-01-01,West,Office Supplies,1375.32,589.17
7259f45b-25ca-447f-be33-ebd7e8e91639,2023-08-12,East,Furniture,1898.09,-279.49
282fbcce-8e25-4e3d-a1cc-06e5a03a5196,2023-03-30,South,Office Supplies,543.41,406.57
506801b9-c22a-499a-b1b3-1c9198063af9,2022-05-27,South,Furniture,1624.82,-208.18
74b8b222-4607-41e5-afd8-dfa91b952ae5,2022-02-20,Central,Furniture,120.17,-411.01
9b465e04-b4cf-4cd7-b2a1-c14d46a49f8d,2023-06-18,East,Furniture,1080.86,125.94
96239346-29b3-42d3-88e6-36b5740da9d6,2021-02-26,Central,Furniture,150.39,-279.93
04573e35-f4c3-459b-92a3-43b820e7b6ef,2021-03-12,Central,Office Supplies,1868.73,448.28
5397ff39-de24-4ec5-8d6b-a0191fb8e3c2,2022-04-28,East,Technology,1535.04,-191.16
2449ea0f-5e6b-4e56-ba23-53358d759038,2023-12-07,South,Technology,1319.32,-54.79
6001e75d-b872-4503-94f1-211050b57397,2023-07-25,Central,Furniture,1649.55,237.67
6f2ba37e-a0fe-451e-8684-e4388cd5219a,2021-03-29,Central,Furniture,1298.56,-129.54
2d914e29-6541-4574-92ea-13b8a575c5c7,2022-01-12,South,Technology,1938.2,-8.62
c2b2315d-d608-46ac-9cf2-f216539cbe4f,2023-01-10,West,Technology,1430.78,560.31
52f2978f-486c-480b-a4c4-582908d73827,2023-11-11,South,Technology,1850.07,-267.03
0a14e77e-918b-4860-81a9-6b3b90cc44af,2021-09-11,Central,Technology,1039.09,-393.14
b907e44b-0e4c-4983-82ff-51e0e21d4d53,2023-07-24,Central,Furniture,242.96,-73.13
7f2632df-21c2-4510-b6b2-b13cb79f0581,2022-07-09,East,Technology,1061.07,51.69
23d13c7f-1161-4b5e-ad4c-8325105a4d40,2022-04-05,East,Furniture,262.48,205.46
29d36291-85d4-42c1-9a2d-445326cd4979,2022-08-01,East,Office Supplies,1189.06,-15.85
17841919-3c29-49ed-b6bf-1f51f0abe316,2023-03-13,Central,Technology,970.16,526.89
5b69a9a8-f8e9-4d27-9c3d-bae4c1315e84,2022-06-02,South,Furniture,1248.93,-448.88
57f46801-69a2-4466-94c6-d16d569186b9,2023-02-22,East,Furniture,29.99,61.3
668b179f-7e11-43ab-91cf-c46bc037c059,2021-12-16,West,Furniture,397.73,-3.07
6a961ac0-8651-42a6-8fe9-17808b8c6b6e,2022-06-15,West,Office Supplies,987.75,341.85
b1d06d8a-655f-4c8c-8a2b-a8f5a44e3b1c,2023-12-16,South,Technology,1901.5,756.16
16e7bff3-d2a6-4853-8c50-1e6e27ad082f,2022-10-17,South,Technology,773.38,163.49
28b82fa1-72d0-4649-b50e-a2b2d07a2b58,2021-12-31,East,Furniture,854.5,782.94
de60d544-e953-4b87-8344-819d1d80f7cd,2023-11-23,South,Technology,1432.25,-107.08
0e77b689-3d40-4ee0-ba36-a26d42c0d1c2,2023-07-18,South,Office Supplies,1211.55,-459.87
06339f7f-8ec4-4aab-aefb-4b37a50ee5e7,2023-06-30,South,Office Supplies,604.86,-284.64
b281738e-d7c7-48e6-a495-430e0d6f885a,2023-05-02,Central,Technology,827.52,13.66
0acc09da-0ada-434b-ba8b-a3cf39bbab8a,2021-07-12,South,Furniture,443.22,-88.77
f330f931-3b8f-49d7-822e-dfc438107177,2021-08-26,West,Technology,1932.38,-373.83
233e8b97-ded7-4bb9-b454-ef982712cefe,2023-01-19,West,Technology,269.96,62.46
6334db06-52ac-4e30-91c8-10ef802643c4,2022-03-09,South,Furniture,749.96,-60.45
6553b96b-ab96-4b35-a263-7d77c186cbce,2021-12-05,Central,Technology,61.42,-340.6
4a25cec8-c3fa-463d-829f-8b3904edf187,2023-07-27,East,Technology,451.34,-115.05
b6f957dc-ab6d-49ab-8604-f4e77e029b3f,2023-09-09,East,Office Supplies,1563.14,652.37
1165ed7f-8cce-4653-aa39-6c71b276c469,2021-08-28,South,Technology,410.34,-107.34
0937a982-96f4-4688-b33b-5a5d0a45f604,2021-08-15,West,Office Supplies,169.33,428.14
7dd0a74b-952e-453e-bac0-e784357650f9,2022-05-16,South,Office Supplies,954.16,295.66
14a3ffe6-b3aa-4060-9971-116a01d4bcf6,2022-06-16,South,Furniture,29.84,55.34
8257909d-5e3c-4f18-a1b3-9d6494e2a33d,2021-06-14,South,Office Supplies,178.68,-189.27
65adafab-2a07-458d-943b-bf74e609456a,2022-11-12,South,Furniture,1617.18,-20.28
01e1af8f-8946-4e5b-a6fa-3d5c3678a41a,2022-02-28,South,Office Supplies,1545.23,269.74
9f6f4967-be87-4c4f-a0af-9f67ea4a973e,2021-04-19,South,Technology,1831.13,-44.02
5fd229bc-8e67-4bc8-8401-6c6f480af459,2023-07-22,East,Technology,1710.49,-220.63
d5b6eac1-28ec-4d72-a36f-7abf82c901df,2023-12-25,Central,Office Supplies,1369.52,-348.6
419b7333-9b8c-431b-8111-61a7339b2275,2021-10-14,Central,Furniture,114.14,643.7
e5de9e28-53ba-440f-b21e-246255a0db97,2022-05-17,South,Furniture,1567.87,72.41
a684b83b-1e81-4599-a483-8f5b42a5c37c,2023-05-17,West,Technology,1692.57,312.77
720f2288-0760-4502-b39f-51c3490ec6f3,2021-04-14,Central,Furniture,1600.17,137.53
abfe1fb5-a6c2-4716-b7bd-77509a7650dd,2023-09-05,Central,Office Supplies,1021.87,634.34
346003a3-67db-4a91-851f-cfef8305a8cb,2022-01-30,South,Technology,473.47,211.02
63300ee1-0aaa-4c51-9cd9-7b172f51270f,2023-02-06,West,Furniture,1692.21,125.02
eede901c-be29-44f8-9b52-a1e6cdfc9ce7,2022-10-16,South,Technology,1457.05,701.98
c27f9590-333c-4c30-b4a1-1999dfcdd21a,2021-10-06,West,Office Supplies,1961.71,435.6
4c71b0d5-bf4d-493d-bc57-003e91f91586,2021-06-15,East,Office Supplies,319.83,-354.99
36df253c-ac98-4942-b093-71b5d53ae164,2023-12-29,South,Technology,459.07,-268.98
4da9b236-d15f-4acd-97df-c472e2fba2a1,2021-10-11,West,Office Supplies,431.48,523.26
a5d83148-0deb-483b-b6ba-45725c667438,2021-10-19,West,Furniture,1587.15,586.61
e3e492f3-911c-4bb8-bad4-d4c4a0493ed9,2022-09-23,East,Technology,381.95,208.75
37809a0a-4098-4e31-97f3-b054e266c16f,2021-02-27,South,Office Supplies,142.65,220.79
032a0c06-4f55-458e-8618-93ec82d768c6,2021-07-08,South,Office Supplies,1997.14,321.51
dc406c3b-2e50-478b-945f-d39a376788ab,2023-12-18,West,Furniture,59.39,70.85
f2612977-7fe5-4edd-b4d3-87dd557c9198,2023-04-22,Central,Office Supplies,1672.14,384.26
53cdc93f-b84f-481c-a379-6fa5b84e203d,2022-09-06,East,Furniture,737.08,-358.97
9a106a52-6408-4ac9-bbf6-76af7537e85e,2021-12-29,Central,Office Supplies,1684.81,749.66
7ddee37d-ebba-4a66-aa4e-4d28c0fce144,2023-06-07,South,Office Supplies,1113.69,475.2
490c3442-98c3-4a3d-8f92-8bca7aecc953,2023-07-19,West,Furniture,1804.25,320.53
db7be180-aac2-4afb-bc9d-b15bcb8553f6,2022-02-10,South,Office Supplies,1853.12,-88.78
9dca71ef-13e2-438a-bf9e-e7b6f0154f90,2022-07-11,West,Office Supplies,28.11,-290.76
da495408-0011-4e30-a268-d92f1b757ed1,2022-02-06,South,Office Supplies,160.07,32.15
db6f3ad4-0cce-4325-9e88-ebab07fcb800,2021-06-01,West,Technology,508.21,360.05
ee1eedbf-4634-4607-b260-a3ed02dec88f,2021-11-19,Central,Office Supplies,1341.94,323.82
61a4cd19-71ef-4e0a-8dae-ac5c00009f1e,2023-05-12,Central,Furniture,1777.66,-2.57
28d42725-f611-40ec-916f-b778ba8f3e6c,2022-01-26,East,Office Supplies,925.28,297.27
371e7782-5e38-4274-8db4-a7fa18e43d85,2022-05-10,South,Office Supplies,1217.88,557.87
6c5495bf-f88f-4979-b0d7-509da551524c,2021-12-30,Central,Furniture,385.11,-465.83
137b41c2-5f71-41e1-a05e-ad1cbde9a6a8,2021-05-26,West,Technology,1611.88,85.81
05bba5e4-a754-4837-aae0-6e0147acaec9,2022-05-03,South,Technology,1934.98,486.12
e60584a2-08f5-48e7-853b-cc3a4c26fd27,2022-08-29,Central,Office Supplies,544.51,209.99
4341fd0e-244f-402b-8d53-280e1ebd55b6,2021-12-05,Central,Furniture,994.7,346.92
e32a2749-eea7-467f-ae1c-b89a74f935ca,2021-03-23,Central,Furniture,181.37,171.68
3464fd00-ea21-4067-8cf1-493afbb8704e,2023-07-26,West,Office Supplies,1122.68,789.44
be87dbac-a2ff-4996-ab5e-371f1ecd9ed7,2022-01-12,Central,Furniture,1010.54,-428.99
07c62bd3-caf2-4c2a-ae8c-51f9f3d21fd2,2021-01-14,Central,Office Supplies,297.43,138.36
79fc3831-ee9a-41b5-ae58-d695e15ab8f3,2023-01-01,East,Technology,889.71,-381.16
160a56e1-1cd2-4c9f-83ac-0d1b2cb15c02,2023-07-18,South,Technology,674.87,-292.28
deaaacaa-748a-489c-bc1c-09a3b98d15a7,2022-09-14,West,Furniture,1048.44,-2.05
8eb4b40e-b1e6-4f11-946c-4404e2edbb63,2023-03-21,West,Furniture,1175.45,-297.8
b3efbaa9-05c6-4c4d-8523-19ae45ec257f,2023-10-25,South,Furniture,26.91,752.79
bb3f4297-1033-4eb4-bacf-41f0902fe243,2022-06-09,West,Furniture,1524.4,730.83
10ae2dfc-3729-4854-a73e-54e5b119e78c,2023-08-24,Central,Technology,1428.9,-63.06
07a76739-609e-4d33-ad92-abbf65c51c9a,2021-03-13,South,Furniture,738.91,331.67
d498736f-6eb7-408b-bf57-2473098364e3,2023-10-08,West,Office Supplies,115.34,193.88
f91070e0-2cce-4cce-a994-a2ca7738381c,2023-07-02,South,Technology,1512.32,560.26
0b45cb04-e5bc-49c0-93a6-9684036599fc,2022-10-28,West,Technology,1910.8,315.68
c5001e3e-f59d-4194-9021-7062a8179850,2023-12-17,West,Office Supplies,487.9,-499.67
4814e14e-b5bc-4efc-87e4-02c5e05a2a8a,2023-10-25,West,Office Supplies,653.81,492.13
cd4c01b3-33e4-4ea9-baaa-f675b807eb46,2022-04-21,South,Furniture,375.79,470.9
459f5497-abd6-4d74-863f-ec11446cc0d6,2022-07-17,East,Technology,1158.1,162.64
3c1d10be-3025-47f7-9f3a-d6e8f6939800,2023-06-19,West,Technology,318.13,673.79
007fb3cb-cf73-4afa-b2af-6a55b08e8dd4,2023-04-17,East,Furniture,718.83,680.98
df9f1099-0b4b-46c4-a672-5796feef341b,2022-12-24,East,Technology,1397.06,181.09
6f72bca4-db64-4c30-95dc-4812902ea8c3,2021-07-30,West,Furniture,1124.63,290.38
7d10257c-b3f4-4487-b3bf-de5f8f16fac0,2023-09-06,West,Technology,779.06,795.48
d9347309-b72f-4d06-bb44-f3d7cabe2348,2022-03-08,West,Technology,846.3,-111.53
5d316263-4959-4f6e-8c1b-7e93be162e89,2021-02-19,East,Furniture,1128.6,-78.0
74cd4a41-5e07-4fb2-9919-be9116a26e58,2023-05-24,Central,Furniture,21.67,-262.39
29f5010c-8b6a-4c97-b8f4-223bd21a5375,2023-08-08,East,Technology,166.23,664.63
5f0bb32f-e6dd-4be3-a89a-18fe5f8e74df,2023-07-30,South,Technology,1763.7,467.83
254c5028-8a6f-4508-8d0f-e9b5b9e826d0,2021-10-01,East,Technology,164.98,-362.66
58c714f2-a3aa-4839-bc35-bc9a521a21a4,2023-12-28,Central,Office Supplies,1416.54,776.3
66db005e-9488-4285-ac88-d2576831429e,2021-06-17,East,Technology,1840.88,450.25
58f1a399-fbc7-4e98-b7ad-0afc5f429866,2022-12-17,Central,Furniture,548.66,605.68
d0713654-25cb-49de-8add-f902c46ea4cd,2023-01-22,West,Office Supplies,747.28,-437.4
7e984064-e3b1-4fd8-806c-bd3fac334f9c,2023-09-16,South,Office Supplies,1142.15,156.45
5c3e82e9-6867-453f-8ad2-1d5dacfb605e,2021-10-20,Central,Office Supplies,1764.6,408.18
9a26a065-1621-4bd0-ae84-a24bf61d6b9c,2022-05-26,West,Technology,1884.39,205.83
5532a5c2-233c-490a-a280-70d140d1bc31,2023-10-09,South,Office Supplies,1481.73,366.64
777028e6-a53d-4350-9bd1-b61cecba63b3,2021-05-25,Central,Office Supplies,182.37,563.24
dc9eec0b-8a09-48b4-80f2-b34e7365949b,2022-10-13,Central,Furniture,1341.62,-13.36
0af20a23-e3c6-4f79-aa0e-0060ae2a9c01,2022-09-15,East,Technology,826.5,603.27
dc160e3d-eb15-4f5b-81a0-578257ec95f3,2023-03-01,West,Furniture,946.69,-288.21
994a77f9-2522-4779-a004-1dd5fb932692,2021-04-10,Central,Office Supplies,107.81,-147.85
d4fecf58-a1f8-45a4-8a4b-455957765dc6,2021-04-14,South,Furniture,390.21,-443.65
cc79eeca-d9e1-4c82-a8d0-4562beaad00d,2021-11-17,East,Furniture,1583.12,-26.25
d0f64c6d-fa2b-4ff7-a3b7-aaf692dd8487,2021-12-02,East,Technology,913.38,-6.12
b1768686-d31e-46c4-b4b0-258bcad2b7c2,2023-08-24,East,Office Supplies,610.31,546.85
6b4203f7-d2cd-4f44-94ed-228b65773498,2023-01-01,East,Furniture,774.2,349.07
805aadb5-fd91-4a63-9ca4-2a3ce177105f,2021-10-26,South,Technology,1710.26,67.74
1a93a3f1-8502-46c0-8abf-19038b435eca,2022-10-29,West,Office Supplies,1500.51,347.75
ef3bbcb5-4135-44d3-8108-cc5d9351a5da,2022-12-05,South,Technology,551.91,-431.38
2a29e752-f139-4895-aa25-a5788cea3275,2021-02-14,East,Office Supplies,243.83,-265.65
b5b25ed1-af1b-4316-ba0e-681bbd5db7a4,2023-01-13,Central,Technology,511.48,315.03
1dee8ebf-7d3a-467e-95bb-fd22c9a84bdd,2023-12-12,Central,Furniture,1842.31,333.78
cc027d43-d622-4179-bb5a-d45d535322bf,2021-07-31,South,Furniture,1167.36,506.38
651c21fd-efda-449e-8c67-43e15f9209ec,2021-07-08,West,Technology,1071.63,23.9
648e85eb-d1c1-42db-a82a-113285eb4279,2023-01-14,East,Office Supplies,1196.82,439.32
bff49e06-59e3-40f6-93b7-8bab38151095,2023-10-18,East,Furniture,738.4,389.17
fcea545a-c066-48e4-b013-b8e468729600,2021-12-18,West,Furniture,1616.14,752.41
a4d6c76c-a3f5-4c8d-b9ce-fff31b3ec681,2022-04-02,West,Technology,1051.34,-220.33
b1a63ccf-d597-4a14-a7dc-08577422acb0,2021-01-18,West,Technology,242.33,217.18
b75901d0-3036-481c-80d9-8272e52e1409,2021-10-08,Central,Furniture,266.84,282.29
f822c3b6-cb28-49c6-a4a7-ad110027112a,2022-04-20,West,Furniture,1078.35,798.24
7ec59e55-1b98-467e-8cc8-8dc68127a367,2021-07-25,West,Technology,1873.77,-238.46
b1e76ab9-127c-42f0-aa74-bb8724f47c35,2023-10-08,South,Technology,623.62,180.18
c17c2577-3de8-4a53-8e7a-7311f33a72c8,2021-09-24,East,Technology,1740.39,-49.96
35910434-d342-46c9-8d88-136e67f778de,2023-10-02,West,Technology,1530.55,183.66
f398d16e-18b9-40a2-a364-42e58abe5779,2021-09-23,East,Technology,503.15,-198.23
0426fe7b-0604-46dd-b0e5-ce91d082b3b4,2022-02-25,East,Furniture,82.32,-438.1
3503ae05-1efe-4e73-8bb8-815707f6008e,2021-05-27,Central,Office Supplies,212.68,244.34
ae34097a-c6ac-41e7-93e1-4d832f8af5db,2023-12-06,Central,Technology,1459.7,-63.39
73dd8d31-40e1-4b51-9128-58041243161c,2023-08-17,South,Furniture,407.34,-263.48
f1e34d6c-6c02-4976-9e73-b307f37590d3,2023-03-27,West,Technology,748.83,-78.88
02b49d26-672b-4fa7-a95d-a34b5b860e79,2021-12-23,West,Office Supplies,1008.38,-435.94
57d9f647-4cda-4bf4-98f9-bfb4b2a43bf4,2021-04-06,Central,Technology,1453.68,735.57
4dc4f59c-355c-4fff-9ffa-7dbe63436870,2022-10-02,East,Furniture,235.33,255.49
eb680076-96f5-49cb-9e87-ad6d6db3bda5,2023-11-13,East,Office Supplies,818.67,559.2
97e4e173-9d63-4da6-a29d-c0737a7b029b,2022-01-17,South,Office Supplies,975.3,50.05
fa1d8ded-7dc8-47a2-adda-a3b60ab84fe2,2021-10-15,Central,Technology,1086.25,674.31
59fbb46d-51d3-449c-bfff-a983081190e9,2021-12-31,South,Furniture,1638.54,128.31
793daf5a-b35c-4601-817a-f0cb07f2422d,2022-11-06,Central,Office Supplies,351.64,246.13
c0bf3b37-623d-4905-8c3e-b36ddc75f4cc,2022-05-01,Central,Furniture,1617.58,139.33
6c362d23-1916-4984-8510-c97a89fd09b5,2022-04-25,East,Office Supplies,1388.83,453.26
e171582b-9ec7-4199-964d-ce39b047824a,2021-01-23,South,Technology,1116.18,236.65
af5235bc-f8ab-43f4-b2f9-ade159debc39,2021-05-27,Central,Furniture,1402.06,-146.92
61458972-06fe-49ea-bea0-9deb7d84dae5,2023-04-26,West,Furniture,829.92,-310.8
c25110f8-7cc9-4b10-b677-fb0609e6614a,2021-06-05,Central,Furniture,285.41,287.96
408d5212-7991-429a-963a-6695e7e77386,2023-10-05,South,Technology,1334.87,135.93
3ed1d8f8-153d-4c6b-9790-834b8b3236d6,2022-04-27,West,Technology,1054.1,-375.23
a19ccc9a-b732-4e2b-94a4-2bf0b96a5305,2022-03-27,East,Office Supplies,1282.36,14.3
613dec3a-7466-409d-9810-c0abec1c9109,2022-02-22,East,Technology,682.62,169.21
9a861a16-3dca-4d82-965e-b679bfc1e2f1,2021-09-19,Central,Furniture,1814.66,574.96
52a7c5d6-08ca-45a8-b822-b39dfbe770a6,2022-04-06,Central,Office Supplies,1178.87,-401.07
b43bf88c-c6f4-4468-8d78-e1c84f4ff145,2023-05-09,Central,Office Supplies,179.95,-46.96
9d1c92f0-3770-4be5-b381-c6ebdac9d4a4,2022-02-25,East,Office Supplies,905.11,569.45
af0f134e-02a2-4fcc-984e-e3db691d8bea,2021-08-30,East,Office Supplies,1515.15,342.95
acdcb47b-dcdb-4021-97ea-f79c20ddc8b1,2023-11-06,East,Technology,1590.33,-123.05
819c84c4-ef7f-4e3f-873a-7522c7e4cbe5,2023-11-04,East,Technology,994.25,598.94
2e654dcc-8087-44bc-91b0-830f71c629a6,2021-02-17,South,Technology,1790.55,141.28
90a71d24-b277-4e31-8655-6f9a7692f681,2021-09-02,South,Technology,542.66,147.86
8921349f-eccb-453b-8d22-7ff2635fa3f3,2023-12-13,East,Furniture,827.09,769.56
40d1ff56-0c78-4409-b96d-c079a75908f0,2022-03-11,East,Office Supplies,1798.21,731.25
8448d4ed-b2be-420f-9e1f-86f795ede22d,2022-01-16,East,Technology,1793.55,-33.91
73a44f97-e6fa-403b-ac85-ef207db8aa1c,2022-07-26,South,Office Supplies,1374.57,-317.25
0a3169f7-29a9-4bf0-9a82-95a04b1b9280,2021-01-12,West,Furniture,1719.37,-76.63
6d3e4848-54d7-4728-99e3-05e54a5039e6,2023-12-20,East,Furniture,186.66,-460.37
f7f3dc54-27a0-4911-afd2-9b721c13a1e7,2023-07-23,West,Technology,1731.34,-473.0
7b6deeca-32f9-4ae0-93aa-84b0d65e2bcf,2022-04-23,South,Technology,648.03,14.18
63265564-0175-405a-bfc1-428a7c7ab691,2022-11-14,Central,Furniture,364.88,723.33
a7641ff1-ce8a-4e7f-be99-919ec696e772,2022-10-02,South,Office Supplies,486.35,632.76
6070b244-c5c0-4d05-ad37-ba8ce7c8f28d,2022-06-30,South,Office Supplies,841.76,164.88
39323a07-2ec3-48e0-8d62-00500b3b5efa,2023-12-26,West,Furniture,509.87,234.79
9564d4c1-aedb-4262-9d95-b4d7570edab2,2021-05-22,East,Office Supplies,647.93,-492.29
b6bd6dbe-3a8e-46fd-be4c-410bd87534bf,2021-07-03,West,Technology,278.61,-219.85
f2b2d2f2-b366-41c5-8ef4-83f671d5a861,2023-11-05,Central,Furniture,599.39,-467.79
2a184cbc-19fe-4052-9db8-0b51e9623c3c,2023-03-11,East,Office Supplies,1148.84,480.9
fa926f97-bd87-4f11-a1ca-afcd23a2f59c,2022-10-24,South,Furniture,889.29,-310.66
060fc65e-9011-4e99-9aee-c74ff2591fc7,2023-10-19,West,Furniture,699.97,629.76
cb59b151-5dde-4466-bf03-66ef702724eb,2021-04-12,South,Technology,1495.44,336.32
b55a478e-0541-43ca-ae12-bda9b2ec7ff4,2022-06-07,East,Furniture,1788.08,-201.76
5e48245a-b19d-4b55-a5ce-fa0f8671e213,2022-10-10,South,Furniture,1516.01,-294.96
6b2afb3a-1b38-41ad-8b21-cf12a284598a,2022-03-02,West,Office Supplies,670.68,315.91
6fb0c665-4766-429e-8895-df3c7941a6a4,2021-01-13,East,Technology,1491.44,671.09
1122e28f-6c18-4b52-b3b9-66e28eaa0112,2023-08-10,East,Technology,312.44,433.87
e0b641d0-4345-429c-9655-8df410af54cc,2023-06-14,East,Technology,269.33,-46.89
79810edf-5b8e-46fd-aa29-ee4cf2db83c8,2022-03-19,South,Office Supplies,697.8,263.6
3e447305-eb55-420d-81d2-31cb66bd5d42,2021-06-10,Central,Furniture,1617.33,-96.01
2334fcc4-e022-4de0-ad88-bddae8180064,2022-04-25,West,Technology,500.23,798.89
161cd674-2978-468d-862c-06921efa91a0,2023-02-08,South,Office Supplies,135.87,473.49
324ef0f7-aa25-48da-afd1-843d92071602,2022-07-01,Central,Furniture,272.1,298.7
8bc15738-ff1b-46a0-a8ec-b6a17233bf8c,2021-10-26,East,Technology,1718.9,50.24
7a5653b3-4354-47e1-8eaf-b35b5f91b1af,2023-08-23,West,Furniture,1271.23,303.6
a800d519-ca3d-41cc-b88a-a20e111b0acd,2023-04-18,West,Technology,513.87,-55.9
1da85583-69cb-4141-9505-d99e2f7d987d,2023-08-22,West,Furniture,1115.04,-462.48
33d3958a-3b74-4fd2-8a2d-6f038f464f34,2021-04-11,East,Office Supplies,1059.88,13.62
bf23f095-221a-4dd0-8ce3-492325bb2b7a,2021-10-27,Central,Technology,1314.32,709.63
5f321f6d-02dd-45c2-a405-8e04b393cb2d,2022-12-28,South,Office Supplies,474.04,314.19
031d45fc-c9c0-4379-829c-34f70f5bc40c,2021-03-02,East,Technology,1730.16,-390.86
44113459-aa79-47f8-8649-c4c31cdd5a61,2022-05-12,Central,Furniture,625.64,650.49
4da7f632-0244-4c10-87d0-1cf295e81a39,2022-04-29,Central,Office Supplies,1391.32,-150.46
51ccaa40-2316-4b59-8fbb-f4e3e160e35b,2023-09-16,East,Furniture,42.09,-183.1
7afac8ce-dc4f-47fe-be61-8f4bebb511e6,2021-07-28,East,Technology,751.59,-113.78
a9fe494e-304c-4b39-b6ab-eff0cd1d19da,2022-04-12,West,Office Supplies,709.9,250.36
36d0bb41-7a8e-45a9-ba70-425b7989d78e,2022-05-20,South,Furniture,1091.53,208.09
8d938a78-634a-41a4-ac23-9586195b2525,2021-05-25,West,Office Supplies,154.75,138.84
dbd34a94-8a99-4027-a085-0656a22646f5,2023-11-30,South,Technology,1582.36,432.8
aac5e8a3-2567-4f2a-9227-b7accdca6bef,2023-09-12,East,Technology,443.38,-88.5
25391b09-8286-43c8-9b9b-c56e2080293c,2023-08-27,South,Office Supplies,1357.31,516.68
7a49c96a-1168-4e55-82b1-4f24dc76a6a8,2021-03-28,West,Office Supplies,1608.39,-272.08
129543a4-fcc3-4cc7-bd67-eb3e836d2c1f,2023-03-02,East,Office Supplies,1128.14,517.41
a07f3385-3f3f-462f-aa2b-ec6b90efb126,2021-10-06,South,Furniture,1484.36,362.95
a028dc87-d6fb-4a95-a9db-b362c0dfb921,2022-08-22,South,Office Supplies,1327.1,388.17
d3f63623-39b0-4426-b007-1d3b5c99d8ab,2021-04-29,Central,Furniture,717.5,126.02
c09b61e4-0f46-4b11-a809-4564433121ff,2023-11-03,Central,Office Supplies,1619.63,367.1
520b7950-dee4-454b-8afc-13fb6e8f19bc,2021-04-20,East,Technology,596.46,-396.26
314e9b45-0715-41b6-a506-6540c7d77fbb,2021-02-12,Central,Technology,1146.71,607.02
5fa9a39e-ee47-48d4-b9fb-97b9abf1a574,2023-09-26,Central,Office Supplies,1493.34,-427.79
d61c8113-9b3f-4c54-b327-f33e6409e93b,2021-11-07,Central,Furniture,764.12,-306.64
e8527018-bfa4-4e84-b987-51a2ddef7af4,2022-05-10,West,Technology,612.51,249.83
f30b15eb-9d69-4f34-bab7-b78f209875b2,2022-08-19,East,Furniture,924.1,461.23
68127855-e384-4c71-8271-b0d0ca5c159e,2022-05-12,Central,Office Supplies,1637.75,-400.87
a2a5ef39-c163-4f1b-9f32-f343a562f0a0,2023-08-16,West,Furniture,1860.54,696.99
85713253-9956-4d9b-bdc8-7f792843d696,2022-02-20,East,Technology,1094.72,765.69
1336d4de-c5e9-43c3-bf44-23d549a1f7a1,2021-10-09,East,Furniture,1326.32,287.74
6ad5401e-07e9-4b0b-998d-eba36ec8261b,2023-06-17,East,Furniture,1807.51,125.62
b4586ea4-15b8-4fa6-8fca-b2a910fb436c,2023-07-12,East,Furniture,206.11,463.81
c5ddf574-2543-4b1a-86ec-9e60e4433474,2021-09-30,West,Technology,471.84,-73.14
4702fe75-5e98-4fdf-8a3a-1171a432cc60,2021-02-24,Central,Technology,1420.71,141.24
a67155cd-76e9-4fdc-87e4-b3f364ad2b39,2023-09-13,Central,Office Supplies,1649.25,691.0
576b67e3-eac7-457b-bc96-fd06ce8b30ce,2021-09-29,South,Furniture,1715.49,742.35
9af4ab8a-8908-43f9-9619-5c4f4db1f8cb,2022-01-11,East,Furniture,836.06,705.19
dafa1c94-4ee2-4290-ab59-003a53bc0611,2023-01-17,East,Technology,187.79,-158.82
7cdfa469-82ed-4aad-b84c-2537f2d0a15c,2022-08-17,South,Office Supplies,881.19,-197.79
d6e9fa04-df04-4782-81e6-206862d70bec,2022-08-16,Central,Technology,469.16,-113.04
8f6875a3-b1fb-4012-96ed-79efb03e5eb4,2022-11-04,South,Office Supplies,589.48,73.7
996e782f-9aee-43e9-aea3-98c6ec677b25,2023-06-25,West,Office Supplies,1546.81,-91.58
2323f3de-92f0-428e-892b-3dc3a937dfd6,2023-10-29,South,Office Supplies,160.3,-13.52
b1012b0f-174a-4825-964a-90627825e2f0,2022-10-20,East,Furniture,1656.89,306.83
8861972e-57a8-4eef-b9a8-743d7d5b6037,2023-07-21,South,Furniture,861.06,491.28
101c778c-a1a1-41b4-9dca-34888459f41e,2021-09-27,East,Technology,1196.17,456.23
ef252aa8-44a9-444f-a10e-193140686515,2021-09-18,East,Furniture,188.41,558.75
982cd08d-49f8-4d9d-9fef-b72a4570b7fe,2023-06-05,West,Furniture,681.34,-458.16
ed441085-5024-46c6-ba53-de538375e8f9,2022-06-24,Central,Furniture,188.5,-437.95
3d4a49ae-e83f-4a2a-92fc-6f48e7e337c4,2021-12-30,West,Office Supplies,1923.47,526.2
f8eb51b8-5938-4971-b0f6-d8b690e65aa4,2021-12-26,East,Office Supplies,1616.45,193.0
55c275e2-d363-421f-b11c-dad44e6ccc79,2023-04-15,West,Office Supplies,924.67,251.58
474d3a1a-695a-42da-ad14-e5bf848622e3,2022-08-20,South,Technology,454.97,-431.64
ab707385-6c81-4f55-9906-d534438f9d83,2021-05-25,West,Furniture,1867.58,-168.09
9cf116dc-c4b0-4ad1-b037-e34da8bb81dc,2023-06-03,Central,Technology,695.75,329.86
cd5fe3f4-23a7-439d-8971-d849e3fb1c48,2022-01-24,South,Office Supplies,330.36,616.94
30a19d7d-4b86-4f69-b036-89a4c518c20b,2021-05-25,West,Office Supplies,1130.7,692.08
b66e550b-5c8a-4866-af9c-5cfbafe601c5,2021-04-12,Central,Technology,1888.11,150.55
3457c8d7-5236-44ef-8d8b-10518af35cd2,2023-08-30,West,Furniture,17.62,209.12
85261ad4-94ed-4114-b672-e14bcc4bbc6f,2023-04-22,West,Furniture,483.87,582.96
b905a7b6-b97e-4830-9e01-86462c64f73d,2021-10-26,East,Furniture,1877.51,198.91
3f3d2b89-a37a-4c5c-8a9d-3213e04b1533,2023-08-04,East,Furniture,350.46,171.92
a22966c4-ca39-465a-991f-210234aaf8d4,2023-11-18,South,Technology,235.35,676.61
e3245730-2ede-4051-965e-040dd4946414,2021-01-26,East,Furniture,1144.67,526.91
5fffe8e6-7f38-4ce2-8f40-7865a5c11300,2023-08-23,East,Furniture,1725.07,681.79
b7900752-7bfd-4c74-a441-e11e3ee1db8e,2021-12-25,South,Office Supplies,959.45,-216.28
75863743-9174-4c0b-aeb7-4413454f3fbf,2022-04-20,South,Technology,1989.18,181.69
4135b443-2576-4869-9765-f41889939c6e,2021-07-17,South,Technology,1361.55,595.21
1fda98c9-40a6-4de4-9271-e2959b21c065,2022-03-12,East,Furniture,157.41,-355.51
8cf996a3-d028-4602-a066-5e51f76d7126,2023-10-13,East,Furniture,1985.74,533.06
11092f7a-00d6-4c63-a4a0-f44bfbdebeb5,2023-09-08,Central,Technology,821.71,-262.13
413b48c4-ef22-4e93-8fde-a771305d9749,2021-08-20,West,Office Supplies,581.93,550.55
ef4bd7a8-746b-402f-bebb-f6dfed84acc9,2022-04-02,Central,Technology,1120.18,295.6
d2376d22-9565-4c2f-8cf7-0470fda8977a,2021-01-04,West,Office Supplies,615.57,-248.79
6ba57136-9144-4442-82d8-a7f546ef7aaa,2022-08-12,West,Furniture,182.05,115.36
fb48ac14-0d0d-4136-8404-fe9a32fe1dea,2022-10-22,Central,Technology,12.84,386.48
7d53c706-fb50-48f7-a0cb-feca6d7e39bc,2023-11-13,Central,Technology,904.67,324.01
6fea84f5-79f3-4373-9bab-13ac9863bb20,2021-10-04,East,Technology,1675.36,55.42
23c52c31-1e93-4ed6-902a-12a5630ae016,2023-03-07,Central,Technology,1148.91,669.18
c2978392-5c80-4220-9f77-765f2e5ce13a,2021-10-19,South,Technology,1998.42,175.04
0a813e88-0df3-4a58-be83-3c05cd21fb86,2022-02-24,South,Technology,580.82,157.63
1b829ae1-4700-4de9-91fd-de63d8e0713b,2022-09-30,East,Furniture,568.11,-419.07
209ebc46-44b6-4c9e-8904-59d78c69e2e8,2021-10-25,South,Furniture,327.9,698.76
be36c36d-ecfd-4eed-988c-49b2c8abbf0d,2021-11-10,Central,Furniture,336.49,-269.75
0a39561f-3473-49d3-ac5b-059aafcd2960,2022-04-11,South,Technology,577.52,186.85
0f5449d1-910a-4ebf-a909-3889e42cfe33,2023-11-14,East,Furniture,1587.75,544.64
fa11f0e7-566d-46e8-9c86-cf6f0285ede1,2023-03-15,East,Office Supplies,1812.46,-219.91
48c08d33-46f4-4ccb-b835-de289fd60efb,2023-04-17,East,Office Supplies,1950.42,185.59
386e995d-3b01-4893-bd9d-38e36e078bdc,2023-07-29,West,Technology,472.26,-187.11
c07126f3-9213-4643-9a89-8be79e49b057,2021-12-24,West,Technology,1763.78,487.6
5a8258cb-8d78-4a9b-ad87-adb64448cbb9,2022-01-05,West,Technology,663.23,233.64
05e05148-26d6-404f-bc82-3de9d73c9259,2022-02-04,West,Furniture,234.55,612.77
c329732b-5114-4ac7-9588-e38e8dbff478,2021-11-21,East,Furniture,1741.35,662.93
f765f8a0-ce43-47c4-abfd-dbf938498d35,2023-01-05,East,Technology,1275.85,343.35
8aad970f-3401-4fe9-a21e-1d14d33b05e6,2022-07-31,East,Technology,337.81,443.01
290fb2bd-f458-4d04-8476-fc349dc59ddb,2021-06-09,West,Office Supplies,865.36,213.99
9d37c5a6-bd8e-480c-923c-cd6417576cc8,2023-03-30,East,Furniture,581.64,-0.24
cf3eb0d7-450c-4845-b95d-b36ffa8a47d6,2022-08-16,East,Technology,1476.22,342.55
3f068051-187e-4974-9fe3-61117c7b5816,2022-11-09,Central,Office Supplies,912.3,680.78
3df5516b-3891-47f7-a809-f986d86af8f9,2023-08-10,West,Furniture,1978.67,41.68
e4529643-2a67-4ce3-9c0f-37d575a239b1,2022-01-31,West,Technology,118.94,-91.27
478b640b-3868-4ee5-aae9-81cb2c6d523b,2021-02-27,West,Office Supplies,716.48,4.97
abd13f1a-3d20-4440-80cf-a44d1b7db566,2023-02-28,South,Office Supplies,968.98,66.02
dc63a196-9463-40bc-af68-d3b34ef97a7d,2022-11-07,East,Furniture,1011.24,-404.37
7237e20d-62fe-4cae-997e-b35599870266,2022-07-17,South,Furniture,638.71,147.97
d8e77ca2-19b1-4043-bb70-324e36a09573,2022-03-24,West,Furniture,1461.19,142.61
71b2b47a-b661-4c50-a895-b96f14fdc3a7,2021-09-30,Central,Office Supplies,1750.75,264.98
e35bba6d-bd39-409d-a67f-aa8371497c71,2022-03-18,West,Technology,1878.05,-28.33
c02d7e7f-9d74-4bb0-99c0-076f626cfccc,2022-01-22,East,Technology,1612.14,297.04
c3dab31b-8a90-417c-85e5-120a615256aa,2023-05-24,West,Office Supplies,1702.65,641.68
ac5e1ec3-e1be-4ed9-b483-518e458fa881,2021-10-02,East,Furniture,1105.59,742.11
e0099d7a-ca22-4c56-afc8-503c7dd43e50,2022-08-20,West,Office Supplies,1653.52,258.7
054da197-5273-460c-97a0-3c178620a10a,2023-08-22,Central,Office Supplies,613.97,-444.63
634d7549-9d9a-40e1-81ef-688b7fc0922e,2021-07-27,South,Furniture,802.97,760.01
3499a783-9b47-4e77-b133-5445d695847a,2023-05-12,Central,Office Supplies,640.66,417.62
13cdaa4c-b415-47cf-a4fe-fbbe5f7a6026,2022-05-28,East,Technology,940.1,-63.25
aeeb5608-b2ed-403d-9641-aee399d81764,2022-06-18,South,Furniture,578.3,-308.69
676cf539-c9be-43d7-ab1b-0f5260ae9b09,2021-02-02,Central,Technology,1923.61,-313.56
5a6f9b6b-5070-4efc-b7ca-273b3506880f,2022-11-30,South,Furniture,632.56,-281.93
b705e692-3faf-4b34-862e-27af67b4c897,2022-02-22,South,Furniture,205.11,-440.76
61233eea-3b1b-4755-a600-fd684a69ed38,2021-11-14,West,Furniture,1058.37,672.8
f5ed7ddf-783f-4cd0-a0b2-f35699b62656,2022-06-13,East,Furniture,123.63,203.0
903506bb-ef6d-4fc6-afbd-f3690636f35e,2021-02-03,East,Office Supplies,229.98,409.95
108fd94b-b294-49b6-a53d-ff523e7b8fb1,2023-06-17,West,Office Supplies,446.58,576.54
0599e1f2-ccd3-454c-b68b-bbc673c66188,2022-06-24,East,Furniture,934.06,529.0
5c098a5c-585d-4d17-9258-14d9638cf9e3,2021-09-11,Central,Office Supplies,872.17,647.39
6fb0d297-7daf-438b-853f-1a4361874fa9,2023-05-20,East,Furniture,1601.39,757.43
6c944bca-e8c0-4c02-b200-fc98b963c2fc,2023-09-12,East,Technology,1481.55,70.79
59259acd-4142-400e-aff6-fa9a16e6e8fc,2023-03-24,West,Office Supplies,858.37,735.44
e95e8740-5dd9-4744-84e5-27ea3a82b37c,2023-08-24,East,Furniture,674.07,440.28
28791fa4-7a80-4dd0-8286-2014ff41e2a0,2022-08-03,South,Furniture,639.77,-408.13
95e2f91b-da88-4b20-b819-58f22b258bdf,2023-08-04,East,Office Supplies,1550.25,386.32
87eb754a-995e-45bd-8465-3d5fa51f4e7c,2022-02-27,South,Office Supplies,113.62,392.73
094a8492-d88d-41dd-b21a-3244cf6579ec,2023-01-16,Central,Office Supplies,35.52,677.62
0c485217-5d54-4496-a1a6-51c5faaa53fc,2023-09-09,East,Office Supplies,1593.13,-15.19
b504cdaf-1708-4003-ba84-3b35c2bde805,2021-01-13,Central,Technology,959.52,260.38
9d8e20d6-17a6-4138-a8a4-14a7ea7523fa,2022-01-22,East,Technology,270.45,-484.16
4019a1f6-0cd1-4081-8d85-e013b20004fa,2023-06-04,Central,Furniture,478.78,-68.3
4151344e-ee98-46b7-8677-098c144a1458,2022-10-26,West,Technology,1865.68,-419.08
244220c6-4b0c-400c-a626-c97d73fe6a93,2023-07-29,Central,Technology,1720.41,178.43
defa6d4a-474c-4879-af96-bbffdbc6ac37,2022-10-18,Central,Furniture,1422.47,562.68
68d2a842-3aa5-4e1d-af9f-02e5ea7c8b0c,2022-03-17,West,Technology,969.63,-231.62
11186c1a-8540-42b0-aaa8-2f4e4fc4e8cd,2022-05-23,West,Technology,1045.44,185.67
9ef63a80-179f-4235-9f2e-f2803b5844f5,2021-11-22,Central,Office Supplies,1950.74,-234.79
c8794a56-a795-4d2b-9296-81b00d5979bf,2022-05-17,East,Office Supplies,1931.88,-343.1
dde7110f-f42e-48ee-9f30-1cb5c8c574fa,2023-07-23,West,Technology,438.39,164.3
49ca4ae6-2d0a-495a-bdb8-65cff106b83d,2021-05-30,East,Technology,1624.1,-397.11
6c5b07b6-f127-47bd-b862-32528c45b36c,2023-01-01,Central,Office Supplies,402.51,263.56
046606f6-3c7a-412d-aafd-3660e5199bd9,2022-09-21,South,Technology,434.94,-459.26
9a463e70-3204-406d-b61a-84b9cec74f48,2022-05-25,West,Office Supplies,1355.43,-361.27
c5d899df-113f-440f-93b9-6213b6684e19,2021-03-11,West,Furniture,815.95,215.0
c87c1935-d139-46d8-84e0-137119fc9448,2022-02-06,East,Office Supplies,1863.77,268.83
c7706e6d-1fc7-45eb-88b1-2a442dc149dd,2022-12-13,West,Furniture,187.13,-462.32
5e723c24-c2c7-4d49-8dae-27d77668d540,2021-07-13,South,Technology,1027.94,245.39
889dc47e-2718-4112-adcd-f65db924312e,2023-05-04,West,Office Supplies,1837.86,590.05
c972d38d-3ee2-411c-afd2-908feea163a7,2023-03-24,South,Technology,1809.19,439.01
2bfaba2d-dafb-4997-9352-8440023d35cf,2021-11-09,South,Technology,321.49,-329.46
d034ce89-8364-4560-85b7-e83cc42f7d59,2021-01-08,South,Technology,739.61,270.22
e5141d91-8127-4cf9-803b-d70b054dc5a9,2021-02-28,South,Furniture,1242.05,373.93
2ac09858-228c-4659-a4d0-72f80e8db9f5,2023-07-09,West,Furniture,327.2,-451.6
d8b6a802-27e9-4dd3-b814-c4920c604d99,2023-07-04,East,Office Supplies,1936.36,611.95
9be5662a-dc97-4a81-bdee-d56a21ddd27e,2022-06-13,East,Office Supplies,1830.35,678.15
c87d01c2-92e8-48b1-9e00-3828d5935e79,2022-03-02,South,Furniture,342.23,605.59
74773879-3eec-45dc-b660-302f477eb375,2021-07-31,East,Furniture,251.1,572.02
b6a35409-1c20-486b-b5d0-44fb2cd64d84,2023-05-06,Central,Furniture,179.96,468.45
9b23854f-a3df-45f0-a97e-86fe3f8b015e,2023-03-02,Central,Technology,1819.79,323.46
fb9c7872-112b-4360-8ad2-7057c127cdfd,2022-12-09,South,Furniture,395.31,382.22
49861a4a-0025-43ed-a2ca-9f04609eee72,2021-11-26,Central,Technology,838.41,548.31
7d6dca57-cc80-4698-8765-88fe75f53328,2022-03-03,Central,Furniture,903.21,361.25
8ce17e35-651f-4429-8117-1668ad724e2e,2022-03-19,Central,Furniture,1202.03,-73.95
e387eb15-6765-43bf-b9ea-88738a9db593,2023-08-07,East,Technology,152.75,-11.25
a5b8f158-f64c-41bf-b774-6c098669ba60,2023-09-30,South,Furniture,461.25,666.17
c950824d-5a9b-441d-8508-2f78f17b25ef,2022-09-17,West,Furniture,1863.67,-477.74
d66ec576-b7e6-4b4d-93d5-326f9b032c39,2023-11-03,Central,Technology,1817.74,408.47
405db449-c06a-4817-a7bb-18babfd4f67c,2022-08-10,West,Office Supplies,1564.77,741.21
2ab9aa52-685d-4acf-afd6-b83c86022833,2023-03-14,Central,Office Supplies,48.61,418.1
20514111-7fee-46c1-9ba1-17ce80ce9afc,2022-11-05,South,Office Supplies,660.74,792.09
12cb7604-34f6-40dd-8952-9a77ce09e92a,2022-10-30,Central,Technology,1259.64,393.81
d789c624-5e14-401b-bea5-9d94998c603a,2022-12-01,West,Furniture,557.63,-455.33
e7775ef5-9ab9-4e1b-9d93-c7bd4c66b4ed,2023-07-05,Central,Technology,1820.08,575.11
4cad3598-603d-4161-a1f0-41d06993e611,2023-04-18,South,Office Supplies,1271.44,-129.98
7cba8dea-5086-4861-861c-ba485fa5c8d5,2023-08-08,East,Office Supplies,153.09,79.87
372f9fb6-041b-4c79-8014-680432de3097,2023-06-20,East,Furniture,1818.92,-94.28
c016c62b-a371-4326-866b-1f526f7f6354,2022-02-06,East,Furniture,1915.96,-150.88
97266a28-dd7d-4ff7-b32f-4bd725acf1b6,2022-12-11,West,Technology,164.65,60.83
23cce3bb-bfcd-4af7-823d-d884ca5fccf2,2021-01-26,East,Office Supplies,1069.4,-7.62
6577e64d-4d4e-4bd1-8b33-e3c6a62989b9,2022-09-27,South,Office Supplies,613.69,323.34
e6876705-0431-49ef-a46e-c70f3e97037d,2023-12-25,Central,Technology,791.75,557.1
40bf5ca2-7064-42bb-a756-80bb3a215b51,2021-06-15,West,Office Supplies,367.51,-113.78
b67ffa23-7762-46bb-a634-8a1b7c9d575e,2022-12-12,West,Technology,1160.36,-222.16
3466b8f9-e1e3-4199-9f1f-05c37717a7cb,2023-12-24,East,Furniture,1916.38,366.96
f5a98c9a-6a71-4ec5-a162-d1b7769ac892,2023-09-26,West,Furniture,1011.11,371.42
2541f181-f29e-425b-bed0-4e680d250730,2021-02-04,South,Office Supplies,175.0,671.47
19edcdbc-ec39-412e-a3d8-89fae5a456d8,2022-11-04,South,Technology,1243.8,-479.27
59bdfac9-0d99-4ab9-9fc0-ccce4ba08508,2023-06-27,Central,Office Supplies,687.04,608.95
e3157b34-62f5-43b1-a8cd-ea8a7710199d,2021-03-21,Central,Technology,1713.29,177.3
13ffe66e-6ef2-4516-9f42-ca29a747520f,2021-05-13,South,Office Supplies,875.01,307.69
d2333b12-5ad2-4e7a-8b40-601a99260664,2022-02-10,Central,Office Supplies,393.75,-381.22
0a5fcede-7a23-41bc-8d36-192983373b02,2023-08-24,Central,Technology,390.3,62.4
d8e06ea2-de5e-48e5-bb3a-3e15ef1920da,2022-11-16,West,Technology,1539.84,-204.51
54da1012-5a3c-49e0-9158-6f467abdcb0f,2021-05-08,Central,Technology,538.52,-169.51
81b83de2-ec07-4a4c-8f72-8efc3187dc09,2021-05-06,West,Technology,1536.79,155.32
19eef9d6-fdfa-4cb1-82d4-93eb2a7b65de,2021-02-10,South,Furniture,419.72,556.19
8fc45e9e-b60a-4a9c-be8c-ea8a255c4297,2021-11-30,East,Technology,650.16,466.92
826f081a-0651-4897-8f54-c086450511e1,2023-03-25,East,Technology,936.32,268.3
5f0b5135-8566-48c8-a173-e27437fc511b,2022-02-09,South,Technology,1886.96,201.24
5583b4db-6746-4338-b2c7-a202062e0778,2022-11-27,Central,Office Supplies,1864.15,55.5
58d0202b-75d5-4115-9ce8-b890cc6b3a6e,2021-06-09,South,Furniture,421.68,764.52
5e331ed8-48f0-4cb2-9398-6e7f9f2c7e7f,2022-06-08,Central,Furniture,722.86,228.25
95eb44d9-8459-4302-8d1d-036e0d08da99,2022-09-02,East,Furniture,307.3,-169.84
c22c9037-703a-4746-a22f-38841f9071b1,2023-01-17,South,Furniture,1024.87,-200.88
8393a544-c37d-435e-aef3-d69b7ccde71e,2022-07-11,South,Technology,926.56,294.76
8c490e4c-c780-4892-aa93-f2c4094183bf,2022-10-13,East,Furniture,1802.51,179.68
8185ca84-90fc-49ed-bfba-5b2cba89c0b8,2022-11-03,West,Office Supplies,1860.71,-489.99
2740a29d-f7d7-4510-bfa7-2ae11139dd0f,2022-05-22,Central,Office Supplies,773.3,579.08
5484d865-60bf-413c-9320-63afeed5a71b,2021-01-01,East,Furniture,988.56,415.36
bb404bc8-709a-42bc-b6da-79bba91e25a1,2023-10-11,South,Office Supplies,1793.51,360.38
24da0109-4461-4c94-a29c-c64fb8f89cba,2022-06-11,South,Furniture,1615.35,-410.59
3242f61c-ea3d-49b2-8319-8f412467f4a3,2021-04-29,Central,Office Supplies,17.28,-29.33
46983234-6246-45b9-9deb-7a4b17db4613,2023-04-24,Central,Office Supplies,646.92,716.0
0b4476b2-0ab9-494f-b861-7ce964f75c10,2023-02-24,West,Office Supplies,849.33,621.37
22087d01-f41c-4c7d-8319-f3694d8b876a,2022-10-19,West,Furniture,467.14,-128.79
3193fb1c-91bd-4f30-ab1a-ae6a31ca528c,2021-02-01,South,Furniture,407.15,-295.82
e21734c6-d36f-41c9-8caa-2cd36ae71db3,2023-12-03,South,Furniture,85.19,83.81
9174b136-8c0b-4c3f-ad4a-125926d24d46,2021-05-30,West,Office Supplies,1290.31,-37.42
35eaede0-ea83-456b-bd8c-93df41515f1e,2022-08-21,East,Office Supplies,532.4,386.89
29d4056e-10f4-45e5-bdb3-e9a900252855,2023-02-03,West,Furniture,114.17,756.37
ba2c43ec-43f8-4fcf-8997-0b27dbdcfb3d,2023-10-26,South,Technology,469.65,-28.1
381692f5-10eb-46b1-8979-a0e17b8fe7cf,2022-03-31,Central,Office Supplies,1605.81,-419.11
2a6504e1-fb2f-4e8c-aa46-391177e2f124,2022-02-10,Central,Office Supplies,1704.46,666.9
1d3ea32c-7e54-4a1e-ac30-4971ecc11ecb,2023-05-25,West,Furniture,971.3,-450.67
cfcae6b9-75a8-41d7-ab5e-ebe91478e20e,2023-11-28,West,Office Supplies,837.98,738.6
ba5916c5-9de6-4f2c-97bd-9ee6e63f6d3a,2021-10-08,East,Furniture,1955.93,363.95
780b8dc0-d9c0-447b-9f43-04e4fabdc4aa,2021-11-14,East,Furniture,409.12,724.2
93b91ea1-4211-4052-b4de-bda7f4a6af9d,2022-03-18,Central,Office Supplies,438.56,-240.44
e6bd4bbc-e3a0-4a3c-8c44-d60f8efe59c3,2023-12-15,East,Office Supplies,590.82,-447.09
a1ab975e-54a2-415d-bdfb-0259d07b3c55,2021-11-19,West,Office Supplies,353.79,134.67
27d54ab0-86d6-4946-9397-abdfaa399b2c,2022-07-26,South,Office Supplies,764.94,85.81
b770beaf-d5da-408b-ae94-c0b5aaf1c938,2023-08-07,East,Technology,1822.56,-69.06
476a3991-aebe-47a2-8521-e25e96fbcb7e,2023-09-21,South,Office Supplies,1234.54,744.95
e586ee20-c73e-49e9-9806-9315ce62665f,2022-11-07,East,Furniture,829.77,569.36
05b08ce0-d09f-4fc4-b9e8-2ba53ecbc10b,2023-06-13,East,Furniture,1869.48,360.06
5401e034-45ae-45d2-bbbf-d6926f125321,2023-03-15,West,Office Supplies,106.44,-288.28
7fb63b12-4cf2-4624-8243-0329f09fe936,2022-05-25,West,Technology,428.45,454.62
679b03d4-fdc6-4ebf-b96a-3419f906dfde,2021-01-29,West,Office Supplies,1136.12,445.12
4ce33ed4-9779-4ead-b3bc-daee0d211dc4,2022-03-09,West,Office Supplies,1234.95,52.59
1b435fdc-41f4-4834-9cf5-d1fccd3a7e73,2022-05-19,South,Furniture,88.72,702.22
393f8079-8e15-4734-a5e1-7dadd2f62f9d,2021-01-26,South,Office Supplies,812.05,-282.93
e1789474-380d-4643-8891-e9bcd83060dc,2023-10-01,East,Technology,1301.82,-152.46
e7b986cb-76df-4b9a-bfad-4b74f4c800a4,2022-06-05,West,Technology,1399.16,-417.81
b2879bdd-193d-4b13-ad11-b850273beecb,2022-09-28,South,Office Supplies,1279.9,534.09
69a31ab6-5ced-4a62-817e-f8408ace3a10,2022-09-27,West,Technology,647.92,308.29
910aeb6f-6b56-4091-a65c-9da5be160640,2023-06-15,West,Office Supplies,196.11,-90.58
3e141965-14c4-422c-8c90-cdc454ca6257,2021-12-23,West,Furniture,859.95,-287.04
f2d058ca-7b2e-429d-9f80-bd12299606d2,2023-01-23,South,Furniture,266.22,-447.81
c6642ca9-10fa-42fc-a9b2-a838edac4484,2022-06-18,Central,Office Supplies,1895.77,-283.23
0e913294-e3a9-4752-ad16-7ec3505f7c6e,2022-04-28,Central,Furniture,955.59,89.27
6ea28b15-d0a7-43b9-a7ea-ae636f850440,2021-03-12,East,Office Supplies,641.35,-178.67
fa75b5fc-7921-40b3-aa0a-8302276f8e0d,2021-07-30,West,Furniture,1534.95,-163.32
5ed13afe-f006-496b-9572-fd4107d51b96,2022-02-15,South,Technology,1000.92,638.25
7c8c9267-3c55-4d3a-8ed9-92e01e4415f4,2021-10-04,South,Office Supplies,626.97,169.68
ed86a0c9-7dea-4676-bf6f-b946e10d1490,2023-05-22,West,Furniture,1625.82,448.03
36ca9390-96a2-479d-a576-d828f5517659,2022-11-07,South,Technology,1735.63,-453.58
3c304193-d975-4f32-ae1b-670f67c2e684,2021-04-23,East,Office Supplies,1349.29,-25.29
cdf5a57f-9c4e-4e7f-be44-b4c74955f0b0,2023-01-03,West,Furniture,103.46,122.92
99155bef-28c0-4e9b-960b-63a92a36856d,2023-12-29,South,Office Supplies,1136.98,-257.66
da6b391d-6079-4657-97ec-147d53bfa311,2023-04-15,East,Office Supplies,1528.96,-343.75
151248e1-1504-4b41-99c4-d7d61537846c,2023-07-03,West,Technology,281.64,631.39
26696e53-022c-4449-bcc8-39fbcbd363a5,2021-09-18,West,Technology,465.05,721.26
e5865a54-7e1e-45dd-adb4-f81c8a55b7c4,2022-05-30,West,Furniture,1766.17,-397.55
cb28ac77-f855-4dab-af33-268417a1f56e,2022-11-24,South,Technology,50.04,-46.28
26e21c56-a5e1-48aa-b287-b9a1cedf8af6,2021-07-13,West,Furniture,1507.93,745.77
78a118df-0088-4a76-8d25-c8d0fde90c2d,2022-04-13,East,Office Supplies,952.81,-391.89
4a9ab305-222b-462a-885e-05182d756dd3,2021-02-21,South,Furniture,899.08,336.73
adc1e2f7-5de4-40f7-97f4-d848fbd3d538,2021-07-22,Central,Furniture,24.12,763.89
b3322d31-d3a6-4f0c-ab07-8653af878674,2022-05-29,West,Technology,1640.6,771.69
1667b920-926e-4991-aa82-cac85b74c4d1,2021-03-28,South,Office Supplies,726.05,112.59
4f4cea72-e493-4415-aa4b-f5dc0a599c13,2023-11-27,Central,Office Supplies,1086.12,-288.43
ff0e88ea-09f8-4e6f-9997-b85154842b4d,2022-01-09,Central,Office Supplies,1357.83,-237.29
0a1d9238-fcf9-4bbb-9514-9d1a95368ae6,2023-04-18,West,Furniture,1408.23,656.48
ec2c4f79-d249-48d2-800d-f7649d46ea9a,2022-05-18,Central,Office Supplies,1912.4,685.19
e5a5788e-2b80-41ed-8a1f-783a31372ca1,2023-02-01,South,Office Supplies,1067.37,290.24
7d883d25-fe54-4772-92fe-2d04640fac70,2022-10-27,West,Office Supplies,805.44,496.03
4a9b0dc7-97e7-4b55-846f-c2131b87a428,2021-09-25,West,Technology,1907.87,461.91
1259d654-86ad-4b8e-963b-ca599d8d2752,2022-08-08,West,Office Supplies,1287.8,360.37
237c56bb-48d1-40c6-9cdc-546cd4f0fd63,2022-04-13,East,Furniture,603.32,575.46
da36967d-9b2d-4eee-b65b-b06910a012b2,2023-03-10,East,Office Supplies,261.66,391.03
c6acdcaf-a4ba-4ef5-a84a-f9d8428e31ed,2021-04-21,West,Office Supplies,1686.68,194.2
7f151663-189b-4535-83cf-ed3bb32f7256,2023-09-05,East,Technology,730.74,-191.96
48a05e4f-b064-472a-b94a-6d319b428238,2022-10-01,South,Technology,1324.33,467.05
56b243cd-da26-4c89-a4b5-6f4e08335cee,2022-01-23,East,Technology,946.92,115.47
79004406-b1e5-4a88-a9ad-b01daa3e009c,2023-03-15,East,Technology,405.87,-116.77
f3a2e957-5bd7-4a7c-b3d7-9809cf6de802,2023-10-02,South,Office Supplies,1207.36,542.53
a74b151c-4b2c-4c4e-8e70-263a8245b08f,2022-03-23,Central,Technology,130.76,405.73
6b000e3b-66ae-492a-908c-1e18b4a5f712,2023-06-10,South,Office Supplies,832.55,718.54
cb5475bf-3c31-485d-ae35-0ed7ce955086,2022-01-15,Central,Office Supplies,1097.76,-284.93
aa8fb624-4f2f-4eb3-98dd-0b26fc0ea898,2022-09-25,South,Office Supplies,877.73,343.95
7616e3a2-3d9d-49d4-b5e6-6d4c539cb0bb,2023-05-19,South,Technology,1499.86,-182.49
096b9227-27bc-4004-b407-2f12261292e0,2021-03-22,West,Furniture,1657.57,674.66
e0094827-9672-463f-8f0a-1d5b14570a44,2023-11-09,West,Office Supplies,1544.77,-370.65
ff8bb891-1b90-4e3f-a5ce-5ac51e22c6b2,2022-08-22,East,Office Supplies,87.24,353.01
b9076ff3-263a-484e-a048-ba6e72ec6f04,2021-11-01,South,Furniture,396.32,528.41
552dad08-c536-40a2-8850-4c6b12cd1aeb,2022-05-17,South,Office Supplies,1077.85,-38.61
3d3fc0e0-944b-4f07-91e8-44c9b00ecc67,2023-03-07,South,Furniture,1870.3,740.38
68edeed7-6f72-4a94-bb49-ecf3b7f8d284,2022-06-29,South,Office Supplies,1671.56,605.95
ab13b31a-a4f1-4126-ae0c-2cb51f63ed1f,2021-12-09,West,Office Supplies,1686.64,-117.0
bab8ad70-8d57-4064-abf0-a4f1f14cd6f2,2021-01-30,South,Office Supplies,613.38,-490.2
b588489e-effb-4197-8d73-a782967197ec,2021-05-12,East,Technology,864.6,-114.35
a7fb859f-7925-4d0f-a545-5ccc35b39c0e,2021-02-03,South,Furniture,946.7,-134.3
640b1814-2812-49bc-9d3c-d2be08a97c0f,2021-05-04,South,Office Supplies,323.17,656.95
0c858251-10e9-40ff-9857-8862310565b6,2021-08-08,East,Furniture,71.83,757.26
cdba8621-da62-4307-9753-ba9908087cc4,2022-11-14,East,Furniture,1894.34,-408.43
d0013b99-2fc2-4f20-a3ba-24b1408eff3d,2023-05-04,Central,Furniture,489.02,112.68
f76ffc87-a888-4750-b6a8-31c77f63d2b6,2023-06-18,Central,Technology,487.5,212.83
dcd1ad00-b58a-4ffc-88a2-2fe065c1e162,2022-08-10,South,Office Supplies,175.92,-379.21
d0d70956-2205-4294-b319-c9c052d61c9a,2023-07-23,West,Office Supplies,1857.73,-9.25
b517272d-f779-4643-beca-c08c53b04133,2022-06-03,West,Technology,1163.68,-87.79
f543c14d-5095-4881-a88d-37de6c1f0650,2021-05-11,East,Technology,1337.4,196.87
de3e0557-910a-460d-8063-3a98ea5dc3de,2023-08-07,East,Furniture,1824.04,359.55
de823285-01e7-40a0-af18-2049b329b6a4,2023-10-05,East,Office Supplies,697.78,414.53
402758b2-f44c-4255-aa07-a49fc8803bae,2021-11-20,Central,Office Supplies,1246.8,-322.22
e0222432-7ca5-4928-97dd-06916a71efda,2021-01-03,Central,Furniture,87.21,556.83
0ac22e6d-25ee-42db-95a5-7ad7fd05bd92,2022-04-02,West,Furniture,381.68,382.1
8345d6d3-3d72-4c0e-a3ed-6309e25c2f4a,2023-09-26,Central,Furniture,1664.18,655.8
4721fbe9-f502-4e2a-becf-c2269a9a9f1b,2023-02-22,East,Office Supplies,1535.87,84.14
2e361846-b885-4367-b3c7-024de84543c7,2022-07-28,South,Technology,707.78,662.06
025c9425-c557-43d3-89d7-cc9c6af98a8b,2021-08-18,Central,Technology,759.85,625.51
57cc6c2a-b61c-47e8-9c58-a3bea1ac78c9,2023-01-31,Central,Furniture,1071.77,69.93
56516ab6-5f7e-4e7d-9d68-9315ccda78e2,2022-12-16,West,Technology,10.48,-4.51
c5857b6b-7b98-4c6e-9ac6-e2bf00b36478,2022-06-29,East,Furniture,490.08,712.66
33a37a74-8046-4354-b822-58a7d306e664,2023-03-26,South,Furniture,424.38,429.71
ae2bcab8-551f-44f7-a5d6-9a97360824da,2022-08-08,East,Technology,508.46,706.72
be7a38c6-bc8e-4e55-9b97-151da89e4fa6,2023-01-08,East,Furniture,1613.75,536.07
640445a1-87e7-499b-8600-8f33814671a1,2021-03-17,West,Office Supplies,566.55,292.09
972a355c-fe5e-4b1c-875b-2fe1e3bbeeb7,2021-12-02,East,Office Supplies,391.13,-349.39
32586047-9cba-4eda-ad34-3b0f9cca6d2a,2022-08-25,East,Technology,1013.48,-121.08
bb3494d1-f327-43ef-850b-d5b96f581316,2022-05-24,South,Technology,1732.63,759.5
f6d20b48-7477-4444-8a17-c5acccdf1d3e,2022-10-07,West,Technology,490.29,-84.75
4a4a1b64-8c10-43d4-974a-25a0b81768f8,2021-08-16,South,Technology,166.29,-378.77
74d90398-c17a-408e-bf2d-a31889ee49ed,2021-03-22,East,Technology,719.25,419.82
0496122f-5525-40d1-88d4-0d840b653f5f,2021-10-29,East,Furniture,1497.83,454.21
f70fdc0c-a085-4f47-96dd-b15968473103,2022-10-19,West,Office Supplies,1105.87,-128.9
d45d91e1-7979-4bb2-9013-8f7ecab5e9f3,2021-12-01,South,Technology,1635.42,-113.03
76aac248-edd6-4dd7-aad0-9369e0d3f7c1,2022-01-30,South,Furniture,1919.59,109.56
9267e278-9bd7-49be-a265-eddaea02cc7d,2022-04-18,South,Technology,1587.4,-471.67
d5b5984b-50af-4b53-ac4f-98383b1f3a0d,2023-11-23,South,Office Supplies,1211.57,526.12
43c36988-7303-4257-b90f-f1c09744ceb0,2022-03-13,Central,Technology,991.75,-87.78
da2777af-a6ed-4e6b-a43a-35624cdf5063,2021-11-25,Central,Furniture,89.74,609.89
ab1e5fcf-3abe-4cc1-9115-a0ca09e8ede2,2023-09-04,South,Office Supplies,1968.8,543.42
65126fe3-410f-41df-945e-49c7e78579d2,2023-07-14,East,Office Supplies,773.13,359.82
3aae37b5-87de-42ea-8118-d2a543ef0542,2022-02-06,West,Office Supplies,312.93,-77.66
d24e4a96-f3b6-45ae-b8c7-f2360a6119f6,2022-09-18,East,Furniture,1336.75,171.21
00937ba0-65a0-4e43-bd2d-ca8673020b26,2023-03-02,West,Furniture,575.73,78.28
137ba9ec-f569-4392-8c3a-3ed86e152f71,2023-07-18,South,Office Supplies,1175.7,-59.45
8906a4e2-460c-4c89-8da4-0209cd698214,2022-08-10,South,Furniture,1177.67,602.58
f09e64ef-8bea-4f03-a645-3b43d07e22a1,2022-01-15,South,Office Supplies,897.0,128.56
de590698-8072-4ee2-842f-14df6ab075bd,2021-12-28,South,Furniture,1673.88,582.54
c44ba50d-cb6c-4a6e-bb95-8291f3dd69d1,2021-06-13,East,Office Supplies,537.28,-363.22
c4d6afc4-4e63-44bc-89b9-f6c0a3d853ec,2023-04-15,Central,Technology,902.78,-316.67
7f2382b5-0d1b-493b-a9ce-f59399a9a788,2021-04-22,East,Office Supplies,1080.01,770.52
88ba1f6f-36a2-4607-9486-6e3cfd267a93,2023-11-14,West,Office Supplies,1330.61,264.1
c798c498-499d-4830-8d67-6a99a94a3567,2021-08-22,East,Furniture,1570.1,162.7
ecf60826-3c1e-4ac4-9af0-9b921da9c3c5,2021-11-01,East,Technology,795.67,180.1
b9c8ddd8-8f8d-4ef2-a397-3de4fd414341,2021-12-12,South,Office Supplies,1295.63,-220.15
a7f655fb-8b89-43fd-ad5f-62b0541e4d9c,2022-07-30,West,Furniture,309.72,434.32
6df3be7a-af61-4ae1-83a3-5aed33440c51,2022-11-15,Central,Furniture,1865.97,-389.79
3edf665f-a597-4064-942a-965f1465b466,2023-11-22,Central,Technology,772.29,245.32
197634e5-054b-4fbb-bad8-66baf252f8f9,2022-10-18,East,Technology,1461.75,242.0
bb23e712-bfd9-4996-ae5b-6379213fa67b,2021-05-18,East,Furniture,50.48,688.44
4ad5433b-a84f-4cf1-ab45-11214218f371,2023-01-11,West,Office Supplies,418.32,184.04
296fc0d7-6a63-4a6b-81d0-d034abfbcc17,2021-03-16,South,Office Supplies,979.29,-321.82
baaa58f6-343f-45d0-ad2b-c99de7eca309,2022-11-28,East,Technology,1757.72,244.58
c3dd1d6a-18fc-4899-9c86-a6f929f5d43d,2021-12-08,West,Furniture,1059.24,-381.27
ff75659e-4f3a-4530-89ed-6369ee869beb,2021-07-12,South,Office Supplies,1860.44,-235.07
a396fc57-8c76-460f-b109-e9718ad57402,2022-11-25,West,Office Supplies,972.76,-459.56
27d3584c-fb99-4c3e-9383-883b118f1972,2022-04-14,Central,Office Supplies,985.99,167.28
efe5f873-da60-414c-9f16-bfe5df8b6c1c,2022-03-11,East,Office Supplies,248.3,-390.11
10e436c9-3d53-4dee-b41e-2e7c00da1e3f,2022-07-10,West,Office Supplies,1607.29,110.21
c229a415-cb5f-4951-8534-f723c75694ac,2022-12-18,East,Technology,501.46,712.83
2dd10250-f713-47f8-8522-11a8f1c1d53b,2022-12-18,West,Technology,1800.23,435.69
56685b02-7387-4896-83d0-81781d05ddbf,2022-10-27,West,Technology,1822.54,-399.36
d5cf18c2-c418-4fea-801e-59011f16a10e,2021-09-26,Central,Technology,1887.19,-208.53
82c273a9-771d-4808-88db-039cc78fc57d,2023-11-15,East,Furniture,1045.26,375.76
9d47172c-ab01-4101-bb32-aadb1f41c851,2022-10-05,East,Technology,1357.42,663.11
5b33cb3f-1551-4ef5-8916-54e6473eb4b1,2021-07-31,Central,Furniture,1559.25,-457.21
2d28746a-5a6d-4285-978f-48ebc9fbe7f1,2022-08-26,East,Technology,270.72,556.19
8b991282-3075-49af-8e7d-765b634c25ea,2022-01-16,West,Furniture,1205.9,230.36
04aa8f68-b9ae-4292-8012-1516f1e7a280,2022-09-02,South,Furniture,78.25,209.92
cdeb8ab9-9ece-4b21-a9f4-07eee9320c6a,2022-11-22,South,Office Supplies,1000.16,745.16
161fe564-c438-4a7e-8b16-5a76f82c0c20,2023-04-17,Central,Office Supplies,318.14,471.94
2553ff33-298b-4a25-903d-24cffdfbc585,2022-05-02,South,Furniture,374.02,605.15
d0b21f98-85a7-497f-a90c-07eb5793f195,2023-12-19,East,Office Supplies,736.44,-39.81
7a8b737a-31b5-476f-88e9-41fdb0850679,2021-03-05,West,Office Supplies,870.55,220.67
a1ae96a0-c1df-4a89-acba-0cb1fdb99dc1,2023-03-03,West,Technology,1250.11,300.03
da7f624b-5716-4640-87a0-424659f43595,2023-08-13,East,Furniture,158.11,-81.94
6eb1de50-c1ba-4834-8aec-1d2d63a7bc90,2023-05-12,West,Technology,1012.35,241.32
c69ee73d-832d-40cc-8ea9-93a01a8385f9,2023-07-30,East,Furniture,373.42,-192.35
2ae2c9d1-365d-495b-a707-9421cfd2be23,2023-01-29,Central,Furniture,1152.21,-313.61
7bc19e2f-a332-4e99-9efe-c6c530ad41bb,2023-02-10,South,Technology,1278.44,-13.84
b285d65b-bf6b-4493-961b-53afc601b22f,2022-02-16,West,Furniture,1117.85,461.08
bea17713-fe36-44bf-b9e4-21bc1120653d,2023-02-10,West,Furniture,1479.21,691.04
ef0d44d7-a832-4652-95a2-86133a0c5dc9,2022-08-05,West,Office Supplies,677.86,95.03
8eb58d5c-7e8f-4f03-87e0-3fade9b2af2e,2023-08-11,West,Furniture,1532.56,335.67
527c9dea-6324-4e63-b535-ddc2c555b4b5,2022-02-28,East,Office Supplies,871.21,-366.05
e6647803-32f9-430d-9e6e-5122a47cacbf,2023-11-29,Central,Office Supplies,973.53,675.8
30260bb1-73f1-4f26-8950-2a6c0abe31af,2022-03-22,South,Office Supplies,1299.72,239.19
04621030-5afc-46a6-9229-13f100f3e866,2023-10-07,Central,Technology,46.53,514.44
5f5e9c52-ef15-427d-aa21-ee30fcd77150,2022-01-07,South,Office Supplies,1311.45,532.77
bfee7aef-6a60-4a4b-96b6-b8cca6124e53,2022-03-20,West,Technology,1240.98,-166.58
50aefe0d-f836-43b0-81e7-719cd667a724,2023-02-20,East,Office Supplies,626.6,187.93
22530aa4-15d1-42b0-b6a6-b583dcac7b04,2022-06-04,East,Office Supplies,180.73,748.62
85406adb-983a-4235-9891-f8cfd7d050be,2021-08-03,South,Furniture,190.96,-383.48
97c75839-1dd2-4b24-8420-c72d8fb8b736,2023-07-02,West,Office Supplies,1847.22,387.96
8db7c020-7e8d-4bb3-b932-b23322c1d7a1,2022-07-05,South,Furniture,1381.67,750.94
c2f72b1f-b9d4-42d3-8d35-f50cff02bf74,2021-10-23,West,Office Supplies,262.93,-109.25
cf928274-9ffc-4f2b-9ea8-22bb57385567,2022-11-25,South,Office Supplies,719.88,619.88
a3593aec-d5d1-4ae2-8940-e0fa08509d96,2022-12-16,Central,Office Supplies,1189.04,713.75
897e2ce5-4fe3-4b6d-befc-5196512b4c10,2022-01-30,West,Furniture,1672.79,471.21
09f7e468-4b1f-4028-acf6-c879d27960a4,2021-02-12,East,Technology,96.89,-199.27
f0657d73-0e0e-475e-9b48-732fdbd0f097,2022-01-08,Central,Furniture,480.9,-65.8
ff97588e-f6cd-40d1-aa31-e22b4cda3e1c,2023-01-10,Central,Technology,1780.6,-453.45
d0d14782-421e-4ad4-b226-f24a230d27b8,2022-08-28,East,Office Supplies,28.24,580.89
47d9dd10-272d-4ace-bfd0-dce0612c3b0d,2022-12-25,West,Furniture,410.78,604.49
fb372648-697a-496d-9988-5d2a570662ce,2022-10-15,East,Furniture,1918.46,322.52
5d210794-87ed-45ae-b9a2-1729130bb2a3,2023-05-17,West,Furniture,1230.67,-41.71
bd16c038-4ef2-43f5-bf8f-bd67133a8490,2023-01-09,East,Office Supplies,530.73,-400.15
06b19eec-05d1-47ad-a828-b0b74cc1032d,2022-03-14,South,Technology,143.31,478.97
2f4d7d4a-53e7-4d02-88ff-eea5fb33740c,2021-02-08,South,Technology,66.1,444.48
232e444c-de97-4f42-97d3-d848b6388b9c,2022-02-16,Central,Technology,497.04,686.38
997bd7bb-9a58-431a-8663-686eee70e803,2021-08-22,West,Office Supplies,1764.16,449.69
1d061735-5cce-4873-99a1-a2d1da007c08,2021-02-04,West,Technology,837.67,577.3
c49b9178-43a2-49e4-b981-f289185c39ed,2023-01-16,South,Technology,1443.46,469.74
1fac9217-e36e-4b7f-917c-e0825572f1b3,2022-10-17,West,Office Supplies,1837.39,319.89
950ce835-3659-4a8c-938f-b1ef2ec01db7,2022-12-27,West,Technology,822.0,55.06
0c906c01-3b44-4abc-942e-c8b0cce52711,2022-07-05,West,Office Supplies,390.64,672.75
c2b8efc0-d76a-44da-8fbd-b62246c9ae33,2021-05-06,East,Furniture,1039.06,346.26
e9b89caf-8a93-4d39-813d-3c538cda74ec,2022-04-24,Central,Technology,1817.09,17.86
b67af865-cfc3-445b-9464-cda8dbf7fa26,2023-07-17,South,Technology,1610.71,-391.49
decc0209-93cd-4ce8-af69-e0858c871a3a,2022-11-23,Central,Office Supplies,141.0,-122.08
e8048c91-4c15-47ec-8bca-e422b0c37157,2022-06-29,Central,Office Supplies,1388.22,206.84
19b627b5-4c2b-4a96-a86c-1d888d67e82c,2021-11-07,South,Furniture,1148.08,-141.67
ee481499-c096-4be4-a755-978de5341283,2022-04-09,East,Technology,1815.85,-212.39
e0c2442e-eb38-4cdf-8fd8-2aba0a6dc4ac,2021-05-18,West,Technology,253.74,185.61
5550f4ea-a86b-48b5-97cc-b76c6b905645,2021-04-29,East,Furniture,1072.73,-279.23
230b5490-0d53-4045-bdb8-5b9744e05787,2022-05-08,South,Furniture,1760.13,540.53
f1d799af-f2f0-4a8c-9825-068b11997084,2023-01-02,East,Office Supplies,825.95,129.68
e432f23e-1b59-400c-8106-c378969b1bad,2021-11-19,South,Office Supplies,969.17,246.02
cf3b6e13-781f-418a-8ae2-e88e7a1b2bb4,2023-10-10,West,Technology,150.22,-308.4
1b5d3449-8abe-4e04-a7ee-dfe95c72e5ca,2021-11-20,Central,Office Supplies,563.51,-78.05
f08d5f51-9742-42a6-a8a7-926043a8007e,2021-04-03,East,Furniture,655.77,33.12
3f612028-cb4a-4aa4-a520-53b68faa2da8,2023-08-25,South,Technology,1890.79,550.68
2f64a0ad-2b1a-406e-9585-244514fe88bc,2023-07-03,Central,Technology,572.51,501.21
b360e8af-91aa-4b5c-ab0c-bd6ca6032997,2021-04-01,East,Technology,927.13,-210.13
cfef7fd7-a17e-4816-9a97-793bdddf8a27,2021-02-20,South,Technology,1345.9,301.03
ba8f4592-37ea-4bed-b866-9ba9044ffc73,2023-09-27,East,Furniture,332.74,-183.51
bce4808b-2b5b-4e12-a06c-e216b54a126d,2021-03-14,South,Technology,978.02,784.72
aeb4eb8e-dd23-4782-927a-1a33f5110f36,2023-06-06,East,Furniture,1479.69,737.76
686cd27d-fd59-4efd-bd14-01de827aae2c,2022-03-08,South,Furniture,1735.04,232.24
e004c471-85e1-428d-ae70-f6f5015a749b,2021-02-22,East,Office Supplies,1256.26,408.57
bad78868-cb6e-4774-93a2-014b45f7eef8,2022-09-28,West,Office Supplies,1341.42,541.86
7e1e7e84-3003-4603-9782-d6a7c6b92071,2022-08-02,Central,Furniture,261.3,437.3
6e025590-0f32-4b39-bce7-c8078c2d23a9,2022-09-11,West,Office Supplies,1892.1,409.78
6370e0f7-aab8-4c30-9cfe-793d360496b6,2022-07-09,East,Technology,273.82,746.12
4aeeccef-871c-4a58-9334-dce93145d4c5,2023-02-26,South,Technology,1551.6,275.39
f945cfd4-678e-495f-a2de-b12c5821f077,2021-08-22,East,Office Supplies,536.98,327.19
940d8bcc-e926-4a56-a95a-e210973cb616,2022-01-12,East,Furniture,1867.85,604.05
9dcb65be-3fc0-496e-84f4-caeb49a4443e,2022-03-28,South,Furniture,1442.72,370.86
b4f7af31-1fe8-4be4-a3ba-b56cdb2bfd4f,2022-02-14,West,Technology,1510.09,452.81
9af20d53-a5f9-4430-8147-a2026b93cfe0,2022-06-18,West,Office Supplies,445.93,-195.58
1d5720cd-fa52-43bb-805f-33377f67c68a,2022-01-15,Central,Furniture,891.65,-17.35
bf2d57e1-30f0-4f6b-973a-905867d1cb6f,2023-03-28,Central,Furniture,1239.45,-308.51
939d1b61-20d1-40ae-b0f9-08d240c06d72,2022-06-03,East,Furniture,1542.25,157.5
948841cb-a40c-40ee-907f-8c452f3214c2,2023-10-15,West,Furniture,216.88,92.45
3fb00e1b-abc8-46cf-b798-bd221eb6d3f0,2023-10-18,West,Technology,1925.11,796.31
3b195b02-0a4a-440d-b608-90b921e8265a,2022-10-19,South,Office Supplies,1781.54,294.57
0beba1de-beb0-4722-bfff-bc75ff866deb,2022-07-22,East,Office Supplies,547.99,522.38
650c4a03-af1f-4779-927b-a660bb335cf7,2022-01-18,East,Office Supplies,1647.29,-65.78
46cbeb60-37d7-4d4a-b718-a6ad2209cd5f,2022-06-16,West,Office Supplies,1041.46,581.01
00b8a88f-9317-445d-9cd4-3dfff59b39fa,2021-10-08,South,Technology,928.99,299.61
1c5bb4ce-b79c-4fc9-b5cf-fe16a6dfd693,2021-11-08,Central,Office Supplies,635.72,406.09
69d1b037-0385-4534-b23b-be88d478f5dc,2023-11-18,West,Office Supplies,1166.13,-117.24
72737998-34d2-44cd-9763-2be71b61508e,2021-07-22,West,Office Supplies,1462.48,213.23
a5e0ecfd-b96c-47ff-a5a0-f9e224f6548d,2022-10-02,South,Office Supplies,827.76,324.25
5e66d8fa-de69-4076-9f8c-edcdc91ceaae,2022-10-30,West,Office Supplies,1262.15,265.82
60f41905-693f-4bc7-ba2d-0e68533a83b3,2021-02-19,Central,Furniture,1401.63,689.75
466aa217-ae29-47c1-84d4-65dfa8d65147,2023-09-08,East,Technology,1425.13,667.75
db95e988-3398-4604-a9c2-371e71836f01,2023-11-28,South,Technology,113.41,762.28
63a35592-34ef-4156-a55a-b787a292bd6c,2023-11-09,West,Technology,1720.9,367.66
aa759a8a-deb5-4d16-b020-d03f5a69e2c6,2021-01-21,Central,Furniture,921.92,763.49
3e2613ab-a98c-49cf-b25f-3382dbad54e6,2021-02-27,East,Technology,532.21,582.22
461e24a3-f2fb-494a-bd29-6f9c7d6af5c4,2022-02-09,Central,Office Supplies,491.11,-147.92
00c85e9a-408a-4d2f-8c86-e6b66ffcc6e5,2022-12-26,West,Office Supplies,971.2,55.67
0fb83639-289a-480f-b6ad-57f16eec50cb,2021-02-14,Central,Office Supplies,1774.79,-190.09
0f417135-d56c-45e4-a391-5adcc8096083,2023-06-06,Central,Furniture,762.91,-494.54
4a00ae99-8637-4844-b570-7bd6bf922ea5,2021-05-03,Central,Technology,1501.95,-255.54
e19d4f0a-1c44-4135-a9d4-de06342ed9b4,2021-04-19,South,Office Supplies,202.67,-494.72
47820b9c-488f-4db6-a404-c66d49869729,2021-04-04,South,Office Supplies,957.35,435.79
03864649-c4e0-41c7-ad18-50e92d53cf30,2022-01-17,West,Furniture,1983.46,53.19
87935d69-c33b-403e-8923-527f7925dc65,2022-04-23,Central,Technology,1543.17,-93.65
590c3cdc-7455-467a-9623-d84810b72ccf,2023-06-28,Central,Technology,428.95,490.24
730825d1-396c-419c-a4ed-91b84d9e3b99,2023-11-01,South,Furniture,1007.87,582.23
468ebdf8-dd25-4141-b03d-01eb336fc177,2022-07-16,East,Technology,474.91,767.89
63fe0717-f6a8-48cc-ba11-df76d6e75f73,2022-10-17,South,Office Supplies,825.03,334.62
3876fdaa-7af8-4c9f-a913-cb7645071807,2021-05-01,East,Technology,1562.37,99.99
0463aa5e-222c-4fd2-a7a1-66d270293dbb,2021-05-03,West,Office Supplies,1544.74,-103.16
7c641c58-a52d-4946-bc03-032cc7f020cf,2023-07-22,Central,Furniture,463.92,-210.99
f2d1e6c1-fc8a-4016-b808-0dba6273f164,2023-12-07,South,Furniture,1845.22,-223.2
ef19117f-a452-4def-827b-8c898d3f433b,2023-07-18,South,Office Supplies,1189.21,31.95
b8a35c0c-4486-4697-9c1d-73b3250a8bc0,2023-02-19,Central,Technology,766.05,789.32
b09dcd19-413b-4e20-85a3-a4735eeefb7f,2023-06-01,Central,Office Supplies,1008.85,-498.89
a885f19e-dcac-4096-8595-7a60194d397d,2023-07-08,South,Furniture,1214.09,-243.63
bf144332-4f6a-448f-8ca9-7f8184381157,2022-09-12,East,Office Supplies,1124.18,-255.09
91312064-101e-47fb-8532-5a3e6759d978,2022-05-04,Central,Office Supplies,977.95,432.26
3dc0f8cf-1b6c-4937-a282-d170f5080d9c,2021-05-05,South,Technology,1014.82,-41.77
cf492a27-4089-4b7c-8866-7469e6162980,2021-05-15,West,Furniture,361.06,94.44
ab1f5666-f52a-42c4-81fb-0bf53e8a1072,2023-05-01,South,Office Supplies,1627.34,-306.79
9d148109-db18-4efb-8e53-4765ee6e5ef6,2021-06-08,West,Furniture,1088.1,26.5
87a8cadf-eca7-4d15-8c8a-e9ca930cc62d,2023-11-27,West,Office Supplies,270.85,-365.84
7f3dcbf9-a0a5-4b74-aed5-a161ebfce2d6,2022-05-10,South,Office Supplies,1534.65,192.96
262b2cda-00dc-4949-8740-7d86fa3a4705,2023-02-20,Central,Furniture,1865.56,-372.68
c4bbf711-53ce-4524-8502-8ad9f568384d,2021-12-01,West,Furniture,1895.14,527.66
6b732c7a-8dca-44bd-850a-2d22b08c19fa,2022-11-27,South,Furniture,744.35,236.58
7b2413e8-005f-4765-975f-310891653dbc,2022-03-06,Central,Furniture,279.68,441.16
bb8cea35-1bc4-4161-aff7-9a573183eab0,2022-09-17,East,Office Supplies,1041.62,44.07
6cc2e20f-c3a0-4289-b88b-a4454e6c2bae,2022-10-25,Central,Office Supplies,234.09,-4.06
459df649-cdf9-41d6-b22e-d234404c86f1,2021-04-29,West,Technology,1868.63,-372.33
66e66f92-a0fc-4ea8-b310-401b9610b3cd,2022-04-30,West,Technology,375.32,181.01
9a00a4e2-f5ed-4b7f-9787-6a50ab7a63e3,2022-04-21,South,Office Supplies,513.0,168.85
1899598d-5b5c-4adf-9063-bf1890b1f965,2023-01-01,South,Furniture,819.21,108.53
323eab00-9fe7-4bb8-b8cb-74696142894a,2022-11-28,Central,Furniture,772.5,462.67
0bb9c606-5320-46af-beb0-b8d1e3e7e32d,2022-10-23,West,Technology,1591.38,582.26
78ac9c5e-5b5c-47cf-960d-cb39db988c39,2021-05-25,East,Furniture,918.07,476.03
555b9d60-8851-4075-bdbd-210bc2490241,2023-03-05,West,Technology,349.83,-312.97
f51ed666-6e4a-4daa-ba42-87f37e3f1d45,2023-09-26,East,Furniture,541.75,308.68
13865151-b092-4979-8434-d8b88ffbc222,2023-10-04,South,Office Supplies,1023.14,-395.58
2312271f-e55b-4c65-90ae-41e41a6ad169,2022-09-27,Central,Technology,303.43,403.01
0b3b81a9-ddd6-42a8-a925-f2d53b36c46e,2023-03-05,Central,Furniture,1227.19,-3.61
88f47eed-6990-4abf-b792-be4734783752,2023-01-27,South,Office Supplies,1135.84,-327.75
1a44fca1-1296-4c6d-bd15-e59bfef6f9d7,2023-11-06,East,Office Supplies,1432.26,620.67
8c6ef4cd-f9d6-4e8e-bd61-de15ae53719c,2021-01-01,East,Furniture,1876.03,298.21
3881e713-22be-40bc-b7eb-178670f7cd82,2022-03-12,South,Office Supplies,1825.39,-38.86
5ef1cb5b-37ed-4e1a-b6eb-aef4bcef2c15,2022-12-19,Central,Office Supplies,1892.69,-460.05
02fea0e2-41a7-42d6-895f-a84518cb913a,2023-06-26,East,Office Supplies,496.98,198.5
1eca80e9-68bd-47aa-9666-600eeb0f61a4,2022-10-02,Central,Technology,271.81,700.19
96b0356c-a49c-487c-87c9-021ffdc6dba9,2022-09-14,West,Technology,611.53,275.29
35868ed1-e4a2-418e-b328-8280e3ca0915,2023-11-09,South,Office Supplies,1791.22,763.15
3c98fe89-ec6e-45ca-973f-9ac917ee7fc7,2023-10-09,West,Office Supplies,1944.39,-322.61
ce2fbaf4-17f0-4802-9e68-4eac9c9d3925,2022-08-19,South,Office Supplies,1720.06,238.8
8971b1bb-992b-4a0e-8a85-7fe44014c0f8,2023-05-01,West,Furniture,228.94,537.56
c2cb0bc7-f032-4337-a10d-27dcbf153b90,2021-08-17,Central,Technology,1895.38,183.2
b062166c-79db-43f9-8b4e-c2ee3dbff049,2023-08-12,South,Technology,852.48,-381.61
a8449e0b-2ac2-4c1e-8a83-e68d46eed033,2021-01-25,West,Office Supplies,28.53,257.75
01a0960b-ba89-434b-b224-7627c1e0248e,2022-08-03,Central,Office Supplies,890.36,295.26
d12b32e6-7d53-4cdc-9790-6117ed1d4adb,2021-07-26,East,Technology,101.68,447.32
696c5060-cbb4-44a3-b763-4604fe048d5a,2022-07-28,South,Office Supplies,1092.32,489.57
16b5b5fc-199f-4b17-94ab-a577e3311ee6,2022-09-20,East,Technology,683.72,502.0
ecc06aeb-3ab5-41e6-9537-927280f2835e,2022-06-17,South,Office Supplies,952.14,362.48
6d56ccd8-0006-46d1-8715-60e4935f6c60,2023-07-22,West,Furniture,1230.21,-219.45
5b5dc6ed-ef45-49fb-9955-5d44b245e656,2023-06-30,Central,Office Supplies,1738.91,25.51
b2290f1c-8e68-40c1-b3cd-9709c0da1043,2022-08-06,West,Furniture,1327.18,508.97
18f67e0c-bd28-48b0-86e2-e0802a0f31e4,2021-01-27,East,Furniture,873.76,739.46
0577f0c3-925b-4545-a090-9a10fb0f79e5,2023-03-30,West,Technology,1640.66,-397.37
2c0ca9c0-314a-4ace-8677-4ddcaad414ad,2023-09-25,Central,Office Supplies,1812.11,196.2
bccb296d-3bf5-400a-a82e-25e3d2832c0d,2023-08-20,East,Technology,248.32,-93.72
32239f5d-2dec-4b01-bb81-33fb0b928003,2021-04-16,West,Technology,1068.55,-206.99
21f3eb6f-3298-4758-b585-ac00d3c874bd,2022-03-06,East,Furniture,576.18,157.55
a962a21a-0faf-4a84-b5fa-99f24b851e26,2021-09-12,East,Technology,103.65,287.92
226f93e7-9e5f-492d-b9c2-92597310453d,2023-12-26,West,Technology,1340.41,-487.3
e988a44d-b9ca-4928-9e2d-22f6080fc9b3,2021-12-28,South,Furniture,1726.91,514.27
a08ba0ef-5ddc-46f0-b444-10e5b95c1eda,2023-12-11,West,Office Supplies,334.18,565.85
4cb22b3d-c2d6-4712-a152-9522c1afd792,2021-12-26,Central,Office Supplies,1626.7,755.16
2767ec01-6e8b-4bd6-afcf-7c8ed5b1f09d,2021-01-06,Central,Technology,1708.26,-265.16
e6b23125-d568-492f-9032-5480b01b5658,2021-10-08,East,Furniture,1829.54,272.92
01f39146-60ca-40ea-b946-5f6628b8bcc2,2023-06-12,East,Office Supplies,537.92,54.61
8874a1c5-08fe-4f40-9fe1-91732bdf3df4,2021-10-16,West,Furniture,1808.87,-64.72
e4951ebb-d7c8-4cb8-af37-6fbe2cd31317,2023-02-11,West,Office Supplies,648.12,235.32
c3b0de86-15b7-4e01-9bc8-41bd6b9c7e6b,2022-10-19,Central,Furniture,1109.15,517.1
275b7c2c-12be-46cb-b637-8db328542b64,2022-03-20,West,Technology,110.51,-470.03
3ab09847-6f43-47cc-9bc2-b4b46a40e733,2021-01-27,South,Technology,97.32,760.22
4421c1e1-2a8b-4fc8-9006-862ab31eb8f5,2022-05-06,West,Furniture,1443.54,552.85
8e144e1f-b6b6-415c-852f-e1b1b6b4d8e7,2022-03-09,South,Furniture,894.52,476.5
f3310760-87e6-4238-ad59-2953e24297fc,2023-01-18,Central,Technology,520.02,488.5
e6233aa1-9778-4819-ae9a-fb6be6a24a40,2023-11-23,West,Furniture,388.92,5.78
fc0221b4-95eb-4914-aac9-8c18f63e7ed4,2022-01-11,Central,Furniture,1343.21,477.11
284b2e1d-73fb-4c56-a2ea-5644547e1c39,2023-08-27,Central,Furniture,10.8,2.8
8868b644-9822-4d58-bf49-a81cd42aa238,2023-04-12,South,Technology,1613.72,668.32
f42050e8-3730-4f79-913a-27afa9179e02,2022-10-19,East,Furniture,167.71,-269.61
9c672338-2c11-4a43-acc5-599972f580bd,2021-09-29,Central,Technology,391.06,-119.95
477809ce-71f0-4cbe-8b72-8b16d6315151,2021-08-30,West,Office Supplies,778.61,216.74
36d25823-9b35-4089-829e-588250d3b1d6,2021-04-15,West,Technology,974.87,-85.03
c5954f39-cc5d-46e4-bbc1-0bbeed1c4d70,2022-01-29,South,Technology,716.44,51.51
67e39166-323e-4a41-8520-89dcd5eb6f69,2021-03-27,Central,Technology,648.22,140.15
89131a4a-c5c6-4d8a-a022-7afc4ba82162,2022-07-05,West,Office Supplies,1928.19,613.26
dfedf5fa-174d-45c0-ad60-18d977019d44,2021-04-15,West,Technology,1286.74,180.15
b1cbe822-cbee-4876-9d87-6a3e94d6cbb0,2021-12-02,West,Technology,56.63,-28.8
3ad0190f-0dc5-4340-a69c-db5b207495ab,2021-05-18,East,Furniture,866.05,-177.94
f316891d-8896-4456-b344-dde4bcac4426,2023-04-07,West,Technology,1751.27,31.28
7ab4d358-8f60-48e7-9cf8-5fc4db6fdf8b,2022-08-27,South,Technology,609.9,170.46
94a64978-a64f-4efb-a8ca-0bd26504f7a9,2022-08-08,Central,Office Supplies,198.17,469.95
229da816-d113-4946-bcd4-2854b6630e4c,2021-02-20,West,Furniture,1519.19,-342.64
89fd911f-2e06-433a-8498-a96b0d8660ca,2022-04-24,West,Technology,1215.97,-211.91
205d8635-cc87-458c-bb57-45dfe0345e68,2023-01-23,West,Furniture,1144.92,-6.45
82278cac-0cfe-4cdf-a872-c5573d9049bb,2022-04-23,West,Technology,116.62,-31.48
e2696a73-8b2d-4d83-9b5d-e3c9dbb9c173,2022-12-02,West,Technology,289.59,9.27
8d620ba6-89fc-47cf-bdd2-995612fcff49,2022-01-14,South,Technology,1248.87,531.58
899df4da-866b-4f44-96d0-0a821564b478,2021-11-28,West,Furniture,423.57,-78.6
5502ec67-42da-4572-8278-f61e17f2029c,2023-05-08,East,Technology,1013.1,152.47
2da5ba63-d3ff-4631-a2dc-b06c8c85328e,2023-07-07,East,Furniture,1094.31,311.08
d9a9a834-7d91-4485-ad7f-1aa30b44cceb,2021-05-21,South,Technology,574.18,-198.17
cd88e44e-23c4-4184-b48e-90aed680b541,2022-01-29,Central,Office Supplies,1897.37,434.3
a2e13d75-b2e2-43cc-b873-335fca3f48a4,2022-12-06,East,Furniture,1686.5,211.24
9ff5846e-25d7-4d5e-8498-b40a16e1cf6b,2023-02-17,South,Technology,1447.52,80.82
b88e33d1-6c10-46cd-9249-944e713db204,2022-06-12,South,Furniture,165.21,552.72
bcdc99ef-1485-4949-8bf6-40eaa244496a,2021-09-18,South,Technology,221.2,-183.46
2a257ecc-75fd-4d83-9264-43bac298823a,2022-02-10,West,Technology,990.63,648.13
d8e3cb62-fe24-4cd4-86bc-55dbae6c3a9b,2022-12-09,East,Technology,329.82,229.36
c3f67602-0879-4480-87ab-777056724b4c,2022-04-10,Central,Office Supplies,1956.75,291.93
c67a56e3-06fe-4fcf-87b1-326502f39ad2,2022-04-15,South,Technology,325.46,637.58
dce61522-0632-418e-b0dd-be62aa35b738,2021-07-19,Central,Technology,980.06,562.86
15690641-07c4-4918-b91c-6d9dcf41c7ca,2021-01-05,West,Furniture,734.6,282.03
be00b0cb-c1ef-4aef-aa38-746e528f2346,2021-10-20,South,Office Supplies,1282.38,479.14
14c08edd-95f9-4545-a315-0039ced7430d,2022-05-24,West,Office Supplies,266.78,63.32
7b1463c9-30bf-4f5a-b01d-e9361527690a,2023-07-30,Central,Furniture,866.33,211.59
7060ee63-1927-4b44-8e2c-f16bf3fd9e32,2022-02-12,West,Office Supplies,556.66,-419.31
a5c5afe1-89fd-4534-a4f0-78a1c89d43e7,2022-03-15,South,Furniture,1776.63,-383.18
a17f2016-c997-4b86-8ea7-c6ed5f1d3663,2021-06-10,South,Furniture,90.77,578.25
069d887f-9ad8-4fa7-b7f9-0812bf9bd810,2021-01-26,East,Office Supplies,1828.32,-422.43
5a744822-fd07-4913-a657-abb6b81f2807,2023-11-11,South,Furniture,1667.66,-279.78
1d7af727-ac13-44e8-a109-18c950168bd5,2021-09-16,Central,Furniture,602.17,534.58
a54680ad-8107-45f3-aa0c-e0e1cb70c67b,2021-12-17,West,Furniture,1580.69,-498.51
42c40e37-4ac9-4d23-80a5-c3374a3461e7,2023-02-23,South,Technology,72.11,-132.87
d0116cb3-8bb7-4cee-95c5-35c928c635ff,2023-01-17,East,Office Supplies,1934.06,259.25
938df7c1-ab0b-44fc-99b0-6cf925dfa1fb,2023-09-30,South,Furniture,1057.92,274.08
7dbb4c18-4984-40ab-ba0e-25398a3e50b5,2021-12-17,East,Technology,613.53,510.3
139c4fd6-c49a-4d85-a906-612085b059fe,2022-07-10,West,Office Supplies,731.54,157.7
c362f40b-d309-4fc5-acfc-4fb4268c3b15,2021-05-08,South,Technology,142.15,162.22
c9ceacdb-9f24-4788-805c-c2d749fa68d6,2023-04-15,Central,Technology,1978.81,442.9
780826ff-6123-4319-9069-c0570adea5db,2023-11-26,West,Technology,88.19,148.21
77a1cf7d-6f47-46b6-81d4-2b2f0a568d1c,2023-12-23,Central,Office Supplies,1313.27,291.04
0c81a3cc-9965-4f48-8b4d-2de206b868bd,2022-09-24,East,Furniture,891.04,667.11
e2c350af-42e3-47d9-a97b-43bd00b73636,2022-10-05,South,Technology,1898.34,21.89
a2fcab34-5868-4fda-a0bd-c6623ee07bb3,2022-04-27,East,Technology,499.54,0.66
b95175be-5c89-458a-96b4-4b0c576bd523,2023-02-11,Central,Furniture,1068.85,-495.39
2663afff-87b0-4378-866b-9910841169cd,2023-01-15,West,Furniture,969.89,297.45
1f79260c-9020-4de2-a0b2-55bf67ba189d,2022-04-15,South,Technology,1408.7,-461.3
cc361369-2636-4245-a9b8-8f333c5d815e,2021-05-29,South,Technology,145.34,155.39
fd9c635d-3a54-4890-82fd-a10144f801b9,2021-11-13,Central,Furniture,395.64,545.5
0c8b2089-a94c-4612-9e9b-e593525706d0,2021-05-21,South,Technology,436.98,214.9
2b94906d-d252-4321-8f64-710a5dbffb1f,2021-11-13,East,Furniture,1478.92,-149.47
bac70b9c-6015-4570-93aa-d0c7c8feedd7,2022-07-24,Central,Technology,386.39,522.02
0a148b9f-b6db-45fb-8d73-7aa20ab832ea,2021-04-29,Central,Furniture,1151.25,-149.37
681f9515-0d93-408b-b842-cbc6a0011ba6,2023-02-25,Central,Furniture,438.34,452.94
9a2363fe-6901-488c-bd8a-3090353a044d,2023-11-14,East,Office Supplies,1724.63,293.34
75c41c37-8eea-487f-9d3c-c9cadb247ea2,2021-10-19,South,Office Supplies,1884.95,-279.0
ffad7df2-c959-45ec-9ae6-54b79e3b37e6,2021-01-14,South,Furniture,1041.8,676.67
c7533bff-9fd8-4e61-85b9-cf380459be16,2021-08-08,West,Technology,711.09,-239.16
db2d0fff-f047-44e9-b3fe-b7dea2e0f358,2022-07-07,Central,Furniture,475.77,786.46
20323ec5-2f4c-4a5e-869c-4218ecb55c92,2023-03-10,Central,Technology,109.06,-490.5
cd4f75e6-448f-4dbc-8f8a-ce7c1084061b,2022-08-04,West,Furniture,544.32,-157.47
dd811c65-1f56-4aa2-ad9a-7dd60c075053,2021-10-31,East,Furniture,1311.93,-240.18
8750be7b-d5bb-43a4-80b8-7dc36444ea5b,2022-02-20,West,Technology,1071.9,-481.81
ea4cd607-8e48-4a8c-a3e4-79461fcfcb8e,2022-10-12,South,Office Supplies,1888.64,452.08
42f8bae4-0145-43df-bd0e-be4e877f867c,2022-05-10,West,Furniture,798.59,401.45
f64f98b4-4237-45ff-bbb8-90dea025e80b,2023-04-11,Central,Office Supplies,1390.79,530.06
8c277f18-2d6d-4a43-a4ce-98efdb60cc10,2021-05-02,East,Technology,983.75,-166.29
e1656eaf-7f9a-4ca7-b940-964ff2cd4e4b,2022-06-27,East,Office Supplies,1030.03,77.64
31a08f66-8402-437a-bfbf-7804ee4f72dc,2021-11-23,West,Furniture,542.87,356.85
300c0f07-c38b-4bdd-b7da-bc6860ca5ead,2023-08-25,West,Office Supplies,915.35,71.7
66534f79-106d-4d9c-a5d2-74e88740108c,2023-03-31,Central,Office Supplies,946.86,406.52
ac49b6e2-27a4-474d-be02-99f6448e8117,2023-04-16,South,Technology,1416.22,324.17
666bd0ee-b257-4bf7-a439-680010c69c57,2022-07-21,West,Furniture,1881.87,-350.96
b9da7480-4b8f-45ff-ad8b-0dd99e7badb8,2023-09-18,South,Furniture,665.35,515.36
a52aea24-9248-4bee-858f-ab602bbe35ea,2021-09-18,West,Office Supplies,93.98,436.88
4eb818dd-bb05-40e4-aabf-222fab640937,2023-12-14,West,Technology,997.63,352.58
054d35aa-2899-4ac0-8c2e-a4dc685b2cbc,2021-07-04,South,Furniture,1093.48,-298.38
c1a8a33b-6b77-4e6e-a123-61753e22a676,2023-01-30,South,Technology,345.2,-151.6
b8e55770-5e46-4f1c-a169-20d1b78cbafc,2023-05-05,South,Office Supplies,1523.32,11.13
6e4ebe99-8740-4c48-9854-83efb9a893f3,2023-07-25,Central,Furniture,1970.01,-136.09
f5f5431f-4f40-46ed-9aa5-d4e236c077aa,2022-05-25,East,Technology,1892.09,-203.85
76435b4e-1508-4aec-8079-3ca3c73e54ab,2022-06-18,East,Furniture,402.24,546.96
63e31ac9-d271-42f1-8a70-7ba8df9a09f5,2023-08-26,South,Office Supplies,1751.97,329.7
a1b2a7e5-fb72-425b-b209-329d4aa7f4e2,2023-08-21,South,Furniture,1411.94,235.11
f23657ec-5acc-4d2f-a81b-a82763cf3b51,2021-03-31,Central,Office Supplies,913.15,-206.26
4a658a7d-c1f5-4014-9fa8-81b0c0133339,2023-06-16,East,Office Supplies,1085.82,693.5
2fc44d65-0ad5-4e56-9f9b-87b0ddc418d2,2023-03-23,Central,Office Supplies,1700.7,-251.46
b89b9722-3aa4-4cd7-89e5-8ebc673d4de0,2022-04-17,West,Technology,965.47,533.44
8b20cc44-5705-4300-9e79-e796acfe02ea,2023-11-19,West,Office Supplies,752.68,756.67
31116b6a-4b38-457b-afdc-4da3aee51b7a,2021-04-29,West,Technology,991.56,445.22
baafe28b-e953-4b78-9d8f-5010f58f56a0,2021-09-23,East,Office Supplies,1162.47,790.72
7846e9c5-15a8-4b98-ab2d-96a005f4a2d0,2023-05-11,Central,Technology,386.26,346.37
cac6a853-6943-4ab7-8ec7-5bdc6094d74c,2022-08-06,South,Technology,1802.81,-217.3
8352aaba-4a64-4fcc-9cf3-15c647a029ae,2022-05-29,East,Technology,1351.63,-235.03
87c5577f-d091-4dcd-b5c0-b4909361b11d,2022-07-15,East,Furniture,1270.21,-78.07
05c208e0-eb05-4b48-aa90-f6488155db84,2023-03-17,Central,Furniture,208.0,-490.73
1be52474-bb14-4720-b9d2-6141c5a435cb,2021-06-21,East,Furniture,1212.31,386.21
b28935e7-8e5b-4f68-bdcf-3be05e4d9d2f,2022-08-09,Central,Technology,250.71,-150.73
d4961e60-2daf-43de-84cc-98eb803f8f00,2022-12-17,Central,Technology,166.61,559.74
b9ba04a8-54e0-4a94-8682-ca38fb780253,2022-06-21,Central,Office Supplies,1059.35,-33.08
9c2f3381-7736-4b28-a25e-75c8f8f431f9,2023-08-23,Central,Technology,811.54,123.94
ac7625b8-0fc0-4f77-b27b-14fdd4edc9d8,2021-10-04,West,Office Supplies,1181.73,755.4
4a298783-099c-4929-9705-9671b031a179,2021-12-01,East,Office Supplies,187.55,-185.18
fe3d81d8-0eb9-4aed-a39a-d4dfafd3ec8b,2023-04-16,West,Technology,867.66,437.63
34634757-3d23-4e3b-8a97-a245da5bf081,2021-11-16,Central,Furniture,357.83,481.65
f840596b-357c-481a-b754-85e6ea9ed202,2021-05-31,South,Furniture,1974.33,-212.7
31bf8a3c-5ae5-4068-92ed-9291c3da1521,2023-07-02,East,Office Supplies,1126.69,151.3
964d9921-41f9-4f45-86b5-dd45d41a4093,2021-12-09,West,Technology,1378.0,-44.74
1f473751-b579-4849-a22b-c2f850a8ad59,2022-04-29,Central,Office Supplies,657.58,503.48
ce8437fc-38cd-4ced-ba7b-c404650c5ea2,2023-04-08,East,Office Supplies,198.53,309.23
170e0447-1a28-4f20-8e52-9b862433d80d,2023-06-08,South,Office Supplies,1951.98,118.78
746a18dc-9990-4c0d-b618-1e8e18360f46,2021-05-23,East,Office Supplies,579.66,513.17
e0ebb3c7-b8a3-43fa-b769-44b886b5ca8f,2023-05-01,Central,Technology,853.38,-194.3
0c5f606f-8b5c-49ef-9faf-f7a0c991484d,2021-03-05,Central,Office Supplies,1303.23,479.71
3db87d15-32d8-4ff9-b9c0-48829b40bb90,2021-03-28,Central,Technology,59.15,624.99
adc4b86d-a180-4e9b-9767-370097e3ab40,2021-11-01,Central,Technology,1622.42,642.21
227c27df-377f-4ac2-be19-cad732af7b95,2023-04-08,South,Technology,1077.79,518.78
ffdb88d7-52b1-431b-a4df-08c567adb841,2021-04-12,South,Office Supplies,563.65,30.42
681a035f-e1e3-466c-8a09-bdc139c8a117,2022-02-06,West,Technology,132.6,776.35
13abd39b-b92e-4cab-88e5-dd93dad50f42,2022-08-22,West,Furniture,333.37,-6.53
c002c7fc-eb0a-47f7-9578-320ef4ca37a4,2021-10-21,West,Office Supplies,1791.12,330.21
7f258778-8140-4ce5-82e8-118f9ca3d9d1,2022-02-07,East,Office Supplies,1375.19,-290.6
fdcdd45c-53d3-4d79-b632-090ac22664f4,2021-07-17,South,Office Supplies,507.3,774.58
f5f30d6e-7632-44d4-9866-177e63abd48f,2023-12-29,Central,Office Supplies,140.55,415.18
c766dd63-683e-4858-9bbe-b0d9802ccb52,2023-08-01,East,Technology,1384.32,479.39
8643eed7-dd30-44fc-b864-aaf78d73e7aa,2021-09-26,West,Office Supplies,1149.09,-414.49
e958c745-02bb-457d-8225-51d2e44e923a,2022-04-30,West,Furniture,814.99,492.44
06cd3e3b-d202-4202-b56d-98962f50f0fb,2021-09-01,East,Technology,733.59,507.14
960a035c-0786-4459-8f89-321cff4ca29e,2021-06-09,East,Office Supplies,441.46,373.3
6a3eed4f-c754-4e4d-95a7-97311b53b124,2023-12-07,South,Office Supplies,1342.53,-120.52
d66cbda1-20be-4394-8cbb-ca011cacfd9f,2023-08-03,West,Technology,1941.63,136.6
035bd879-eca0-4912-861c-53de98e1e160,2022-07-29,West,Technology,359.67,-356.44
5577526f-6096-46ba-b03a-c41d3e9011e8,2023-06-12,South,Office Supplies,1198.26,113.06
7f527025-b3ed-4b04-a307-840278e6e25e,2022-12-21,East,Furniture,854.13,-183.03
d2b2cf4b-489d-4b8a-bab0-dbe0438e1bb9,2022-01-12,South,Furniture,898.91,-46.17
f5dab6fe-1ea4-489d-9898-2e99fa9fdbb3,2021-03-22,East,Office Supplies,515.75,-288.62
eaab0629-6a5e-4c28-a86e-8c8db98b06f3,2023-07-02,South,Furniture,1652.02,-200.93
ae1c64c6-9efd-49e9-a1dd-2f7f00c976e5,2021-06-07,South,Technology,975.66,-400.46
9c1817a3-5e2f-4318-a44a-79cd36b528a4,2021-09-27,East,Furniture,1091.38,695.87
e2c94a44-2248-4e75-9885-dca5cac5ebc7,2021-04-09,Central,Office Supplies,616.47,189.53
9a8b8524-4fac-40ff-9385-3f450ed57c8c,2023-03-12,East,Office Supplies,371.8,15.76
deef7995-1f88-4ed9-8efa-bf951227557d,2022-05-04,South,Technology,180.96,195.54
93350c77-c599-4a45-a3a8-68d786a56845,2021-08-29,East,Office Supplies,1431.1,316.78
4ad07831-8a0a-4ef0-9bdd-fef5496e186a,2023-01-04,East,Office Supplies,400.51,698.44
87a6c63c-65a1-4e9c-bb39-b8aa39d0eb01,2021-10-28,Central,Technology,1383.25,-267.7
06c0965d-d68b-417e-97cb-97197a3367d0,2022-04-04,East,Technology,786.85,-115.78
ff36fe7f-c1ab-4f4c-a3a8-bfbe96289af2,2021-05-21,Central,Technology,837.39,768.53
d0a05417-2bac-4c89-b1d8-3f7868437031,2021-05-16,Central,Furniture,943.66,-17.45
37309e25-f10c-44f0-a85d-9795b9138441,2022-04-05,Central,Furniture,741.74,-470.67
25db9dbd-817f-4e3b-9a1a-59cf9b480ff5,2022-09-16,Central,Technology,210.23,-308.06
4667b057-7387-4e41-bd79-f8b612d0ff7d,2021-05-17,West,Technology,626.17,-465.76
13a5893a-6b13-4d0a-9673-28bc55cf185a,2021-11-02,West,Office Supplies,1330.83,786.9
0956f0e5-ef0c-4132-8151-55db179c0a64,2022-01-23,East,Office Supplies,1334.91,-137.47
bb10f0be-db76-4604-befa-e203b206da83,2021-05-11,East,Technology,579.59,700.61
893e2de8-8509-43a2-a14b-1e1c4b403399,2022-06-01,West,Technology,925.6,794.65
0af87147-bf44-4a67-b0cf-99906841667c,2023-09-23,South,Furniture,394.96,279.79
0570ea72-a167-40f7-9de8-f62bd45f8e7f,2022-07-08,South,Technology,428.64,-456.84
3cd68ac3-5665-4d0b-8ac2-9f1dc72c3764,2022-07-18,South,Technology,55.86,-393.93
6dbd4921-653f-4313-af82-fab37e0c5286,2021-11-01,Central,Office Supplies,1794.53,126.07
be66de49-ca6d-4803-b75e-a48f6f747d68,2021-03-25,West,Technology,429.31,28.02
18927ebd-b195-4d60-84f3-6ac60bde24e2,2021-04-08,Central,Office Supplies,462.79,288.03
6d3026db-20f8-460c-bf10-545a1dd3c5d2,2022-05-14,South,Furniture,566.41,70.5
f0582911-0499-4aeb-98b6-a5b0c7c22f1b,2021-12-14,Central,Furniture,263.54,714.3
dff4cc91-3164-4c14-b1a0-051f0acae683,2021-03-02,Central,Furniture,1282.13,195.16
e28b40c6-852f-48aa-8e2d-df52fd8190c8,2021-10-22,Central,Furniture,159.53,401.84
65d8350a-63fd-407a-9c7f-9aef3403bfdf,2021-04-02,Central,Furniture,277.06,665.43
d173bd6d-16a0-4e13-9b80-5cc7e2712ff8,2022-04-23,South,Furniture,1293.07,-309.07
62e38426-06fb-42ac-8342-adc9df09451f,2022-04-07,Central,Technology,685.92,-201.34
129b1e2d-74a4-4600-af56-2306276c01fb,2021-01-16,West,Technology,1418.82,-360.49
367d9053-bec2-440d-b0b8-1b2952044e75,2022-11-30,East,Office Supplies,1119.28,-318.47
c4811514-2cee-4a3a-b3e9-d42f19960b40,2022-11-16,South,Office Supplies,519.48,166.36
572d3274-e5c2-4467-8107-e87337f66fc4,2023-04-08,West,Technology,1305.15,-82.47
6e06f176-d140-4967-8d53-48d15b15674d,2021-05-17,Central,Office Supplies,241.38,50.12
6fad7460-2ef3-4ed1-8cdf-e58d8252caff,2023-11-10,West,Technology,1077.46,777.24
a05a53c4-7c42-43c7-9bd8-978e92714fea,2021-06-05,South,Technology,879.92,-296.28
c3575ff1-6caa-4c8d-bc3a-aa22d8f148fb,2021-03-15,East,Technology,543.07,203.06
24812872-e704-4b7d-a4e7-13588fb6002d,2023-08-16,South,Technology,1211.97,-371.47
86451dda-fbe2-4c49-b5fa-d47f9f0590b5,2022-09-25,West,Furniture,1743.95,-85.95
bfe9efdb-4a57-4541-8387-4957d4d61370,2022-07-15,West,Technology,1997.82,185.78
3dfa45fa-1da6-40f0-8a53-d7c4f68fa05b,2023-08-12,Central,Furniture,1219.45,730.62
0144fe67-8df5-49a0-a577-e1b64dd35982,2023-05-03,West,Furniture,815.36,8.6
728ac5fd-fc32-464b-871e-8c56cb3738c2,2022-04-16,East,Office Supplies,458.16,-415.62
4c6694ab-57b5-4de2-b1ae-84bec7be05c6,2023-10-28,West,Furniture,521.62,4.61
aac782ac-dce2-4b06-ba15-422e3cc7edc8,2022-05-02,South,Office Supplies,964.12,-310.54
e4cb277f-bc95-4041-8cdf-b034e9a84c51,2022-05-12,East,Technology,740.88,-201.01
0bce8eeb-684f-4e52-a2f1-5aad8752d9fb,2022-12-11,Central,Office Supplies,1828.49,303.52
5fd24b9a-a527-4af5-bbd6-df9b36430f4d,2022-09-24,West,Office Supplies,742.91,-412.35
0daba507-1fc7-437c-b94e-b6f89d506e83,2022-11-03,Central,Office Supplies,753.15,104.14
7397b987-5edd-4492-aac2-33021a3bc8d8,2022-01-04,Central,Technology,773.23,292.3
9b0dfaab-049f-42c7-b1a7-d537b0ec7074,2022-04-20,Central,Office Supplies,1674.87,48.42
5e452956-81e4-4e99-8c28-6323d27f6d1f,2022-05-21,East,Office Supplies,1305.07,-475.14
b521d095-94b2-4af0-9080-9121fe41bb81,2022-04-17,West,Furniture,1232.2,781.18
4927db4a-4a12-40d4-8da4-2f8510995969,2021-07-05,West,Furniture,674.94,-22.75
0409b7c8-ef59-44b5-ae89-015e92f765e7,2023-05-18,Central,Furniture,1637.63,512.15
fdecc58d-73fe-41a3-bed0-24cbb6f37bd4,2021-10-13,West,Technology,86.34,-76.66
2a64d46b-ceac-4779-9538-e0354157abec,2023-07-18,South,Technology,1742.89,117.52
b4c70241-990c-48bf-8197-8cb867218261,2023-07-08,Central,Technology,1030.37,5.0
a03f137f-f14d-43ea-9faf-c17e92a2319d,2021-06-02,South,Office Supplies,802.52,-54.7
929d778e-9fde-4d5f-8441-c3db6bb57af7,2021-08-08,South,Furniture,999.36,-471.59
c7d012b0-de9c-4b51-a038-e284ceddadec,2022-09-24,East,Technology,1338.16,-31.97
8d7da747-d48d-4f9a-8be1-a297a8222853,2023-08-12,East,Office Supplies,35.4,656.34
99adf607-c26e-4dbd-9acb-0045a449aefa,2023-07-18,West,Office Supplies,1744.39,397.51
ada3b63d-ad08-48c6-bad1-6e1dbefb1a15,2022-02-19,Central,Furniture,899.01,-310.95
74c9abd9-daac-4e2b-bb32-440ec2d66d46,2022-06-15,East,Furniture,692.5,268.5
4ba9008d-85af-4680-a39f-6cc716f39bed,2021-08-26,East,Furniture,285.11,659.9
5dbe0139-c895-48d9-8907-19db252a95db,2021-03-27,East,Technology,884.54,410.04
f3b20598-a303-414f-a254-4d22944baabb,2022-10-10,South,Furniture,997.68,-306.71
5492112f-259d-437f-bf8a-16b8919a5591,2022-04-22,South,Technology,813.26,628.18
05722bc5-4b5e-4a40-9a5a-897790ba1d38,2023-11-30,East,Technology,1360.53,-107.99
4f418193-e328-4c3a-801c-bac1c5b56b89,2021-05-08,East,Furniture,847.58,90.3
f99003d8-cad4-43f4-9e68-9a6c91c98ab6,2023-08-19,South,Furniture,1923.22,183.99
2cd4e76d-f40a-46cf-b1c7-8a33db5983d3,2021-06-09,East,Furniture,1202.56,605.66
2f592f3e-1bbd-4513-b0bc-76c4e3fa6893,2021-02-05,East,Furniture,1616.88,711.09
d1c1f266-ce9c-4015-87c4-0854d6d4eb06,2022-10-14,Central,Technology,227.62,708.55
242bba10-c7d0-40d1-8b5f-df7039185b72,2021-06-12,East,Office Supplies,800.61,-489.66
677a72f6-6e0c-42e9-b817-9896c6b98ce2,2023-12-16,East,Furniture,680.33,698.46
f001e73c-f5eb-47f9-8f52-3f8a905cbe00,2022-08-18,East,Technology,1143.27,-429.3
b31e120d-9f49-4b89-a866-d52e0e05926a,2023-09-23,South,Office Supplies,1723.62,-154.49
79150e99-8ed3-4834-bd72-1fc205e0c019,2022-08-15,East,Furniture,165.89,169.48
1e22ade1-a3e6-4bfd-a5e2-ebba27ae2220,2023-12-08,Central,Technology,154.42,123.9
f8eb7113-6aee-407a-8387-d8eb7509d8ba,2023-08-15,South,Office Supplies,1702.13,286.12
712636bb-a455-4a22-87d0-2e2ce4406398,2021-05-25,Central,Furniture,433.57,123.28
4f3b81d6-3745-4be5-bfd0-96b42c85ab3f,2021-01-27,West,Technology,1340.82,714.69
b9725caf-fea4-4063-b16a-83488fc8ed53,2021-04-02,East,Technology,1090.33,-187.29
386bf5fc-9b52-4a4d-851e-4fe83a6570b5,2023-12-28,West,Technology,1667.46,-143.77
9a36e49e-a99c-406e-ab8e-b99553663145,2023-03-29,Central,Office Supplies,258.93,696.96
3e7447a2-a672-432f-9c9f-0999e869839a,2023-09-16,South,Furniture,268.27,-400.24
23763f57-852c-42ce-b337-7b9ee60587ef,2021-07-25,West,Furniture,1118.07,292.43
c1cb8d69-8fa7-4dec-a5a6-1a06a8422325,2021-09-06,West,Office Supplies,1893.29,386.26
fb1eaa6e-d19b-4b23-9602-3639047ad506,2023-10-29,South,Technology,835.85,157.2
e5b23a6d-00c9-478e-93f8-b32d48e23143,2022-01-24,East,Technology,660.61,402.5
e324f5db-6850-48bf-b5c3-e7f5583d2337,2021-07-28,Central,Office Supplies,1217.31,-275.42
247803a1-fb4a-4283-9e28-7c97a9e0917f,2021-07-11,East,Technology,1861.59,608.42
9c296b78-90f6-4dce-b1f4-e511e6f9c201,2022-09-21,South,Furniture,1675.49,-317.97
8c9bcaa6-07aa-440c-9762-0a6f6f24564d,2023-04-12,East,Office Supplies,1991.01,21.06
25b1ad19-c8b9-4543-9956-3604cdf94cb5,2021-08-08,South,Office Supplies,54.91,-402.17
5bd537b1-c35a-4de3-972b-cd8d67fec003,2022-10-11,South,Office Supplies,234.59,208.77
6f242a0f-2588-41bb-ad32-a7c68b64612c,2023-02-22,West,Technology,1222.84,370.67
c89a10a3-17ef-41fc-841b-1a37a931f647,2021-07-15,East,Technology,1642.95,723.59
60d8039e-92aa-41d5-a1e7-2ff58cf50927,2021-08-25,Central,Office Supplies,577.64,461.14
12a34b04-a15e-4dba-a82c-3bb2583f66bd,2023-12-04,West,Technology,486.03,203.43
03d2a7ca-3775-43ab-9447-6a01ec67f7b7,2021-05-11,West,Furniture,1576.08,712.4
6d0b4f01-cf09-4990-bb5f-b4278fd1bc4e,2023-09-11,Central,Technology,122.2,121.97
af88239f-d4a3-418d-ac08-f40119271805,2023-02-15,West,Technology,745.07,229.57
30b69f93-c438-4125-a54d-befee1dd8d91,2022-07-07,East,Furniture,1016.56,274.93
924e48b4-504e-4b66-874c-146ccea6c978,2023-09-19,Central,Technology,1125.09,32.97
c01ba459-ec7f-4c2e-bb00-59ff563bf6e0,2022-09-17,East,Furniture,1459.94,590.03
312997af-d7e3-45d5-807e-85061ec4816d,2021-09-22,East,Furniture,716.14,-259.27
8a9da702-660f-44e6-845d-3231c6f7cc83,2023-10-08,West,Office Supplies,1229.24,221.29
cbd93d47-966d-402f-bd98-03952621b899,2022-08-15,South,Office Supplies,1174.9,438.9
824fdf53-d98a-4a6f-8f8c-d57dc5ecd23e,2023-08-19,Central,Technology,1099.76,675.17
0a6246b9-e624-46fe-a044-3dc9459b556f,2023-06-03,Central,Technology,1284.56,649.09
f58f9bdd-d520-4ef5-878a-4dcbdac97c5a,2022-08-16,East,Office Supplies,526.3,161.36
3946ad23-c098-42b4-ba79-8ed42a0bfd9f,2021-08-15,West,Technology,178.45,336.11
da2a4996-aaef-4529-81aa-db8000401b20,2021-02-17,West,Office Supplies,247.35,12.51
640324f0-99b3-41a6-af2a-e2fd838edbe4,2023-04-02,South,Office Supplies,456.92,108.63
1006e0eb-63a8-4422-a29e-ae63e8475ebd,2021-10-28,East,Furniture,1005.39,678.15
d56e0949-1de5-4d73-8e1e-5ebdff99fe31,2023-09-08,South,Furniture,1682.48,709.92
80ff8beb-631e-4726-8364-9c91faca60d4,2022-02-25,West,Furniture,1405.57,664.04
ab16b1fd-14ca-428c-9336-eb2833ba1e1b,2023-02-11,East,Technology,1580.19,-320.12
55b82364-9ca4-406c-9076-ddad317e43a4,2023-06-10,West,Furniture,708.44,605.11
dabd385c-d2c5-49ab-b830-aa05d2d4dd05,2021-05-15,East,Furniture,815.26,732.87
10f3f41f-f202-4876-8c44-3b8c068634e7,2021-01-07,Central,Office Supplies,793.43,-30.38
9cb076a2-0e55-4d71-871e-b65c600c8bc0,2021-01-18,West,Furniture,391.83,174.24
4b045067-1481-496b-877c-bc8ca5f604d7,2022-06-21,Central,Technology,131.82,512.82
db9b318b-12ba-4c10-9b45-caa9a13ea32a,2023-06-03,West,Furniture,1185.92,230.7
7400c7a1-0de8-45b2-9246-cc34bcdbe579,2021-12-24,East,Office Supplies,1978.54,791.53
dce6ea64-2d5c-4588-860e-35b66864fe6b,2021-08-05,East,Furniture,341.99,92.43
df30f2f5-3226-486f-8595-30c1a1295a39,2023-10-26,East,Office Supplies,102.9,428.13
a45ee904-717d-4042-b30d-6ea3951c4200,2023-09-13,West,Furniture,1561.27,530.37
0ce06819-24c6-4f93-a081-9bf56940240c,2023-09-11,South,Furniture,512.65,142.33
a333639f-3873-44c1-9e4c-e90bbadfbb75,2023-09-12,East,Technology,1660.99,614.08
e54dce58-044e-4d9b-8526-aeed47a0fcda,2022-07-01,Central,Furniture,1410.83,210.0
994d4c03-7154-44b9-b0ce-68ab7ec9ef95,2023-02-04,East,Furniture,1891.89,35.15
0ee503e3-298d-4c45-a407-675048107252,2021-07-21,South,Technology,823.77,-359.83
e2abe6e3-72f3-4ed1-b163-ebe1b6dd5f35,2021-07-26,South,Office Supplies,1327.32,11.44
c351c359-6739-4010-b9dc-86a923c560d2,2023-05-07,East,Furniture,935.06,454.12
214990ed-abe0-4080-a961-a383dceea2eb,2023-09-02,West,Furniture,1264.87,697.67
04fb7e52-5834-45e1-a31f-167698a7e77b,2022-12-10,Central,Office Supplies,904.7,-172.82
bef0e0f1-1791-4e3c-8c75-70cc8e32ebbf,2021-03-18,East,Technology,385.38,-38.19
a01989d1-b998-4301-bdf9-e116df58c65f,2023-12-29,East,Office Supplies,1020.72,-299.85
626cd59a-ec3e-43c3-b961-3250d3752185,2021-11-09,Central,Technology,1061.88,397.94
293572d3-fb63-43cb-8c35-bf2dec4fa141,2021-09-03,East,Furniture,1623.1,748.24
9a0f7242-eeb7-491f-b304-08fa90bf747e,2021-08-15,Central,Furniture,1473.69,333.24
4377be10-c719-45ea-84e4-992911196b23,2021-02-17,East,Office Supplies,1330.95,302.2
8623a5ca-efc3-4842-a5b4-11ed05d1f737,2021-03-14,West,Furniture,235.64,219.54
113145d2-4346-4ce5-8895-d134acb4b5c3,2023-09-30,East,Furniture,1444.03,-385.01
33e1f2af-32cc-4a25-b1fd-1e5ef86561ef,2023-10-24,Central,Furniture,1005.61,448.35
efef1246-16d4-42f7-bb6b-c3b774309740,2022-12-21,West,Furniture,1789.26,282.66
506f6bc0-ee6f-4a9c-b446-023621f66088,2022-02-20,East,Office Supplies,1840.54,359.92
2bd6f0fb-ee3c-4687-b704-eced5b9df42d,2023-05-19,South,Furniture,119.76,668.45
f605070b-ea73-4391-9840-f42533decf96,2022-06-12,South,Furniture,1643.08,519.15
8b7080c2-7799-425b-9bd4-a24e66bc6735,2023-08-15,South,Furniture,85.02,515.19
02b964d6-76d9-4b12-9443-3a8eed5acddc,2023-02-06,South,Furniture,740.67,705.34
e62c54bb-ff01-4f14-997b-d00e34757171,2021-07-20,East,Office Supplies,1089.18,786.92
1a062a0e-ad93-4d1a-aa0d-c97ee85af565,2022-01-30,East,Office Supplies,304.72,255.67
001e7006-29d3-44d6-9a59-6f63141ec659,2021-10-25,West,Office Supplies,1495.16,-358.45
c016215d-3807-4f3a-9cd4-aa85613c826a,2023-05-15,South,Furniture,26.63,96.87
83674372-d33e-4b2c-bceb-cc1d6c019c07,2022-12-21,West,Office Supplies,345.51,523.88
21e219ce-5158-4417-ab6d-0f79fac368c1,2021-07-09,East,Technology,1165.79,-463.96
92ccadb2-8bce-4c24-bee9-58ac77bd00de,2021-08-13,Central,Office Supplies,1431.63,-426.05
1f0b2be6-6040-4c51-984f-a41ff9f7852c,2023-08-06,East,Technology,1834.12,-412.69
1307afb6-728e-4994-b7df-79d830bd373a,2022-06-28,West,Office Supplies,1413.94,450.35
4bf66063-8b91-4e2d-aaf9-ee3ee432d37d,2021-05-18,West,Office Supplies,1346.84,151.52
0c975601-97b1-4fbd-83bc-bd124e9dfdb6,2022-04-04,West,Office Supplies,794.74,-20.43
dd53abe1-2b2f-4082-b613-aed3b9da42b4,2022-06-04,Central,Office Supplies,12.56,-362.7
240ed1db-0c3b-4dd8-92b1-9d01942caa0c,2021-10-17,West,Office Supplies,249.12,451.91
82a0f6e9-4b44-4a71-a545-4a72dd372743,2021-03-11,South,Technology,1073.76,-82.67
18323765-d145-4528-b91b-ad400b022156,2022-05-30,East,Technology,1353.51,-155.08
feb3a855-48e6-4273-8680-13786e607c2f,2023-11-18,West,Furniture,840.72,348.01
3473b11a-73a5-44c1-bc8b-c1890d8adcc6,2023-03-06,West,Technology,1464.05,226.71
1a037833-d4fd-4ad6-8008-40cbae9abf14,2023-09-26,West,Technology,1048.51,-28.87
1bb868d5-88c0-43d7-b86c-014f65fae4a1,2021-02-05,West,Technology,157.61,333.93
76949bb0-e7b0-427d-a44b-405aed7cb20d,2021-08-18,Central,Furniture,392.11,-147.41
aad29f81-7fe9-4b4f-8a7a-d5f3bdacb371,2023-09-09,Central,Furniture,1681.6,533.28
2fc82f4d-ea48-4dae-ab99-f902836d943f,2023-03-13,West,Technology,1452.58,-201.89
29568d7d-d57e-4322-8396-63d0133ee71e,2022-09-13,West,Office Supplies,1790.58,-293.51
7dd7e170-e0d0-407c-979e-e93ba3999919,2021-01-25,East,Furniture,243.94,517.17
8947494f-96c8-4002-9215-2070e4eea1bc,2022-08-14,East,Technology,1980.54,420.26
a0d60422-1a32-4219-aeb1-3e3cd3cb6d14,2021-03-10,East,Office Supplies,426.72,-262.57
ee3ada8b-84f9-40cb-82d7-57a83181b49e,2022-03-24,Central,Furniture,33.44,-348.88
9290a83a-2bef-4363-ab7c-7396f942fcb2,2023-05-09,East,Technology,1994.87,589.92
d46a537b-bc0b-45fe-9713-412e8bceda58,2021-02-14,East,Technology,569.34,509.58
afd0c396-bb31-4aeb-88ce-14bb7dc63851,2021-09-27,Central,Technology,1339.36,-74.57
c2045288-3bde-4b66-b01c-3f0c9b43324c,2021-10-10,South,Furniture,361.6,355.66
3b4c0646-d38a-4b74-9dd8-6b0e6d0faded,2022-02-12,West,Furniture,1164.65,-338.59
3e372c8d-8a13-4d8d-9292-4079dfee84b1,2021-01-20,East,Technology,1809.03,159.16
83eab8b5-d91b-4378-9d6f-affbe06bae1f,2022-10-13,East,Furniture,647.16,-475.65
fef44a33-ae78-4d3f-8b23-96072d5e114d,2022-07-12,West,Furniture,1343.81,9.08
56a60db5-0776-449a-a88e-8d5d51856418,2022-04-12,Central,Technology,383.93,-402.7
731bd233-c011-4674-928a-77e53a99bbcb,2023-01-12,East,Technology,1253.34,117.69
7e29d9a1-05dd-4fbf-bd21-0b7df5b350ab,2022-02-14,South,Furniture,679.54,48.19
8b6acc43-96af-4fcb-b3eb-f780c91d95c7,2022-12-02,Central,Furniture,430.3,77.7
671cae75-6dbe-434e-a2fb-8131b81c5f50,2022-09-13,East,Technology,633.23,-441.07
1e767433-fe95-4f4a-ad56-c7c7ae455311,2023-12-12,West,Technology,365.89,-29.9
0fa38669-b33a-42a9-ba73-42fc741d6857,2023-08-01,East,Office Supplies,1804.81,483.43
7f184a88-f02d-41dd-9c64-34ef6714aea1,2022-06-14,East,Technology,800.4,-20.41
84add36e-67b3-4154-a67a-e19a3c6736b0,2021-03-06,West,Furniture,498.11,429.72
dc2f952c-2583-4b38-8ebf-3ea4c7a69982,2023-06-20,Central,Technology,902.33,-19.68
c3b8a22b-5d76-4bc4-83f5-4e71cadafd4a,2021-02-06,East,Technology,647.87,50.21
24c4e6ca-8a66-4d77-a049-315b00938d5e,2022-02-04,West,Furniture,1491.39,233.06
2bc2bdd4-d736-490c-a8ae-5c671598203e,2021-05-10,Central,Technology,1942.73,735.89
596bf99f-a111-4bb1-b952-0c712e31e772,2023-09-13,South,Office Supplies,881.69,-358.48
16107d90-28c2-4491-ac83-995b53f0a378,2023-02-20,West,Furniture,1723.46,-457.21
df9a7704-adc2-4f16-a4b3-0768fdfd984e,2023-06-27,West,Furniture,1136.07,290.34
c6fc40c3-03cc-4a33-9db4-d496a8d89b3d,2023-02-24,Central,Furniture,322.9,733.83
72811822-fd26-4e31-8a00-c9be55c5e74b,2022-05-29,East,Technology,1384.34,786.64
43d10cf2-afce-4f1a-9ada-c950efe3155d,2022-11-08,Central,Technology,1031.73,129.41
bb84711f-267c-4754-91c6-485467a9cca9,2022-09-02,South,Technology,1304.71,108.51
c524a1be-a6bb-451c-85d8-acf312a7186c,2023-12-05,West,Office Supplies,1780.48,338.45
fb50d324-129f-456d-ac99-562cefe3a150,2022-02-08,South,Technology,886.46,222.33
915fbbf9-53cf-4f73-a384-bb95921409e1,2021-11-14,East,Technology,1803.34,324.31
c145419c-74eb-4a0d-b80a-ea0265dec4ed,2021-02-24,East,Office Supplies,1503.83,636.2
8eba0d06-0a18-4676-b473-c022981b99f9,2021-05-26,South,Office Supplies,982.32,470.2
ae8e8200-c5c7-44b4-88c5-3b179733b490,2022-08-28,South,Technology,1210.41,145.94
9f999133-6e11-4dc4-bc37-531544bd8fcd,2022-05-27,East,Office Supplies,657.91,100.42
c88994e7-49ef-4088-8ab7-2eb99be4e2ac,2023-09-02,East,Technology,1967.36,331.48
f3fd80f2-0423-493f-9e3a-564a8bf63e19,2022-07-05,South,Furniture,1338.03,92.42
eb2873e6-e465-4ed7-a07a-d1d42888c573,2022-11-02,West,Furniture,97.26,95.11
cc62f748-54b4-48a6-99d2-c70309ac7ba5,2021-07-28,Central,Technology,659.98,-478.8
b1195d16-9aec-419f-b38e-f31f08ae64bb,2021-12-09,Central,Furniture,1250.4,-273.72
d77dd689-a98d-41ec-bad4-1c9abac97a02,2023-03-11,West,Furniture,122.1,135.07
b81cc43b-f99a-4620-aee2-f9bf8ad303b1,2023-05-19,Central,Furniture,57.53,569.45
40328c40-b100-4314-b77c-ff4c99252280,2023-02-04,West,Technology,905.55,-137.65
a5fb9e9a-4ab7-45e0-b814-af2e81e26ceb,2023-04-05,Central,Office Supplies,672.05,179.44
9b08725e-e1ea-40f2-8c52-b95c2146e7b4,2023-03-02,Central,Office Supplies,882.21,-51.55
9c174363-bc44-4b36-989c-568d5674e177,2023-03-04,South,Technology,532.76,-363.75
10e681fd-a127-4663-8db4-daaa831fe884,2022-11-19,South,Furniture,337.79,745.79
58c68877-4897-46e2-9581-f33ea5b38959,2022-08-15,Central,Office Supplies,1381.4,611.08
81edceb3-8bb2-4f15-a045-d9e673ad562d,2022-06-24,West,Furniture,1034.0,-397.96
c04cf6e6-cf6d-48c3-b661-cfdb7537fb16,2022-10-24,South,Technology,408.31,435.72
a7a3208e-b1fd-44de-892a-2783e9b50a89,2023-12-20,West,Office Supplies,645.98,-48.15
ec7448f9-5b60-47b0-9777-676070fff474,2023-08-11,South,Furniture,1187.7,793.3
8b418bdf-e52b-4187-bc3b-5ed72dd5b752,2023-08-27,West,Technology,153.74,-106.88
7a44167a-63f7-4edf-b294-8c6466d2c0a7,2022-01-05,South,Furniture,303.43,-189.64
f8dc2c64-c4e4-4753-8a0d-9af8322c519f,2021-04-26,East,Furniture,155.76,238.26
ef145b36-06b6-4727-afcf-9246a81f3e5b,2021-11-17,East,Technology,1626.51,585.66
61650f34-465f-496b-b3b6-b1439d96d6dd,2022-08-28,East,Office Supplies,1507.29,-249.73
9d30b0f7-f6a9-4c38-93f7-4636c7be5406,2023-10-21,South,Office Supplies,1509.09,422.22
a9e7bb4f-a0b8-4ebf-b82b-2b9310404bf3,2021-03-23,South,Furniture,1435.49,-420.17
9c454443-7eb1-46f4-b61e-b3acf92df31d,2022-10-10,East,Furniture,1342.08,694.62
8abefd88-626c-4a12-be12-9751883e153f,2023-10-03,East,Office Supplies,959.21,-394.6
93188472-9fa6-43ea-9b65-e8d62660f73f,2021-07-18,West,Furniture,1288.13,688.5
7f4a3544-817c-481a-afbc-2464ea524c69,2021-08-03,South,Office Supplies,86.34,138.05
d64894cd-2766-4e92-9873-6d60b7f23862,2023-07-08,East,Furniture,1246.71,82.52
84203c0c-51f3-43e6-a126-180ad586cc32,2021-02-05,Central,Technology,1557.98,765.3
fe835c51-7e70-4309-b237-1f1493a971f4,2021-05-17,South,Technology,1005.71,787.5
a4afade6-ca60-4b2d-89c6-28ddbff090b9,2021-06-01,East,Office Supplies,721.45,345.23
863e3610-ae7a-452a-9179-15b7883a5ef5,2021-10-28,South,Technology,562.08,-334.74
2fad3d7e-a4bf-4846-a60a-3bdb002ae6c6,2023-05-14,East,Furniture,1289.18,158.02
3ccb9897-cadb-41c4-a00d-1e18aeadc03f,2022-08-17,South,Office Supplies,1388.67,187.91
44f2a0db-b20c-451e-8d47-7c015e61df62,2021-01-15,South,Technology,1743.23,168.78
e50c27d4-a9df-4b1d-87a7-611de20da100,2022-03-11,West,Office Supplies,691.24,240.34
fe95c8c9-c16c-493f-9c40-5fa3de2752ba,2023-01-19,South,Furniture,1541.85,-475.66
9e9a1e40-ba49-4cd5-a185-3b1a63e12924,2023-07-05,Central,Furniture,1127.1,424.6
91b6aa01-74e6-4f83-af84-4b8f54f5e2f0,2022-03-07,East,Office Supplies,1766.84,426.11
1ff49019-ac4a-4701-87d7-a39309cf1063,2023-10-31,West,Furniture,1060.35,-349.89
8ab171e0-e657-4d38-8793-acb12afcc87e,2022-11-26,Central,Office Supplies,1040.08,241.31
57b6b27c-bf18-474a-8743-d9f12d08413f,2021-05-04,South,Office Supplies,1159.98,238.87
404f04e4-44b0-4797-9fe1-271fda3c3beb,2023-06-16,West,Technology,1501.14,387.19
64a70279-8609-4880-af29-c0f72ebbfe0a,2023-08-14,West,Technology,1929.73,-388.98
323415b1-64e1-4340-97f5-d62875ef8169,2021-01-24,Central,Technology,156.39,314.45
d0b2b078-d393-4f3e-9a5f-838f23ee4016,2021-11-29,West,Office Supplies,116.33,-135.02
a367b563-2f89-4e9b-8b4e-52fd9c83e2d2,2023-03-02,South,Technology,1875.73,159.1
2212b446-f39e-4b73-a24a-7b893f22cd74,2021-01-26,South,Technology,1064.45,505.32
937838f9-bd46-4b37-885f-3b06aefb886b,2021-11-19,South,Technology,1233.66,417.34
6431d4a9-ca1e-48d9-84ed-bacfd8c42832,2022-05-27,Central,Technology,970.02,-345.43
ddc55228-38e1-4998-9dca-9cc3d48f16c5,2021-07-08,West,Furniture,196.38,268.54
f5e1ab65-8bd2-46cc-b1cf-3224f0cb8112,2022-02-03,West,Technology,1538.5,759.85
ef3dc5a8-9295-4d18-ac7c-44a8e6c9e05e,2023-03-21,West,Technology,1496.98,-296.2
2a17879a-67a7-4886-9716-6f351a64eed2,2023-07-01,West,Technology,630.29,608.78
ae372e39-af39-4095-9461-1ef142bf18d2,2022-05-17,East,Technology,619.42,413.31
88755363-2fc5-4298-93ef-fcdfea7ec9ac,2022-01-17,South,Furniture,1677.3,506.2
fd481505-b8f0-4270-967f-d2e9c2f18bfc,2023-05-21,West,Technology,153.99,-133.45
e9f8e115-2d8a-42cc-bbb9-bc20eea21c48,2021-09-19,South,Technology,1763.4,-125.74
2aed0848-639a-451f-97e5-d468f1ed1e4a,2023-06-04,East,Furniture,520.76,677.83
6755b2d4-2bfe-452a-9350-46f4f7f80118,2022-03-27,West,Technology,1190.04,-32.22
de4b2801-38be-418f-96d0-d89df2314c7d,2022-04-24,West,Office Supplies,1872.63,-418.08
879d19c3-57e4-467e-b8e6-b704b1d12755,2021-04-25,West,Furniture,1359.46,280.78
5ebbb87b-afba-4ddc-881c-597a9ba1cbe2,2023-07-05,South,Technology,834.72,-337.74
fdce4f12-dc46-46c7-b93a-cfff1a2b2339,2021-07-09,Central,Technology,1382.17,535.58
8f57cd9e-1b30-4e97-8125-aedbf0884735,2022-02-08,Central,Technology,694.52,334.27
5da55873-5e85-4364-a426-f2e5b5eae220,2022-12-15,East,Office Supplies,561.74,637.14
7d5887a5-a554-4394-b39d-ea6f06919b1d,2023-05-26,West,Technology,1993.4,520.29
62e32fa7-f4cd-4362-834a-184284d8ec6a,2021-03-16,South,Office Supplies,1504.07,-354.25
530a542a-8f05-494e-99a1-9ca8f3177bab,2022-07-16,Central,Furniture,1292.99,-4.61
c1886c58-5208-42d3-9c21-592004007c5d,2021-12-29,West,Furniture,717.03,506.93
498ccdd7-ae1b-4c1a-85e3-8a4e7cde6371,2022-04-23,East,Technology,107.83,42.54
01f239e4-3965-4c7a-82ff-3b13d32a27d1,2022-11-16,South,Technology,71.8,764.08
9f88be6e-a0cc-4aff-8e7e-9ac831b4709c,2021-07-19,West,Furniture,1112.82,456.46
e4d479e7-ace8-43d1-a0b4-3a731eb6dd1c,2023-05-22,East,Office Supplies,1526.45,-479.85
13131048-93b3-4363-9307-32958326c2dd,2022-01-07,East,Office Supplies,1079.38,643.98
e9f410c9-1cfa-48a2-9517-fa40ed233795,2023-07-04,South,Technology,1683.16,-368.95
2a314f1d-7bf7-4f91-9958-21e07b310f54,2022-07-11,South,Office Supplies,76.52,-317.32
d5411860-8583-40bb-b2fb-59fd0c00f8ff,2021-05-25,Central,Furniture,739.84,454.84
3c6bad34-94fc-412b-9567-cd27b4664f33,2022-09-28,West,Furniture,481.77,624.46
1604c332-09a6-4674-8b1f-a32544e5f394,2023-01-07,Central,Office Supplies,900.07,197.25
64fff7a6-35ce-4da8-9d3d-c371d6ac0d84,2021-12-01,East,Technology,154.03,-124.24
4b2ca54d-5343-4238-9694-c02c4ebd9823,2023-09-21,Central,Office Supplies,1908.72,-43.29
d3dd8cf8-53a7-4e7d-9b86-9a7274242892,2021-03-29,South,Technology,454.28,-54.24
3772d3a3-1b72-4a6c-b3c9-bfa153e87b79,2023-05-27,West,Furniture,1845.39,-75.32
9e8fa807-5db9-4490-ac6b-2108ba9b519a,2022-05-30,Central,Furniture,857.53,-184.22
6b6348f4-d14a-4950-b6e7-5939e2d76077,2021-12-10,East,Office Supplies,1971.19,291.53
f35c02fd-d88b-4a71-ba53-d4ca79d1acbd,2021-07-15,South,Office Supplies,1112.58,670.53
cc7e66de-3cf7-426e-98ed-c1e686474182,2023-10-19,Central,Office Supplies,1862.36,-100.79
513be62e-d9ff-4acd-b284-03566d1eb9b4,2022-09-04,South,Office Supplies,20.64,-257.3
9eead5de-f5b5-477f-841c-4ba30bb90921,2023-02-06,East,Furniture,1499.0,590.15
2651daa3-d8bb-4c4e-b3e6-270444087b43,2021-01-13,West,Office Supplies,1807.07,464.32
cd68f11c-a4b0-490d-9d40-111ab276d819,2023-05-15,East,Office Supplies,288.04,710.09
c50ef346-f34c-4c78-8892-111c1bee4909,2022-02-02,South,Technology,201.29,-284.82
c6bdce43-0902-4afd-964e-9cd4cade4865,2023-03-05,West,Furniture,854.9,-312.47
6207db63-74e5-4611-ad65-27a15a968960,2023-03-15,Central,Technology,1868.02,203.86
ff62499a-f2ae-4fce-877a-71fc9d9fbeb3,2022-09-20,West,Technology,1089.35,298.76
8612944f-977b-4e96-b232-398b1f3c4a38,2023-09-01,Central,Technology,1059.64,124.23
9ae5fbbc-0f65-4cc9-8fbd-853a790f2b45,2023-04-02,East,Office Supplies,290.84,278.66
c1fcdfc3-21b2-4aa6-95bc-cd83bb853c91,2022-10-05,Central,Furniture,11.57,-265.51
5c699e1f-458c-441d-81b8-d47e7a5f1d32,2022-05-31,West,Office Supplies,1622.18,123.5
83a64431-d83e-4704-bc29-9c682138fe3c,2022-08-14,South,Technology,184.27,355.52
c4593083-db40-4797-8ecc-4bd986db41b4,2023-12-06,West,Office Supplies,1271.36,62.52
e3e32e42-29ac-42f0-a6f6-290a592b4112,2023-10-24,East,Furniture,1830.09,383.28
8eb232b8-54b5-4b05-af67-8fc82308961b,2021-08-20,West,Furniture,425.22,86.55
c69eb431-cf34-4c15-a9b3-589ccf2109f1,2023-07-11,Central,Technology,1333.89,-66.32
f49eaaa3-0ef1-47f7-aa84-6c2c6d9b5aa8,2021-09-17,South,Technology,166.61,-105.31
9564a7bd-c5de-42fb-9d31-5c0b530f7e66,2022-07-25,East,Office Supplies,1211.47,34.17
c1192634-cad3-4250-aa5f-09cb81a603db,2023-10-28,South,Technology,336.22,-469.98
478fcedd-7134-4dec-89f6-53a97324c2bb,2023-10-27,Central,Office Supplies,1474.55,369.08
23625303-2ae7-4b5d-9cd2-dfd44c745676,2023-04-11,South,Technology,609.45,598.64
829d03f5-567f-4e50-b4c3-13eb7e225d5c,2023-10-28,South,Office Supplies,932.15,-38.98
e4a6da33-bda5-4100-bbaf-f9ca565854d5,2021-10-16,Central,Technology,1202.87,-440.16
a1d60cf1-8a95-40d8-8794-c44dab583656,2021-09-04,East,Office Supplies,350.83,782.81
6c05df93-969c-482a-bb9e-88f856ebd83a,2023-03-28,East,Technology,1485.86,-157.19
dde630e0-cbee-4346-9d1c-153ef6ebcacf,2021-09-13,Central,Technology,612.25,-335.39
d7718c05-b671-41b2-89a0-a9ef513c5c4d,2023-04-14,Central,Furniture,1328.12,-19.32
80851d53-2d82-4b6a-89bc-819e9d180608,2021-01-03,West,Technology,324.98,460.12
9d482c49-f53f-42d3-8df6-720520ff622c,2021-06-22,Central,Furniture,1379.35,-117.91
153e09ba-f7b6-434b-9e60-5b15e915a8f9,2023-03-30,West,Technology,265.09,247.11
fc424352-6d98-4038-b174-429ccffa9e4d,2021-12-06,West,Office Supplies,856.46,40.23
eebd342d-22d9-4b18-8680-55f355114558,2021-08-28,East,Office Supplies,501.94,-346.91
0a164306-e1ea-4d41-819a-1843d9dbff58,2022-01-17,South,Office Supplies,1499.27,-70.63
4e8d2654-cd37-40e6-a7eb-e3a50af9da16,2022-08-04,South,Technology,531.45,442.33
9619cf44-3ac5-424f-a3a0-51e85f5c6553,2021-11-22,South,Technology,1764.62,295.61
129f9fa5-3b6a-48cf-a0df-542da5b813c2,2021-03-06,Central,Technology,1784.72,-344.29
a484be3e-2191-490c-bc86-1a6af55db8b9,2022-11-10,South,Furniture,400.92,-287.68
fdbf4aa4-e211-4c10-9368-c594e09b6f17,2023-03-04,West,Furniture,1231.55,332.95
537356f2-cc9f-47d4-9da0-b6add3bb447f,2023-03-10,Central,Furniture,184.56,557.44
3556071b-11b9-41b1-913f-9d0fde550a06,2022-06-17,West,Furniture,789.16,-45.68
7b03f61b-5705-433e-92f0-2148016d0426,2022-10-26,South,Furniture,1429.51,273.9
a227ac14-343f-4341-8593-d3a208a66a64,2023-04-12,Central,Technology,1322.25,-278.16
bcf7bbc2-8e38-440e-acf9-8cc8a20c9fea,2022-04-08,South,Technology,1253.15,-95.21
48ae4aba-19b1-4ec8-ae97-38692ea151aa,2023-11-25,West,Office Supplies,572.26,-473.65
85123413-d9e3-43be-88cc-02e84da29b5e,2022-10-19,Central,Office Supplies,762.27,498.76
62c57829-6210-4734-9ded-b8538658c2e5,2023-01-24,West,Technology,214.86,21.31
b77c1be6-febe-46a6-9eb5-d8d29620818d,2022-09-29,East,Furniture,1440.86,560.96
f68d6979-7fe4-4461-a4e1-ed797d99e386,2023-09-20,West,Furniture,1012.74,420.88
efc87fc9-fd8e-4c60-b0bb-79d9d9b00417,2023-02-09,West,Office Supplies,1420.44,577.37
e61c4368-72f1-4318-ac4e-77f738da98b0,2023-02-20,West,Furniture,505.4,-128.64
b8280725-70e9-4f08-89f0-9bd6a32785f7,2021-01-29,South,Office Supplies,655.63,-259.36
69ccaeb0-a4a5-408d-8aec-4d62f30fa5b6,2023-08-07,South,Technology,675.09,763.48
21366a4d-01a1-496e-bf34-d88926530bd4,2022-09-13,East,Technology,61.23,432.53
fc1b3217-83eb-4e95-9891-0c365dc57345,2022-03-09,South,Office Supplies,688.69,584.25
eb536282-2aee-4929-b424-a7a0bd1e9e72,2022-05-19,West,Furniture,1608.58,-482.93
f31fbee0-358a-4854-89b4-af175e6bed7a,2023-05-07,South,Technology,1795.62,-39.2
37eb9827-869c-444f-91d0-dc7af56ccffa,2021-12-06,East,Furniture,1041.25,465.66
b5230821-2c41-46f7-9045-f17ece2db215,2023-01-16,South,Office Supplies,916.45,-398.62
1b19b829-d0fc-4577-8ec7-56748b19f320,2022-02-22,West,Office Supplies,71.34,237.54
d61a4a69-30bf-4bd2-a23b-da76bcaf0ee3,2022-03-13,South,Furniture,1759.62,57.79
9b48c6fb-333f-417b-a054-e592101b3c72,2023-06-12,Central,Office Supplies,35.89,-477.1
a528698b-d756-4927-a0f0-200824a994d7,2022-05-21,West,Furniture,1890.05,-193.23
9fc2e952-4e0b-4c8f-a07d-4d6c01d0468c,2023-06-12,East,Office Supplies,983.54,-129.77
bd00ff19-608d-4135-8f19-9b9217b4e6d0,2023-01-08,West,Furniture,690.45,-354.58
8503e3b7-1700-4953-a2ae-f5080213d090,2022-06-04,West,Technology,1849.19,321.0
7d525a4e-432c-43e4-aa55-8ea53ea7d639,2021-08-16,South,Office Supplies,58.54,-184.88
8d80c2fe-b7b1-4072-b436-873728ffa490,2021-05-04,East,Technology,1167.04,-139.09
8852c78e-0633-4286-9852-62b176935d1f,2021-12-25,West,Furniture,1102.38,667.71
676e34be-78be-4228-8455-da792a4150de,2022-07-10,East,Office Supplies,446.45,107.26
aa47bfc8-164b-4766-b4c7-573a84c84c23,2023-09-16,West,Office Supplies,863.49,9.77
2e401311-c973-484e-ad4c-041374be3766,2021-11-08,West,Office Supplies,1308.01,441.03
76d9d64d-7ae6-4ecf-999f-5901e65cad51,2021-05-07,Central,Furniture,1456.99,682.5
f929eda0-bf30-470d-82a5-af9b522326bb,2023-01-12,East,Office Supplies,11.43,-467.45
4400592c-a0b3-45c7-8fe1-f0505cf9d973,2022-05-16,Central,Technology,1874.34,82.71
279e04e7-6100-4856-a2bb-0c8d7bdc80ac,2022-06-20,Central,Office Supplies,337.41,294.02
085e9e90-f12f-403e-923b-6567dcdc614f,2023-11-29,Central,Technology,474.83,-85.87
1719944c-9e5d-431a-a477-536f534fa89b,2022-05-28,Central,Furniture,534.31,504.13
dad95c71-c688-499b-9111-277c82cc3039,2023-07-21,East,Technology,85.26,762.92
61e5cdd9-741d-40f6-bded-3f17ab76faa9,2023-09-04,South,Office Supplies,254.87,726.46
3db8014a-8dc5-4246-a85d-938be64f8ec0,2021-09-04,East,Furniture,1972.84,-154.22
0d97bade-647a-46e9-9a2d-0d7abac432f8,2023-02-21,South,Office Supplies,637.28,-205.76
b7e1cb21-2e80-4748-9e78-c6038ca3c793,2023-12-24,West,Office Supplies,239.45,744.74
a53a43d6-1ef5-40d6-b5d9-89367085770f,2023-08-26,Central,Office Supplies,222.91,96.22
7508e10c-1035-4dda-acf0-c77d7801792b,2023-01-29,East,Office Supplies,1441.73,-229.21
7161c888-32c5-4d76-b70e-bb11affee02e,2022-03-03,West,Furniture,1710.59,419.1
379f0075-ba72-486e-b79a-0c86c986b3e4,2023-04-15,West,Office Supplies,521.34,-130.25
9522496e-a7c8-49be-9082-140aed00e657,2022-12-12,South,Furniture,51.61,-152.58
d67e0f37-f4e9-438e-afa7-6c80f7746c4b,2022-03-06,South,Technology,453.95,643.02
2e89bdbd-5369-4c45-877e-0371ed140bfa,2021-05-16,East,Office Supplies,122.47,-288.78
f48783eb-939f-4536-a7ba-a3dd2c2bd5a3,2023-12-02,Central,Technology,215.76,-416.29
36cf28af-9d64-42ce-a8de-4479911eb1cd,2021-04-10,West,Office Supplies,868.7,-150.06
2bd346cb-e1ad-44fa-a974-eaeebdb1d20f,2023-09-16,West,Furniture,467.54,289.03
6d566dcc-bb99-4df7-99ce-afeef4914ab0,2022-03-29,West,Furniture,1036.73,-339.99
da970edb-a841-488d-93b3-4dafcca5ac2e,2023-03-29,West,Technology,514.45,113.07
4d9e6b9f-a3ee-485f-934a-fb2395ce2483,2022-08-23,West,Technology,1881.67,315.54
24d4dba9-8cf7-4bd8-8d9a-58d83c7c5372,2023-11-29,South,Office Supplies,1812.83,603.36
5339eb18-2aa3-4d5e-a58e-8fb63c884bee,2021-09-01,West,Technology,1137.94,-201.17
f6d2a20d-b3d5-4708-9d1a-f023a73ff524,2022-10-28,South,Furniture,715.3,562.55
db0f1685-93dd-4e65-8a12-f3d93e98f09d,2022-11-21,Central,Furniture,768.48,-194.62
51f8deb6-3404-47f4-8a48-28afe4ff5eec,2022-05-18,East,Furniture,829.59,379.8
444b9490-4edd-4cfd-b08f-ecf78e525adc,2021-07-06,East,Technology,1457.88,59.88
b98b9459-7d35-4e60-9f45-a6d06af9e1cd,2023-10-10,West,Furniture,908.76,-350.91
be60808d-bcb3-4076-b688-f76ea504ee5a,2021-07-03,East,Furniture,1714.89,428.54
295c1b59-3807-4a8e-be3b-eb35e1ebef9c,2023-08-17,West,Office Supplies,1888.75,-216.91
3f444245-4a33-4325-a4a1-0253cee8efcf,2023-08-20,South,Office Supplies,678.53,-270.39
5526db8e-922f-4bcf-8501-e79ef1204008,2023-02-05,South,Furniture,1125.78,-34.18
93de2da0-40ff-4822-9d8d-074742d361aa,2022-10-22,West,Office Supplies,199.16,349.28
7f849eea-c661-4011-b3fc-e192cf8e31a3,2022-02-04,East,Office Supplies,408.93,-195.8
1dd18fcf-b99b-4d2d-b72a-69289c7871de,2022-06-04,South,Furniture,832.8,-261.24
9a86040e-7263-4c6a-a4ad-77b02e32a832,2021-12-15,South,Furniture,420.34,-487.06
950f5eff-dc51-46e4-9912-d963d32a9e06,2022-02-21,West,Office Supplies,1754.36,113.14
922fe35d-2fd1-4775-80b0-2a827054ef5f,2023-08-11,South,Office Supplies,324.99,57.24
297eb3ce-11e3-4175-b0ad-20702ca0ed97,2022-09-24,South,Furniture,916.77,-195.97
aaae3222-3f19-4d0f-94c3-9b6d0e31275c,2022-07-07,Central,Technology,1215.34,-430.25
c27eb09a-77f0-4674-988c-a047e6acb189,2022-05-10,East,Office Supplies,1386.81,58.03
b800f540-7f69-43af-a921-3dfa86e979fe,2021-04-22,Central,Office Supplies,772.31,524.67
b53a2800-7d86-4a55-b6d8-3fad1ccda878,2022-07-11,West,Technology,1739.51,429.87
236603b4-53ae-422e-9147-b235e537cd52,2023-09-24,East,Technology,1140.96,619.03
f2203acf-8eed-4d34-b384-3346945f4281,2022-11-09,Central,Furniture,884.62,-487.54
21737acd-3e37-47dc-84d9-92ecea3c2de7,2022-04-28,South,Office Supplies,143.81,756.35
acdb425c-cff4-40eb-8730-24e4263490a1,2021-06-23,Central,Technology,934.73,-56.16
227cc456-193a-4e2a-b8da-93c8c0b4283a,2023-08-08,East,Technology,1643.26,787.52
baad0da4-65aa-4c06-9d43-3dc2cb115be6,2022-09-19,South,Office Supplies,1232.94,-171.59
0de5fd7b-dcec-4307-b9e2-4cc0ca63d3d0,2022-11-16,South,Office Supplies,1666.0,113.0
09a3e57e-2c5b-4eb0-b03d-a2528c486219,2023-04-03,East,Office Supplies,993.08,-39.89
c2d0af1f-43eb-456f-8b62-192ae224a224,2023-07-20,East,Furniture,245.74,-37.51
cf92bd95-9b48-4302-bd2b-87148de0b52a,2022-10-25,South,Technology,37.14,594.97
7731b193-e283-4b28-af9e-a625f091f0f9,2022-01-05,West,Office Supplies,613.41,470.34
dd16663a-8183-4bc0-80e2-cd0484c48ac0,2021-01-13,East,Furniture,1399.0,789.8
af003b94-596c-4252-b039-035691a4d3a5,2021-03-19,West,Office Supplies,1582.62,297.57
b8d7e825-bd6f-4707-b17d-64df35e8f24a,2023-05-29,Central,Office Supplies,598.55,102.23
aad74fe0-5f48-487e-a0e6-60c2b477caf7,2021-11-17,South,Office Supplies,996.35,-382.9
3c9ea73a-2f45-4112-9b7c-398883ab6df5,2022-06-30,West,Office Supplies,848.03,795.53
ec9f1803-64f3-480f-88f5-1390a32e6cb4,2023-02-23,East,Furniture,826.94,216.99
ec2c1148-d67d-4117-8c77-15050f95e5dc,2021-10-13,East,Office Supplies,470.38,410.62
d048c8af-ff5f-474a-8a53-76abc027c505,2021-04-05,West,Furniture,281.38,28.77
047032f6-33b5-451d-8a5a-2180c4c0eaf1,2021-06-21,East,Office Supplies,401.41,212.03
3c7d53a0-4d56-4834-ba5d-8ae747338a26,2022-09-08,East,Office Supplies,120.11,725.35
14fe9960-a539-4212-a34a-35ebec2be308,2021-10-25,East,Furniture,404.28,-283.65
cb53e1ae-daed-41e5-929a-3babd08e6441,2021-02-28,Central,Office Supplies,28.31,-119.92
75d0a2af-1c06-4fa6-921b-a1e492e7fc57,2021-05-14,West,Office Supplies,1258.24,-302.32
df2ff029-d5ce-4fac-98cd-9df3110024b8,2022-05-24,West,Technology,639.59,529.88
df3bd35c-35c5-4df0-b43f-847a29baadcc,2023-06-14,Central,Furniture,1946.56,-419.34
edb49f8d-e606-432f-920d-5830ba5b70e7,2023-01-09,Central,Furniture,395.5,-393.88
c768edb9-05d8-4146-97f4-2764de1a8a8e,2023-10-11,Central,Furniture,698.2,-111.96
2adff941-93c2-4f31-a495-dbf92632fa9d,2023-09-21,West,Office Supplies,722.1,168.44
f11b9c1b-bad1-4fe7-ad46-d087c77afed5,2021-08-30,East,Furniture,26.82,28.16
a9fc73da-5926-4059-bfd0-b387963dbc5e,2021-09-26,South,Office Supplies,1680.02,-441.74
32e72520-4d83-4055-97ac-720e0626d3be,2022-03-13,South,Technology,73.67,744.74
de2bdf8c-a75c-47c0-86f5-8ae67a5c28ca,2021-08-13,Central,Technology,1880.96,738.73
0e832587-315e-439f-82e9-dd36bc23db22,2021-07-16,South,Office Supplies,1785.23,-136.84
e9622f9d-3242-4aba-92c0-75229cb14954,2023-03-26,East,Technology,1075.69,450.98
fdff67de-6a63-4d5b-9398-ba020141f1ae,2022-03-13,South,Furniture,1091.76,252.15
afd063d6-35dd-4534-9528-68557858406c,2023-04-22,South,Office Supplies,1311.02,-191.28
9bd39476-17ca-45a2-bff7-2b2097eea179,2021-11-30,East,Office Supplies,780.23,-159.18
65d77fc8-252a-483c-9d7b-ca5cf7a87bc5,2022-04-20,East,Technology,1297.97,138.5
bb5452fd-26a3-461b-a21f-56b20c650576,2023-10-27,Central,Technology,99.09,45.01
284baa23-350e-4c9a-9d95-505626db89dc,2023-07-22,East,Technology,117.55,-121.4
ec8a7209-afd1-4425-9de2-134c1e3a7063,2021-09-18,South,Furniture,919.89,549.77
68fd1179-75d9-4768-b5ca-07f4b34d8b83,2023-01-16,Central,Furniture,1103.75,125.9
23bf1f71-a901-4db8-80ae-50f37770014d,2022-08-16,West,Office Supplies,1776.76,351.3
c578f4f4-9b18-476a-9d7b-83630db26722,2022-09-30,East,Technology,218.27,-253.94
1dadd807-16d8-4599-ac66-69e6befb3cb8,2023-05-10,West,Technology,1647.07,193.56
1ac0dff3-6717-4ab7-a1f0-e5c51cda8918,2021-03-17,West,Office Supplies,427.99,-86.63
0ab6c155-2e42-4010-a9cd-10722127130e,2023-06-01,West,Technology,794.23,184.34
082bbc6f-b8bf-4903-9e15-00621ef70629,2023-09-04,West,Furniture,640.04,515.07
57cad887-b916-4c61-a2d0-0779724d3c00,2023-03-19,East,Furniture,806.31,499.59
8776b75f-ecef-43a2-be19-b37aa966544f,2022-01-30,East,Furniture,309.49,-39.51
3fa916f9-eeb1-4cb9-b008-f9e0c28c36b8,2022-11-09,South,Furniture,1012.1,402.56
bf2c857e-9f7b-4992-acec-73f232acf022,2023-10-15,South,Office Supplies,1605.27,723.68
4b2a2bb4-097a-475d-b6ce-8d27bacc5ea6,2023-12-15,Central,Office Supplies,888.65,313.37
615a443c-6e73-499b-b144-0c359266facc,2021-03-18,Central,Office Supplies,986.32,-307.07
036ec6cb-8941-469b-b559-d3c6565a2822,2021-05-09,West,Office Supplies,1699.05,383.62
a68f75ac-7491-4018-adc8-4e80a90bdc3a,2023-09-12,Central,Furniture,1415.06,-363.62
4d2cd22d-cfae-4f3f-aa46-dd26e07ab79d,2023-02-26,East,Technology,986.0,633.74
264e448e-1a87-47b0-855f-c748c6d273f9,2021-02-22,West,Furniture,522.81,171.66
2d17534a-4834-49b1-88f5-d39ec3ad1a08,2022-03-03,East,Office Supplies,1771.0,0.68
05d04902-48d1-4e77-9710-d2f519b7a8e8,2021-01-13,South,Furniture,1158.27,-425.89
65108b6f-aedb-4272-8ef2-6cacca32c1eb,2021-11-13,West,Technology,450.08,-4.98
ec0389c1-23ff-48b2-865a-5dcda016d50a,2021-11-02,West,Furniture,545.55,674.17
9390e315-023c-4d0d-9c1e-b9f4564fd4ad,2022-04-12,West,Office Supplies,1608.23,-472.72
227763f8-fb63-4b0b-939e-a196aa386ce6,2023-05-10,West,Technology,97.85,117.04
6025cf7c-4966-455e-98a8-a428266ecb23,2021-01-08,East,Furniture,1984.26,710.51
d2bfbcf2-d709-4cc3-8461-a44d20f985d8,2021-04-22,East,Office Supplies,269.4,13.29
d8ccacd5-b35c-448c-b193-4d22976611ee,2022-06-03,South,Office Supplies,1594.18,56.63
5997fbb0-f7b9-42e2-be9b-f2d55de1d542,2021-12-07,East,Furniture,795.6,252.13
ca7d60a1-d6f3-4b49-a168-2935b8b91656,2022-11-13,East,Furniture,989.51,101.82
bc6965e7-bdfb-4e2f-8f7a-9bd510e68719,2022-01-11,West,Furniture,1762.49,-280.82
ee426792-ce2c-46df-8051-01e5a7b85447,2022-08-06,Central,Technology,831.69,-475.88
91a17855-aabd-4589-b736-5e1b36f1374d,2023-03-30,Central,Furniture,1079.61,292.76
c77ae3b1-20d1-4ef1-9861-919d98a0be4c,2022-09-13,West,Furniture,108.11,697.05
d2d07acf-7f1e-4dcc-955d-8f95b1ceb8e6,2022-09-14,West,Furniture,14.67,-361.73
3a96c7f5-18e0-4183-86bf-b986045fea04,2023-01-25,South,Technology,497.15,-225.76
24522ef6-1e5f-4e58-b427-eefaf808e17a,2021-06-12,East,Furniture,1364.36,-18.7
ef6739d2-6c82-4a41-b0d5-69ed4684ac73,2022-06-22,East,Office Supplies,251.32,551.36
8a25cd95-539e-4c1f-8cb8-cf5d5be87a2a,2022-05-22,East,Technology,236.39,-149.96
c337ed45-4e93-453a-a32a-992b5ddf6f80,2022-02-10,West,Technology,827.81,646.67
d8a9e06f-3646-4544-a15d-8b1eec8c93eb,2022-02-28,West,Office Supplies,1299.2,-428.55
132fdba1-f106-4955-8265-3ccf06ec3c00,2022-10-10,South,Technology,1427.02,723.24
27facb5d-c74d-4800-be1e-0254e35aac0c,2021-01-25,West,Furniture,365.12,228.97
7b5aaea7-fd77-419f-a40e-78ce0690b4f3,2022-06-21,Central,Furniture,168.38,356.41
1f8452fb-6c26-4326-8dc6-d899ee209e85,2022-01-16,East,Technology,1881.39,-22.0
7ab417d6-2975-4ef7-9d3f-904a5ca0678b,2023-06-29,West,Technology,528.73,516.59
472678ac-7eae-4452-8eba-2e783b162773,2021-08-28,West,Office Supplies,1708.16,-283.46
9e929f50-995c-412f-aa96-08bd0f706894,2022-09-03,West,Technology,1728.35,-436.41
b8b75626-b805-4666-b16f-f4f50fbfae31,2021-03-05,West,Technology,1547.32,14.17
6d1b5e96-6e64-4ec8-95db-0b31f6c84ff5,2023-08-14,East,Office Supplies,345.98,609.8
698f3072-05ba-48a1-973f-7fd5dca9b10a,2022-11-11,Central,Furniture,1645.38,481.4
dc29aca7-2061-4cdd-a146-de313a6b65aa,2023-01-23,South,Technology,1540.81,172.3
f1f58294-a66c-43f2-87f2-b5814809c026,2022-02-20,East,Technology,1197.48,243.78
51c680ca-57a6-4460-9b66-f3d3e6afcce9,2022-09-18,West,Technology,681.03,-331.14
2899e850-dd32-4854-b3f2-33b742d4f31c,2023-09-11,East,Furniture,532.39,592.89
a1b95e07-af38-4794-a0eb-16f1d3e8947f,2023-12-25,West,Technology,252.56,523.05
b381e8b0-38ca-4da7-81f0-98fca45ccc55,2021-08-03,South,Technology,1024.42,353.41
084a4052-4913-418b-9dcf-f347b5d84cae,2023-02-10,Central,Technology,1174.67,106.05
0450f237-1feb-4daf-8f03-8aaf3fec2bfa,2021-07-31,East,Office Supplies,725.08,753.8
e7b4638b-e871-490e-9cf9-cefa9dbb2aeb,2021-03-16,East,Furniture,955.96,642.74
907e5f2d-7f13-487a-b4e3-057067d17836,2023-09-05,West,Furniture,733.39,337.76
7393c675-a3cc-47c1-84b6-ae47ea0970c6,2022-06-01,South,Technology,1285.6,-16.66
c96e517f-e49e-4f6e-ac56-1f785e5a590a,2021-11-17,East,Furniture,1803.51,303.43
5ef28433-109c-41df-9f76-cb6f4eea155b,2022-09-06,South,Technology,336.2,248.07
c743eed3-ad54-4be9-9712-4b5a715c2507,2023-12-19,West,Office Supplies,769.0,12.51
48f89e30-5f39-49ad-9918-a225ff7f84ec,2022-04-10,South,Office Supplies,290.33,-101.32
f21dfe36-2c27-4031-97ef-f6da6cd7f2a3,2023-08-28,West,Furniture,1253.64,29.11
d771b446-7ac5-4288-8053-f74e3f003f8a,2023-06-10,East,Office Supplies,1460.45,246.08
cf61ea35-d636-4272-a309-33ad1b3eaba1,2021-04-08,West,Technology,1864.51,56.58
00b30bda-6f26-4d7c-b634-fa4840480f7b,2021-06-16,South,Office Supplies,564.96,-157.35
0f34bd08-8e10-43c7-8b4b-af231c4dacfd,2023-07-20,Central,Office Supplies,1900.92,489.25
c89a0cbd-cc19-4b50-9e56-a4fbc4e7770d,2023-12-10,East,Office Supplies,135.89,190.91
350c559f-09ea-4c35-9f65-206e83a17fac,2021-08-26,West,Office Supplies,1210.0,-412.02
bc9742d3-e955-4593-8e5c-5b2006d23bde,2023-04-05,West,Office Supplies,123.69,-21.19
3ad782dc-8dc8-4d97-a99e-5dc9cae33dbb,2022-06-27,East,Office Supplies,1788.61,650.39
46b3138a-660d-4992-b307-039f19b251ca,2022-09-27,South,Office Supplies,1064.32,481.81
7d2e11bd-1708-496e-b176-2fbdc37114e3,2022-11-22,Central,Furniture,1342.0,-79.78
0ae95eb4-842a-4bac-ac7e-80ad29709912,2023-09-01,Central,Furniture,1664.83,719.64
18f1101e-8450-4864-835c-6c488b5c0140,2023-11-27,East,Technology,309.12,-400.42
5dc228d3-ab91-4d71-ba0d-24f5cff54357,2021-08-27,East,Furniture,86.8,749.61
97be4ad9-25eb-4cee-9b7e-b52972a07a9c,2023-02-18,South,Technology,1758.97,-180.58
1bb1ca48-b844-4438-9e51-993207cdabeb,2022-07-21,Central,Technology,636.72,-488.18
0f90bfaa-b44d-4088-97bc-6e8af9653f72,2021-03-08,South,Office Supplies,266.67,63.95
8224153c-320b-4ab7-959d-880c76a5025c,2021-09-23,South,Technology,942.24,-33.34
1a06cff0-73f5-4452-a899-25840ade0b41,2021-05-13,Central,Technology,1200.63,200.82
b66e58a8-7642-4a9f-8dcb-48113f1ad220,2022-07-10,East,Office Supplies,71.63,535.8
f801a8bf-1467-473a-9507-14a73aac2179,2022-05-14,West,Office Supplies,557.04,595.16
49a85d9e-dec7-46ca-9020-94d60c3c83d3,2023-10-06,South,Technology,75.27,21.6
f431f8f1-87db-4211-b84f-e7ef5c726f34,2023-10-17,Central,Furniture,846.47,58.8
331212d1-4cdc-4dcd-bdf5-e219468a4cd3,2021-12-04,East,Office Supplies,1791.25,-307.37
1d3c9859-2ccb-47cb-a68e-d827cd101511,2023-05-16,Central,Office Supplies,1965.48,-438.19
0476444d-0658-45a8-b251-561eb43d9643,2022-01-17,South,Technology,1277.72,333.58
5953b5d4-2e85-4607-af62-752490ac7063,2021-01-31,East,Technology,331.66,-416.23
ad2654a4-8733-4652-9c01-ef9d881cf24c,2023-11-13,East,Office Supplies,1812.64,453.98
b41287fb-6d08-4507-b262-c8cb5af7233a,2023-02-12,West,Furniture,1037.33,200.82
7f0544ca-40f6-454a-989d-f5ed6df2b925,2022-12-07,East,Office Supplies,315.96,-241.84
8fae987e-1ed8-49a2-b45e-2b3707995fbc,2022-06-13,East,Office Supplies,1844.24,201.38
fff03027-32ef-4b5d-9571-7909016643b7,2022-05-13,Central,Technology,1517.36,-262.1
c6e9c9c4-df46-4896-8dbc-3b08abc9fbb3,2023-05-03,South,Technology,1466.09,70.36
2815eb62-670f-4921-9b61-e82e334b2922,2021-08-04,Central,Office Supplies,1421.27,539.43
f0514b1d-eb61-4b74-8f53-6189d294f5a8,2021-05-19,East,Furniture,408.68,100.5
d69cd777-4114-42dc-ac06-2d4a708183ae,2021-09-04,Central,Technology,429.9,-306.69
6fd2b471-64c4-4c04-a3bf-37c26ffe5a67,2022-08-24,West,Furniture,1379.7,440.98
5a6d86ba-1434-4aeb-a61f-32ead2bcc804,2021-10-11,East,Furniture,447.25,-257.2
3d948afd-864d-4a8d-9067-308a95cc34cd,2022-10-10,South,Office Supplies,882.96,460.11
da8f55c4-b310-40ed-a362-84b8d4a84c96,2022-02-08,West,Office Supplies,1566.18,123.16
0ebd9eef-0836-42d1-84db-e9aa7999d29e,2021-12-04,West,Furniture,1570.07,89.86
6a3098aa-6729-4b46-8418-dce5fad5ab17,2023-08-02,Central,Office Supplies,911.99,606.87
f70f8b81-4f83-40da-99a4-8e556cf1bb98,2022-07-30,East,Technology,1586.46,421.18
066208b6-96dd-4b80-a078-6e8f54909f0a,2022-09-10,Central,Furniture,1678.86,-457.22
1dd19a42-cb8b-457b-915c-13dec14df98e,2023-01-13,West,Office Supplies,1313.0,-114.97
7c53ccb0-96a8-4f54-b26a-18440cf2a69a,2023-09-24,Central,Office Supplies,464.57,632.2
e9f746e7-1fd3-48d0-b7a4-d097aaa22344,2023-03-07,East,Technology,555.28,-476.18
bfbff315-0507-4453-898f-d17b4097d297,2022-02-19,West,Office Supplies,636.53,208.83
3c675934-95e7-4fd0-833f-ed33a7b4d7c9,2022-03-25,South,Furniture,242.44,446.17
8d522457-f104-4c45-84ad-84e48b3b966c,2022-09-07,East,Furniture,553.59,308.41
901b938f-b703-4e19-920f-65b31164d2e6,2021-01-04,West,Furniture,426.94,488.69
b51f34b7-dba0-4a70-b32e-ddf2c1dd9365,2022-11-24,East,Furniture,916.1,443.4
92fcbafc-4501-4390-b249-c3c8a18e1a64,2023-05-22,West,Furniture,1817.79,399.64
aaef0591-3fd1-40e5-90a6-eb2200c65ec8,2023-08-05,East,Furniture,217.92,568.0
5111044c-10d6-419e-b52d-b8c8ff5b2d52,2021-02-04,Central,Technology,1443.33,339.4
4169de84-0ad3-48b9-ac10-180ec8d2382a,2023-01-17,West,Office Supplies,1377.69,23.14
09b3abbf-8078-4391-9bdd-8ac39c4d8e2c,2022-06-18,West,Furniture,200.55,113.48
a5868874-4c31-47b6-96f3-05d7cece12fc,2021-05-08,West,Technology,1845.92,431.74
7f353843-d25b-4219-9912-28bed483764a,2023-11-02,West,Office Supplies,1141.26,639.2
c8880b2c-651e-4bd2-a99e-9370ede40cf0,2023-05-24,East,Technology,733.81,-146.12
7e29bddc-fd5c-474e-8778-dbe69b29f76e,2023-12-19,West,Furniture,1515.51,-55.3
10ab9db1-a5e5-478a-b943-23c3a38dbe8c,2023-06-04,West,Furniture,522.16,709.96
706370c4-971f-4676-b697-67b732dba13d,2021-06-05,Central,Technology,1390.08,252.07
6a21ab97-d04c-4e8e-9eca-88d3af665d67,2023-08-02,East,Furniture,89.03,-267.35
bff9e3b2-8e79-4982-9a5d-5ace61d9407c,2023-02-24,South,Office Supplies,1680.42,362.8
e877a70d-692f-476c-9a20-4dcc4ae8e236,2021-04-11,Central,Office Supplies,901.86,787.99
260027aa-197d-4ceb-b498-816e61cb03f3,2022-12-10,South,Furniture,1277.02,570.49
f3da143e-4962-494f-bc26-09e1375e5c72,2023-01-21,South,Furniture,450.26,469.46
922e3abc-7ada-41a6-bc2a-5ca20c921749,2022-08-05,South,Furniture,1357.38,-229.54
d4b6f0f2-3bb9-49b9-bf8c-c66b4423fcd5,2022-07-30,Central,Furniture,1546.76,638.98
6fd8440a-5283-489c-831f-37eb2c981221,2021-04-17,West,Furniture,951.69,183.53
b05ab6bf-bca9-4eba-b5ff-dd0c2eda17d5,2021-08-26,East,Furniture,1239.28,656.08
974a2447-ab73-460c-83f0-79b3f78ffd83,2023-06-09,South,Technology,918.09,-71.22
9186c2a1-9536-422e-8a02-d7c19859df42,2023-11-19,South,Technology,1789.24,-419.33
9c4cc0fd-fee4-4434-9d2b-11d0e976d79f,2023-12-05,West,Technology,1000.76,118.77
11269f9e-03c0-4a01-8e98-6e40723182d4,2022-03-07,West,Office Supplies,1685.2,-149.21
439cf4f8-e93b-4044-9292-5f7cb624013a,2022-04-10,West,Office Supplies,1604.69,429.8
d91e7e1a-6e48-4e95-a228-23f82a46cb32,2021-05-30,West,Office Supplies,826.9,744.24
23baa2ca-a90a-41cd-b4ac-51f0fcf086c5,2022-04-22,South,Furniture,467.87,398.27
0d0d13d3-779e-483d-b6df-223906bc0d71,2023-07-28,West,Office Supplies,818.1,653.01
e7718e1b-d1df-4ff0-b5f3-2c8e83fc7a2b,2021-09-14,South,Furniture,1654.17,88.93
1b0e93e1-2be9-4560-9820-d3628a6181ae,2022-06-11,South,Office Supplies,462.99,503.13
d74d930e-0e0f-4619-a926-61f516ca331c,2021-11-17,East,Technology,1053.63,595.96
a8c5840f-aa54-468f-a927-4d42288a2e51,2023-11-11,South,Technology,1614.13,424.14
a9129abc-cda1-426e-a17d-b91d07059d15,2021-06-05,South,Furniture,713.42,160.11
d980a784-1857-48fa-826e-08b6a0b58a0c,2022-10-30,Central,Office Supplies,1288.0,313.63
8bb61e76-efbf-4c75-a6e5-4d66ee4ebb16,2022-03-05,South,Furniture,498.81,410.66
156c992b-cc97-4171-b926-393cf1974022,2023-08-22,East,Furniture,227.47,-170.99
b3aa475c-af31-4f40-9e8f-7d7e3c36c559,2023-04-22,West,Furniture,1590.82,552.45
835108d8-9251-4afe-9d7e-5e48c03caa32,2021-10-04,East,Technology,206.95,735.42
fe389c35-e28c-459c-8124-14079870fafa,2023-03-19,South,Furniture,550.05,104.81
e69cf4c8-72d6-47e9-95af-bf6fc7b0a9e2,2023-11-12,South,Technology,1711.67,411.39
15604ec8-1ca9-41d9-a5bf-13792587f6a0,2022-01-15,West,Technology,699.47,458.13
05bcde63-f667-491a-b1c7-ebf1f9dbe07e,2023-03-15,East,Furniture,1946.36,360.92
80ef2ccf-8999-4812-9616-76fcbb1ffaf4,2023-09-28,East,Furniture,1959.67,211.25
4a2e25a0-f6ee-4bdc-9670-0f55a03ef56a,2022-06-07,East,Technology,543.87,646.14
07d1316f-821a-4ac9-a957-2b45ed84859d,2023-10-27,East,Furniture,91.55,83.6
121374ec-d9f5-4388-9202-5cd5d0b8bcbb,2023-06-06,Central,Furniture,1413.08,-420.57
6624f8ed-ed96-4f31-8bef-2ae1f87339cc,2023-01-10,South,Office Supplies,907.46,597.92
88fc929a-4dda-4b87-8291-b38ce4e7e7a3,2022-02-27,South,Office Supplies,210.5,376.18
1ec83ceb-c201-426f-a924-b4722363bd37,2022-11-15,West,Office Supplies,1417.97,604.04
e2293661-e153-4d2b-b261-b0827387d450,2022-11-23,West,Technology,72.04,-319.89
bcc93b94-835d-4e20-859e-45bf5b262633,2022-11-06,South,Technology,1741.69,-460.02
fb9c7376-9232-4c60-bbae-eb8eed569361,2022-06-29,Central,Furniture,285.92,714.69
5fb14f5b-81c0-4a3f-b8f7-03ec70bb034d,2022-08-13,East,Technology,263.35,-307.95
8a02711e-02f3-44d0-aeb8-c6eb700affff,2022-05-11,West,Office Supplies,359.59,552.55
0693d01a-cfd6-4b31-8fcc-85202c2de0bd,2023-06-24,East,Technology,1920.93,570.17
6b35a9b9-0bfc-4c45-8a43-aa23426ea2f9,2021-02-27,East,Office Supplies,1389.41,421.32
aaa54056-7928-413d-91f8-8167796c39ad,2023-01-18,Central,Office Supplies,1604.73,-329.36
2e095630-d7b4-4669-942c-ef0517fc87fd,2021-01-30,Central,Office Supplies,801.29,367.62
903ce3b1-6158-4ec7-b05c-b0aed795187f,2022-07-16,South,Furniture,679.26,655.81
673a0c97-987e-428b-8caf-ae2b15caf379,2022-05-22,South,Technology,476.62,53.19
ab00fba9-a5e0-4e86-83bd-7384176cc975,2022-04-16,Central,Office Supplies,966.49,37.57
82ca3ac9-2867-4c72-af24-5e07158327a4,2023-08-10,South,Office Supplies,1108.14,75.72
d1303a7a-aca1-4386-bfeb-5020e417eadf,2022-02-14,West,Office Supplies,1267.23,-393.05
2a545726-ca9d-469a-8539-fd8297266ab2,2023-10-05,South,Office Supplies,521.67,659.63
8f47c5ae-6c68-437a-aba0-24bd99932899,2021-11-23,East,Office Supplies,1897.82,629.94
769eb31c-2683-4a4c-8133-25f1e76032c3,2023-09-20,South,Furniture,347.82,797.28
941eddf9-6460-4660-808d-551fb9e89990,2022-04-21,Central,Office Supplies,1931.65,260.74
ee2291ef-ab97-47ef-bfc1-9e7bf17a273b,2021-12-12,South,Office Supplies,39.56,476.55
a2a8d37d-aa22-43a9-ba25-90fcd91218a9,2022-11-02,South,Furniture,967.44,-236.53
96be541b-0b0a-400f-8462-ecae0cce769b,2023-04-15,South,Furniture,673.4,367.79
1e2f9c71-b6a0-43e6-bab5-d8d05ac9c4d4,2023-01-02,East,Technology,903.76,344.65
16a3ce4e-ca5c-4c4a-a79b-d4394236fb0e,2023-10-18,East,Office Supplies,1145.62,671.57
1ccc575e-6c6b-4d66-94ba-c2b5ca4514d1,2023-02-05,South,Office Supplies,876.82,580.03
7e8e148b-0b44-4907-ad59-ae125ac7b94d,2021-06-08,Central,Office Supplies,835.55,720.01
3f843c8f-a46f-47b5-8d45-e921e64b5523,2022-06-07,East,Office Supplies,1468.12,629.48
ac97e067-48bb-4c17-bccd-3eb62d51ca94,2022-09-30,West,Technology,1374.89,629.3
8d9f42bc-b0e0-4156-8ef8-8a52e4cda3b9,2023-05-26,East,Furniture,1668.21,-417.16
b90db373-5553-4a05-b960-a10e8ee56246,2021-09-29,South,Technology,507.42,599.75
c76e8e04-1b64-4f32-9aa2-88e1609c6c82,2021-08-07,South,Furniture,1222.96,289.72
cc40d3a5-94be-40bd-b5d2-4173ee56aea4,2021-01-05,Central,Technology,1174.54,-5.42
ab86fc70-a89c-4d28-8e08-215adbe6fc7f,2023-06-24,East,Office Supplies,745.78,-426.53
4af83592-2e85-4bc6-a5ed-b1d9a4242b77,2022-02-17,East,Technology,977.25,380.98
9ad0afdc-e280-4ef0-8b90-1a34a3d6f33a,2023-08-10,East,Furniture,634.43,-73.34
a3c05d75-b3b6-4eb4-abf0-1ba6ed1d3817,2021-03-25,West,Office Supplies,292.27,108.11
60562765-9c1d-4a65-95c8-3c5d48754ef8,2023-01-27,East,Technology,435.46,386.25
b8692e43-3fa7-4954-8bfa-fb8c623c2c71,2022-09-22,East,Office Supplies,219.97,685.31
6de72534-9c9f-4ec0-af80-a18943cbfd06,2023-12-14,West,Furniture,1369.31,573.07
82fecfdc-73fb-4982-8401-4a72068f19b5,2022-01-10,West,Technology,1324.85,85.78
71a67925-1094-4b53-a6d5-1dc14ff90831,2022-04-09,Central,Office Supplies,1901.71,4.12
56885791-8f92-42c3-a727-aea402f93785,2021-06-24,East,Furniture,1462.06,-188.29
28e9209e-2470-4fcc-a2cc-a6611a2a69d9,2022-06-22,East,Furniture,113.57,-15.85
947ab584-5b06-498e-aef4-74a3fb31a55f,2021-11-24,Central,Office Supplies,1769.65,-355.64
a15c6648-d355-441e-be3f-9b1ec29295fd,2022-07-14,Central,Office Supplies,1726.72,762.44
8bf54fa8-8ae9-4f31-8674-a2f56818f77e,2023-07-12,Central,Office Supplies,892.21,246.09
f7b8a5e4-80a5-4e0d-8016-7fac2003c81e,2022-12-22,East,Office Supplies,1175.87,-333.85
c7569b9b-ca12-4556-b5cc-a86b92e92aa7,2022-12-26,East,Technology,1952.4,-41.35
666ef491-88dc-4e09-8413-377b38d52946,2021-07-14,West,Furniture,1069.29,211.15
3a5b10ff-8076-4a77-b25a-2225885f40aa,2021-03-21,Central,Technology,1811.59,192.75
6f97aebd-e15d-4642-8a84-bd349d345ce9,2023-10-29,South,Technology,175.25,-453.85
652b1328-422f-403e-bc29-c667233089c9,2021-03-16,East,Office Supplies,390.19,736.09
fcce4fb6-fd97-4595-a6be-21e57ac20f0f,2021-06-20,East,Technology,887.1,-142.01
9a18e6bb-71f6-41a8-86f7-3047c0bdbeaf,2021-07-11,Central,Technology,1173.67,-478.96
05a562a9-6cc7-4151-9172-44f793645e43,2022-06-02,South,Office Supplies,1634.29,-400.62
16d49f2d-103b-42ed-9540-d6f59f8c9841,2023-09-27,South,Technology,1976.64,254.25
ffab82a0-36e6-4004-92e8-089e4cc639c9,2022-01-27,South,Furniture,783.81,-320.88
e5642b96-9624-4a9d-9cea-0ac0d466f946,2022-12-20,West,Technology,104.36,-445.76
3f8f9da4-b98a-453f-be85-44e1c1b65800,2022-12-08,East,Office Supplies,1604.33,-6.49
fcb4ee27-c167-4c84-a943-2abd5b95509f,2021-12-22,East,Furniture,1212.72,309.59
29ca6e42-d09a-42dc-a3dd-65b3998549bc,2022-03-23,West,Technology,405.1,-354.61
345ec501-df85-4192-921c-922affa2df47,2023-08-13,Central,Furniture,994.71,-92.67
3b8ee0e0-1ba3-4c18-a84a-05d0b6f8dba9,2022-02-13,South,Technology,1487.2,43.09
685a9a7c-b83f-44ca-b9a0-d586369db2ef,2022-01-09,South,Technology,1543.12,-292.7
2fc3bb1c-577b-4d97-801b-d08ee4fa2e93,2023-10-28,West,Office Supplies,1004.24,157.9
eb19071b-0b35-40a1-bfa5-e99ffb23a4b7,2021-04-22,South,Office Supplies,617.38,-389.22
82d3c040-8e69-44d3-923b-505c4127bbb7,2023-10-22,South,Office Supplies,1947.75,-439.53
c79e46ae-551b-4d7f-a68e-43e1182a4ea3,2022-02-12,South,Furniture,1330.09,175.79
e8f66646-059d-42e6-b348-f0fed47ebb90,2023-12-15,West,Furniture,822.39,-177.73
f4c621ef-e80b-4c7a-9c3d-ae7b2a630401,2023-04-14,Central,Furniture,568.12,-376.01
7edf1d61-4d55-467c-801f-39a647465064,2023-01-22,South,Office Supplies,1464.89,51.09
9dc4805f-1fe3-469c-831e-687425076d01,2021-07-27,West,Office Supplies,491.95,689.68
a6792090-5160-4305-adcd-8d4318ecae05,2021-09-26,Central,Furniture,351.7,441.45
b26f8bb2-3178-4dbb-9f7f-acac0814b225,2022-07-02,East,Technology,1064.37,560.3
c9a692f0-073b-478d-860a-a7f94a05e06d,2022-07-22,East,Furniture,587.07,633.49
d85a4e1a-66ed-471c-aa98-979991354949,2022-12-29,West,Furniture,1261.52,764.42
bd86a1ab-c16f-4ca3-b854-f2ce102c89ba,2023-02-17,East,Furniture,244.7,492.22
ee6d7a27-e95b-4b7b-a585-fc3d7bf7202e,2022-06-08,East,Technology,1313.33,290.93
840aa19c-c5bb-4f64-90b9-b399bf5d96d6,2022-09-16,Central,Technology,573.76,-24.95
98343ead-4239-413e-b33f-f435207479d2,2022-01-31,Central,Technology,10.48,-263.86
8bef5d54-c0c5-4495-92bf-804e89ca1b26,2021-06-11,East,Furniture,262.6,392.66
8a81b778-8bf4-4171-8ab5-6e07a167974e,2021-12-13,Central,Office Supplies,1867.89,793.43
00bae133-babf-4447-a855-6690f4d85745,2022-06-17,West,Technology,1736.04,107.57
d554fadf-7633-4d1d-a694-940dddc5c146,2022-02-24,South,Furniture,474.88,440.78
4580ee86-18ce-4087-a53c-e1148d185c2a,2023-10-04,South,Technology,1558.96,143.62
69e83561-4557-4dcb-b15e-ae421461f0d8,2023-09-12,Central,Technology,1221.06,61.51
1ac62a63-feca-4f41-9908-d31984584019,2023-01-28,East,Office Supplies,1942.1,33.4
53921935-d6f8-494c-b9fa-35e6c98afa08,2022-04-26,South,Office Supplies,753.48,156.01
64ff3d41-eb4b-4bd8-af49-056a9f5f4623,2021-05-28,Central,Office Supplies,1366.11,-23.04
43d8c607-f27a-4635-a064-62aea0683570,2022-09-04,Central,Office Supplies,136.44,473.41
a9c55ff9-9dd0-4b9c-ac14-52b48bc1163c,2023-04-10,South,Office Supplies,798.53,636.55
ea467d0d-ce05-4ac8-9e0e-5cdf89d4d409,2022-05-26,West,Office Supplies,1928.0,647.75
94eeda02-f9aa-4d6d-b2e9-d9393fbce063,2023-10-05,East,Technology,1082.57,-203.99
8caf728a-9e58-48b6-b24c-77826554f48c,2022-08-05,Central,Technology,582.88,664.68
81b89c44-ee28-4856-8fc6-0d4370ba8e9c,2022-12-28,South,Technology,249.34,-55.98
b04dee79-4ff6-408a-9135-6bfe6193dc3d,2021-11-29,Central,Furniture,1410.02,-97.9
53cbad6c-171d-414d-9de2-2a23e47c666a,2023-08-21,Central,Technology,1293.26,444.78
fa98f0cf-42df-4d68-969e-3fde571ceacb,2023-10-31,Central,Office Supplies,754.14,-103.89
0c9ef5aa-a8ef-43a9-8db7-5f5750452f2b,2022-05-03,Central,Technology,1902.37,-431.14
2280229d-9d1b-40f5-9fc6-1eb31c534b87,2021-08-24,South,Technology,54.18,-14.3
2e3a9584-adf5-48fc-995f-2694b8edffe8,2022-01-05,Central,Furniture,614.41,437.91
c7f2a172-affc-4532-9846-06250effa0c1,2021-08-13,Central,Technology,1842.93,-74.95
3f13d74a-5c7f-45ce-bea3-9cb17a4e438d,2023-04-14,South,Furniture,648.66,318.43
e39f95a1-61a9-429d-adc2-735db26dfebe,2022-07-24,South,Office Supplies,511.98,358.16
1d0707aa-59ec-4e63-8b63-981eb1dc3a91,2022-08-03,East,Technology,1073.1,453.86
6c27ca62-141f-4b4c-b977-93611204a9d9,2022-06-27,South,Technology,1649.37,666.27
3a21356c-0fd6-4618-ba6b-295caec9c199,2023-05-09,Central,Furniture,215.26,62.33
c0b15ca3-89ae-47cb-9893-e27dd5204b48,2021-01-28,Central,Technology,1886.61,-283.64
65173bc6-ceb8-4364-8e24-2b1dc5736b1c,2023-11-14,East,Office Supplies,1592.2,-85.4
3fa1292a-507b-4b8e-abd6-f68435073a4e,2023-06-24,South,Furniture,370.69,61.82
a5ca5367-b598-455f-b9d2-3cfd692981b1,2022-06-19,Central,Technology,1426.9,428.06
944af6a6-83c1-4496-999a-2509203201a2,2023-01-25,East,Technology,776.07,-482.94
99786dc1-5f54-482d-93e1-1f554289281d,2023-07-18,South,Office Supplies,810.57,-89.48
01f73517-7c4a-42db-a105-06680e49a743,2022-04-14,South,Furniture,1568.75,513.8
a7f3cf5c-9818-43c7-8657-894f0c953522,2023-01-28,West,Technology,1925.94,372.12
ce972144-4d17-494c-9288-cbf5a6bd63a4,2022-07-17,Central,Furniture,262.05,451.26
f8a5764a-87c5-4450-8c78-7ac622c97943,2023-02-19,South,Furniture,847.05,555.35
0c0575ab-2dce-4207-800e-45409492ba69,2021-06-01,South,Furniture,967.07,518.21
ffa6df21-6057-4624-aba6-71024b16d8a8,2023-10-13,Central,Furniture,758.86,386.84
46230245-dd7c-415a-aeb2-51526002ed7b,2022-09-28,South,Technology,732.75,71.56
dc8f79c8-bd95-4829-a72c-f300c917a68e,2022-09-18,West,Furniture,114.01,778.68
6e6c4c64-6f56-41b1-9d07-285b8e8752c2,2021-03-10,Central,Office Supplies,1374.22,239.8
53ae0bce-0ccc-4432-a913-ed3b7f5c62cc,2021-08-30,Central,Technology,878.07,-236.4
296da4cd-431b-411f-af90-d9afca07906e,2023-04-05,East,Furniture,397.64,-119.34
ee6fc3f3-ca5e-4705-91f8-0fcf03acc634,2022-02-12,Central,Technology,1633.91,401.63
dd7c5485-6c70-4048-9093-4c874f8ccb0b,2023-09-03,East,Furniture,1607.1,702.16
716ebe56-c19a-4b0f-bd72-8f735d3b64ac,2023-09-22,East,Furniture,977.92,-267.66
07789dae-e478-4edc-899a-c6ce5704c899,2021-07-02,South,Furniture,603.92,-392.95
f3f73d69-c853-45f9-b35b-ea93923ad413,2021-10-28,South,Technology,1279.8,645.99
f6fa5eb6-51a5-4b4e-849c-00424efb4227,2022-09-30,West,Technology,583.42,689.86
81a4dce0-c800-4f5e-b139-c12d3881efd7,2021-09-18,Central,Office Supplies,479.66,-140.71
6cd6b9e1-0765-4c22-9bcd-e988ce25d281,2022-01-06,Central,Technology,1463.72,-9.53
c84042f9-db66-4c53-be15-91ee217fc48c,2021-11-28,East,Furniture,90.25,358.24
6789278d-cc86-4c85-8212-173f5e997f0d,2023-10-15,Central,Office Supplies,198.59,-71.09
217c82b1-c884-4ac6-a19a-4805e03a0ab6,2023-09-19,South,Office Supplies,23.51,640.31
c53a8da2-2f2f-4254-a22f-3da5dab2a215,2022-04-15,Central,Technology,314.36,-360.15
4a086284-b35a-4b1c-9625-583a6b32264f,2022-11-21,South,Office Supplies,147.29,-450.62
a1f3a5bc-6580-44de-9bc0-04500ddf8da3,2021-01-03,South,Office Supplies,1991.65,-228.97
58d687f6-9bb5-4052-9a88-d62a55812914,2022-04-12,East,Furniture,584.73,-128.09
02580dcb-0dbf-48ed-ace3-e35d3a99542f,2021-01-29,West,Furniture,307.04,-353.2
6ced484e-acde-4588-ae92-0236b1ddecb7,2022-12-24,East,Office Supplies,489.58,-414.6
1e50661f-2fce-40ae-9b06-fec229071205,2021-06-08,East,Furniture,1872.89,482.29
2e58e57a-4b4a-420d-a6f3-af262cc6c3c2,2022-01-26,South,Technology,1045.12,-286.44
73b171e5-cc56-4dff-8314-d41cf699734e,2022-09-15,Central,Technology,735.99,688.1
7a761f37-e1a0-4de2-b6de-974a6d9d5598,2023-07-11,East,Office Supplies,1748.05,-21.6
4f848c31-7954-4f2d-a819-d4b9b1a6aed3,2022-11-22,West,Office Supplies,796.03,371.79
50e5b83b-c388-4b0e-a263-e16c66b768bd,2023-09-12,South,Office Supplies,676.67,-206.98
071a8d53-63e0-4207-913c-b0099cff77c5,2021-05-30,Central,Office Supplies,422.49,-187.58
47eb1172-2d47-484c-943d-9bff1a89383c,2022-01-31,Central,Technology,761.82,247.12
17a0fba1-1994-4293-bbc6-423eb58a4321,2023-02-05,West,Technology,640.2,228.84
da0eb3c3-f8f0-41ae-a924-e01a5f5cc473,2023-11-06,Central,Technology,1357.83,499.35
404eb634-f4e0-470e-90b6-8d0280dc3ba1,2023-07-06,Central,Technology,586.27,485.16
a3b0e3da-845e-4ab9-8c00-7490888d7c51,2023-01-30,East,Furniture,1158.63,371.89
01910880-0f5a-4a7c-be4d-b9ea636404e8,2023-12-14,South,Technology,141.13,83.87
896f07e5-fabb-4975-a789-3317c2afaa5f,2022-01-17,Central,Office Supplies,390.67,657.83
96bc3f42-797e-4c89-9bbc-af4503d7f55b,2022-03-28,South,Technology,820.74,309.35
7b2ff249-6565-4fc1-bb62-f1dc842a4b95,2021-07-13,East,Technology,1874.53,787.26
8f0f7109-fddb-4b80-be99-cb58b601efce,2023-05-14,West,Office Supplies,760.73,565.18
14420114-dfe7-44a4-b225-70ff20baeb3f,2022-06-27,South,Office Supplies,1331.51,-442.4
e1ea1d2e-9874-4952-93ed-4b5c2c4276b2,2022-05-12,West,Office Supplies,517.62,-83.23
ee4401c9-71af-45ff-9bbd-cdb6f117bec0,2023-06-08,Central,Technology,262.8,243.44
ee550e96-037c-4932-a5b3-2f0bc91ca763,2022-06-13,West,Furniture,126.49,437.91
22897671-7234-4df0-85f0-3f1ccd4a3c8e,2021-03-06,East,Office Supplies,617.77,215.44
cae322c3-6896-457b-b7e1-1681fe84f0fe,2023-03-16,West,Technology,323.75,521.97
a37ae656-2a03-4bf9-9a4d-4948435bfa43,2021-12-03,East,Furniture,356.28,-132.55
25b3cc2e-137d-4405-accc-0672cfde82ad,2023-02-15,West,Furniture,1523.91,-260.91
2a24cab7-eb65-470d-9c64-72c8bafe90d2,2022-03-17,West,Furniture,41.52,-429.91
40508324-875c-4067-b432-327f0db04a2c,2022-08-03,East,Office Supplies,1120.04,245.31
e26e750f-c27d-4696-bc44-35083a9321f7,2022-09-18,West,Office Supplies,765.13,395.18
6e19f773-3a5c-41bc-9797-29e87a8d8320,2021-02-27,South,Furniture,1018.03,-76.01
bac043ca-96b7-4f15-b249-848c58810e2d,2021-07-10,East,Furniture,1130.03,297.66
8844276d-c0a7-4490-9dcc-48a562c8570e,2022-12-18,East,Office Supplies,633.6,-432.2
59b0d399-8dd9-4f68-b611-7bbd0c4fde2e,2021-02-09,South,Technology,597.27,-370.92
2b36b6f5-a2b3-4e1b-91aa-0c74f9449817,2021-10-24,East,Office Supplies,1469.47,412.28
f2af577d-43c5-47a4-bbc0-2c385e55bd48,2023-08-04,West,Furniture,1743.84,-21.51
20bf262b-4f4c-4fe8-acc1-8e4d83992e41,2022-08-27,Central,Office Supplies,393.24,372.73
b1d8ea69-8eb7-4d02-abf7-c0281f978761,2021-06-06,East,Office Supplies,204.26,581.24
53054058-80e2-4e40-bb89-1988c04d3cca,2021-01-30,East,Office Supplies,1796.61,608.41
cc02ae53-5cad-41a9-80d2-e1bee0ef3416,2021-05-01,Central,Furniture,706.29,-276.18
44b2e5aa-f334-4f9b-badd-e398c09eb13e,2022-12-16,Central,Furniture,1107.12,132.17
f1cf851b-ad02-44a0-880c-28ad0c11f642,2022-06-25,East,Office Supplies,725.49,454.1
a71f4b37-4e35-4338-8124-98f96de27e22,2023-08-15,West,Office Supplies,260.35,506.17
779bfee4-a6f7-4a50-8903-528a5e0fb618,2023-11-19,East,Furniture,1182.77,520.08
deafd27f-2548-4b37-bd61-676d56aa814e,2021-02-18,West,Office Supplies,1055.03,-203.38
13a2dc03-e14b-400f-9873-56e93262188f,2023-10-21,East,Technology,413.96,-249.7
318c6ee8-f1c8-4a37-a3d3-59b81c84f34f,2021-03-03,Central,Office Supplies,909.22,267.02
fc16f82a-b682-4487-af45-88c3277747dc,2021-06-12,East,Technology,1595.93,463.41
898a52e0-c50e-4599-8914-4c1b728c0b4a,2022-11-12,West,Furniture,1184.95,-85.12
bb20fea4-bc89-42fe-83ed-fa0e9d620006,2021-02-24,Central,Furniture,202.87,-363.88
f0a968a6-aea2-449e-bdc2-c940fa26897a,2022-08-19,Central,Furniture,1100.56,431.77
fbb8d9fe-d0cb-46e9-bbc2-b67c9eec1868,2022-12-16,South,Furniture,1408.45,-110.39
e6b31a27-703a-482b-b364-5c1b15b9d469,2023-06-09,Central,Office Supplies,1587.48,-283.73
34cec306-c39f-4fb3-a5ec-c39cc6079cb1,2023-10-01,South,Furniture,1261.94,-307.96
a522f92f-4b20-46a2-aa1c-8b533e2e7201,2022-02-23,East,Technology,313.79,-90.62
2a966a13-be04-496e-adb3-5ea8a43a5eda,2023-06-12,East,Technology,1423.24,270.48
310e8aed-07dc-4a0c-ab72-d6947d41cba8,2021-02-21,East,Office Supplies,1357.91,-34.08
89f515e0-8e1a-4d7d-9525-89b9de1bad90,2023-01-30,Central,Furniture,58.61,-473.14
d1d46f58-2b72-4139-af61-997d61275e64,2023-04-24,Central,Furniture,829.38,-374.02
5a878212-7988-46f2-a5d2-3d4112a1720b,2022-11-03,East,Furniture,672.57,-122.35
8afb9ff3-a7b1-4bcd-833a-c676b6d6e920,2023-12-25,West,Technology,1342.13,357.62
1138b544-d8c7-4cbe-8d1b-30400f8f2932,2023-07-18,Central,Office Supplies,440.11,-371.93
f65a5aa3-6314-4fcc-88b6-b9a29b5358d4,2021-10-04,West,Technology,1185.84,228.85
41431647-0aad-44b7-93a2-b6cb3f3753af,2023-04-02,East,Furniture,1827.28,-344.15
31c1b3f3-a2a5-400c-b6fa-64725436273c,2022-05-01,Central,Technology,1597.63,-224.9
fe8c686a-9bdf-4c67-a2f9-11de087fcdef,2022-05-03,West,Furniture,1843.7,-276.15
53332e5d-3ac3-4c05-ba96-a00dcaf6a7d4,2023-11-23,South,Office Supplies,1957.23,-412.6
d46a1235-80c7-40d4-8b9a-0113b81c9d0b,2021-06-02,South,Office Supplies,31.23,372.73
e4cfb2f3-9fc6-4a49-844a-bb9a251356e1,2022-09-11,South,Office Supplies,1249.26,102.42
3ac1b782-d907-4c2d-94bd-fe613abc666c,2023-12-30,South,Office Supplies,831.55,580.37
0927d2fc-0306-43e0-8e3a-bb8ae18f8b8e,2021-08-31,West,Furniture,1721.11,-371.44
b3338169-dcfc-4b72-abbb-ae74db9b4d43,2021-06-20,West,Technology,511.11,-311.85
1a950f3e-bd84-46da-a266-04f3c9afd545,2022-07-22,Central,Technology,1962.25,-101.6
df61dbe1-b714-4c44-91b2-152483c38648,2023-06-18,Central,Furniture,1231.28,495.63
8151ef6c-7963-4f34-b0c7-556a6576796d,2022-01-03,West,Technology,1589.14,-102.51
112458e5-e7ae-468b-83a1-dcf0495efe40,2023-10-30,East,Office Supplies,180.34,30.94
fd28750f-5868-4a1b-accb-cb41d7b205e5,2023-05-04,West,Technology,375.08,-107.92
411feb55-410c-4e46-8762-fc232c189303,2023-06-29,South,Technology,1519.22,-395.71
5c05dcee-f49c-46f4-ab86-d1c5eab2bbe3,2022-10-22,Central,Technology,53.75,721.26
0db1565d-6d70-499e-830b-105742fbacf1,2022-11-23,Central,Furniture,1635.59,213.1
d1c76cf1-35d3-4e5b-881f-ea11d36b06cd,2022-09-17,Central,Technology,37.76,524.18
b03d3665-5c93-4629-a106-ae3288fb044a,2023-11-18,South,Office Supplies,1317.67,355.86
9e9a3e83-9a4e-46fc-b9a0-e72710e29558,2022-01-24,East,Technology,736.54,168.53
c8c67501-b45f-452f-b349-3fec37aa530b,2022-07-03,East,Technology,1226.87,-383.42
a44c26d4-03fc-4e6c-9b6e-63538d6ebe62,2021-11-04,East,Office Supplies,1395.1,335.55
e90c961c-c172-44d8-a6a2-1998afad738e,2022-10-28,South,Furniture,691.53,-298.02
520c31d3-ab65-49eb-b9dc-e742ccea7dd0,2023-01-27,West,Office Supplies,224.85,38.7
1f92bdc9-9883-4e3e-a4c6-34ce3dad2abf,2022-01-09,West,Furniture,148.6,317.85
f5d92b55-74dc-4f13-8960-a41b25a744a7,2022-07-26,West,Office Supplies,1181.98,516.9
41659d74-a93b-4a35-8332-b29b80994da1,2023-11-13,East,Technology,1046.1,390.56
62d0abcd-bc3f-412e-89f3-2a99dfc735f8,2022-07-08,South,Technology,1486.98,372.99
944bad04-9161-4c6c-9f41-dfcfcdccb9d9,2023-12-29,Central,Furniture,1024.37,-306.25
8716f0b3-9619-4356-bcf8-d6f86cf322ab,2023-03-30,East,Furniture,850.67,-50.03
e282338d-27ae-400a-86c2-e2be83b5c73d,2023-07-13,South,Furniture,802.19,-444.21
994e4303-b0cb-47f3-83ab-6793e30065bb,2022-09-26,South,Office Supplies,62.63,435.32
fc3b8f4d-fe42-4b8f-8e5a-ef220f988297,2021-03-12,West,Furniture,677.76,738.36
b3fce44c-942a-4c09-bb32-99df50833557,2023-01-30,West,Office Supplies,1952.28,-156.66
1aca9cf6-7ab6-4c3c-9667-159d22021f9f,2021-03-31,West,Office Supplies,1748.38,-385.99
ae57927f-730c-4e0e-96f9-92984634a5f6,2022-12-07,East,Office Supplies,665.46,118.24
3b8879a2-6078-4a69-80f8-95ff23352f7f,2021-07-18,West,Office Supplies,1179.71,613.71
dca21033-16ec-44b5-8f6a-d43f09536c4a,2021-07-26,Central,Furniture,1696.12,217.57
8a5abc61-9924-45ee-bc8a-fb1dba99267e,2023-04-10,East,Technology,888.14,-439.19
b5e18851-619f-4688-b6a8-6371bf693365,2023-04-17,Central,Technology,45.74,766.55
21d7ef88-448e-4408-acce-bc8640ac9243,2021-11-30,Central,Technology,158.28,577.24
8e86f9b2-d4e6-45f7-b427-fb9ee7912673,2022-02-24,West,Furniture,1025.68,-328.93
73146dae-97a7-4f9d-b9f4-4feba61109cf,2021-05-13,East,Office Supplies,1939.18,698.34
3cff13aa-3c47-4d0c-857e-a11629a8f004,2021-11-28,South,Office Supplies,1389.49,85.89
26a4850d-1a6b-48d2-8ad7-5ebe91694fbb,2021-12-25,West,Technology,151.12,-16.53
a564ee98-fc3e-4ed1-9cdb-d909f9cd1b18,2022-06-21,Central,Furniture,386.83,99.37
07b38e70-7ffd-4ae1-8cb9-8201a8d705bf,2021-06-15,South,Furniture,1544.93,584.94
2838c714-d121-4aed-ab81-e22464535f72,2021-10-29,East,Office Supplies,1684.47,357.32
35c87983-910b-47f9-a1ae-25a6f1966b21,2023-08-09,Central,Office Supplies,1239.21,-422.98
ddef6430-845f-4d5d-ac22-919cfbc07564,2021-01-12,South,Office Supplies,1292.4,744.89
b6315c55-0ca3-4980-ac95-575283c2539c,2021-04-26,South,Office Supplies,66.39,-307.88
364b9aa2-ec93-43cd-8e9a-8e7293fca973,2022-02-27,Central,Furniture,1658.78,469.24
0b76d6f7-1f02-46eb-a54c-f7b62af3d7cd,2021-10-22,Central,Furniture,1578.67,326.98
2f63a62d-03d0-4c19-9df1-f0f5d0f36c28,2021-03-15,South,Technology,525.48,-256.21
008a7385-e393-4f65-acfc-95d73ae28de8,2023-07-27,South,Office Supplies,1420.27,-278.05
85a33467-b110-4489-9022-c8a1042ac25f,2022-12-29,West,Office Supplies,437.56,631.43
61208478-6f18-4134-b618-5aee62ccf3b9,2022-04-27,Central,Furniture,90.26,45.6
07a1012a-e8f8-4e43-8b99-69081d575d69,2021-09-14,Central,Technology,410.26,350.95
98cc3e26-a1a2-4f5e-975d-cd7e820740e7,2023-02-05,South,Office Supplies,365.47,155.29
eb67a72c-8ee0-414d-9e2a-7affabe5a807,2023-09-14,West,Technology,682.12,445.56
b7017485-7b18-40a5-ad3e-8705cd525f9f,2022-04-27,South,Office Supplies,842.71,123.02
8c38c18b-02de-4556-9f27-e8b562e03868,2023-08-13,South,Furniture,1021.99,-126.41
30794bd3-4ba4-48a8-915d-4c4315678e9b,2021-12-19,East,Furniture,958.74,-27.6
17caf26b-cbfe-4d65-a23b-34635f6763a6,2022-11-03,West,Office Supplies,548.64,616.8
b97938ac-ead2-4702-8fcc-588e49ec6e32,2022-09-22,East,Technology,68.05,108.45
4a13b17c-8d93-4a1b-a5d2-5bc33c3826aa,2023-11-11,East,Office Supplies,1214.15,-222.52
3e74ba44-a65e-4003-91bf-4361edb5db91,2021-12-16,West,Technology,797.53,714.99
96f22a06-15c5-4e34-b183-0345a4229f14,2022-05-03,East,Furniture,604.36,535.58
c9425b82-0c20-4760-814f-5b9f82a54c56,2023-01-16,South,Office Supplies,1735.21,-427.63
c87533e5-6bcf-476f-86bf-c38b7b8ae091,2023-06-02,West,Furniture,1496.02,798.63
8ce285db-db30-4078-8435-0ad5c04675c7,2022-10-06,East,Office Supplies,1716.95,403.4
509ac91f-31ea-41f4-a364-8766a43a4bdd,2022-11-18,South,Office Supplies,995.02,-291.65
fb81519b-ddc9-49b0-a89e-77e54f304094,2021-04-08,West,Technology,270.55,-191.68
ad20c3fa-d501-48d7-90ff-14bf96b525c7,2023-12-15,Central,Technology,1395.48,400.18
00ef3377-08ed-4047-9900-1fc9ca445a6b,2022-02-21,West,Furniture,420.09,513.69
fe9d21c3-c5e9-4866-bbbb-dbd132d48c82,2023-03-20,West,Technology,888.05,-189.25
c068a64c-d5d6-4a82-b500-d6ef0453ab6d,2021-02-04,Central,Technology,139.35,-165.94
00e5ebaf-2eb0-4b1e-aa7e-ee0b677ebe4d,2021-11-01,East,Office Supplies,1652.36,-100.74
47691dcb-d0c9-4fc1-913f-24955ebc23bf,2023-12-29,East,Furniture,260.62,277.42
be007552-f3d6-45c7-9455-213bf1867d89,2023-11-04,South,Office Supplies,1807.16,-276.64
d586ff50-7002-4916-a112-8e82969c8d45,2021-01-18,East,Office Supplies,1729.82,-364.48
e7270909-0500-4955-94d7-1e4a13149627,2023-10-29,West,Technology,934.52,382.52
6ecf4ff1-6f97-480c-8bcb-b729b0646038,2021-03-22,South,Technology,1491.29,512.83
63d2b7c6-ab1f-4327-a59a-5f4ef8f218d0,2022-12-10,Central,Technology,1242.7,151.21
12e63e97-178f-4dd7-84c7-b9766c0d8d97,2023-11-13,South,Technology,1608.12,-27.02
649ad218-a5b5-4511-a7ad-3be20356b6fe,2021-12-21,South,Technology,869.29,61.66
de14b989-4c91-472f-9ef7-c9e1ea882491,2022-07-20,West,Technology,1573.76,4.93
b43e9061-171d-481d-b57e-526c1627999a,2023-09-04,East,Office Supplies,930.29,747.98
f14dfb3e-fe3c-4361-a44d-9a28d739a70f,2022-11-10,East,Furniture,1882.52,498.52
0067eaa6-483d-453a-bc9d-b77e398c31c0,2022-07-21,East,Furniture,977.88,-229.49
52ed2487-8aa9-439a-b26f-f6fdcec98bf1,2023-05-22,West,Technology,930.61,-0.55
d164d651-9d36-4ea0-a619-484819bf0f3b,2021-08-27,Central,Office Supplies,1572.29,207.22
44d44eca-976b-4158-aa93-26f6ec221123,2022-08-29,West,Furniture,1644.94,296.88
0abdbcd1-782c-4fec-9e5d-78a1c5bdb495,2021-02-09,Central,Furniture,1113.43,108.64
5e065732-03d9-4317-9d7c-24ce85d5bed9,2023-03-09,Central,Furniture,367.8,553.16
31d46873-c29d-4b1c-8fcb-6df2c5e3b186,2021-09-28,South,Furniture,940.84,497.89
33ca11ee-8c59-4d00-ab70-d4d56e0db295,2022-06-17,East,Furniture,1936.46,156.71
60bf684e-240d-483a-8dd0-64e34b50c34d,2021-10-09,South,Technology,1508.44,610.76
9089bcfd-9145-4617-b9c1-f1b288c79c98,2023-11-06,South,Furniture,1624.21,476.42
636f1e3d-28c8-40b1-a7be-e26e9f30418c,2022-10-07,Central,Technology,75.32,512.16
03f2ffe0-c8ef-482f-b588-73899b5ffa2d,2022-01-04,West,Technology,941.04,743.32
6ef68419-8a39-4869-bbec-a80c87280662,2023-01-02,South,Technology,1296.78,-153.59
e5d0111f-8521-46cd-8e30-0e9c8edb0ef1,2023-07-08,West,Office Supplies,1661.77,-152.06
78f45889-1e49-476a-90d5-2b99a2a1a620,2022-02-15,East,Technology,108.05,655.64
a910c002-ae9f-441d-beb8-bf0b8775a0f0,2021-04-17,East,Furniture,1706.35,503.89
9d470a35-c816-4c27-bc3c-4c2fa40e0199,2021-08-08,East,Office Supplies,1101.32,704.51
5ef993c3-07d7-4fec-9d34-a21912990cb3,2023-02-26,South,Office Supplies,402.65,-417.93
2e3c7679-6dc2-47db-9763-7e6ccd87a06a,2023-03-24,Central,Office Supplies,641.34,316.08
13d94ad0-d809-4e6d-b41a-d2c25ceef79c,2022-08-30,Central,Technology,571.04,-311.98
6086a5f3-e594-4c30-b458-30d691c0e6c0,2022-10-29,West,Technology,1066.41,155.07
3c9b7cd1-983e-4d3b-b176-6ffc05fbd075,2023-06-26,East,Technology,112.85,-297.53
16440645-f17a-4355-85b3-f11620629446,2021-06-11,West,Furniture,325.49,-333.5
b39844f4-e194-4b21-ae7e-2fbc21f8b225,2021-05-18,West,Technology,1627.26,-484.18
745d8729-5bc7-4822-bcfe-06e3c395899e,2021-07-16,West,Technology,273.88,319.31
85a0429c-a18d-418d-b6a0-e01fd969c458,2023-11-11,South,Office Supplies,474.46,-33.27
df681283-d4be-477b-8f1f-114793cabbe1,2021-07-19,East,Technology,912.21,-363.26
4d7f6dfb-03c2-43e5-a150-e2162fd049b1,2021-11-01,East,Furniture,1039.07,-80.31
dad2e66e-8da4-4ed1-9423-040dfa4fa66c,2021-09-16,East,Office Supplies,1529.58,-280.37
fafb6c18-f190-4cec-82d4-54e1017f040e,2021-04-28,East,Technology,900.19,724.2
ef3cfc8f-5e58-427a-9256-fa39e5b6ead0,2022-02-14,West,Furniture,1581.83,-83.99
c8b1ef8c-12a5-4eaf-b0d4-ad0c23a29fe4,2023-09-01,East,Office Supplies,1240.51,-65.86
82afea66-55ea-4359-9c78-0e7076032584,2023-10-19,South,Technology,235.07,591.82
1e26bc3d-f514-483e-b8b5-3c1650798aac,2021-09-16,West,Office Supplies,321.1,342.08
4a7109c6-74f8-4694-bc95-9cad75e7f531,2022-05-16,South,Office Supplies,879.7,423.22
bf79dcb6-abc4-4f76-9718-27dfb4c0c39a,2021-09-05,East,Office Supplies,799.81,326.8
6295b041-4bfa-41db-bcff-c54b2351fc3a,2022-08-10,West,Technology,1489.65,730.06
131ad6fa-c8b8-4c6c-af54-2dc69a24beb8,2021-05-09,South,Technology,1165.67,-230.9
cc1791f8-ac48-4aa4-8ab4-1a8218b8f130,2021-06-18,East,Furniture,782.38,785.75
250801c0-8d2a-4e18-a51d-7a23d5b483b6,2023-06-29,Central,Office Supplies,349.81,580.24
b67819ff-9bca-4ac2-9786-e4b747c3c3cc,2023-01-30,Central,Furniture,461.41,265.66
2344f207-f0a1-4255-a71e-bf8e979bc54c,2023-09-25,East,Office Supplies,1155.25,361.08
29a7f041-2d51-4614-842a-584a6f8cd15f,2023-04-30,East,Office Supplies,852.64,343.47
7a3f4573-f16a-4857-9a68-990e2412e47e,2023-06-01,West,Office Supplies,1034.71,-424.08
130f0872-966f-4d47-8321-4b1455928cd5,2021-08-16,Central,Furniture,349.65,-216.58
b506aa35-cfa8-4cc8-8dab-44287303f483,2022-06-02,West,Furniture,1329.18,749.91
e245ed74-e9d5-4e55-bee6-6950e1b340ee,2023-08-20,East,Furniture,1706.55,194.67
5dcf19aa-bb3d-451c-b893-dae943ab6168,2022-04-21,West,Office Supplies,523.3,-8.14
1af0bb95-21c3-40e2-aa8f-37c74432dbd9,2022-09-05,West,Office Supplies,988.11,490.65
ae570403-58bb-4712-8db5-975fd2c447bd,2022-05-10,West,Technology,1951.3,181.87
d55c41b2-7c71-4adb-9f72-fe574b2c8bff,2022-12-03,East,Furniture,673.15,-482.89
6f63def8-51a7-4445-8b9d-7654d5c31b18,2022-02-15,West,Technology,1194.14,457.11
00bd2562-205c-4fb1-817b-f3cec78d7642,2023-09-05,Central,Office Supplies,189.49,451.88
2057111f-243b-4306-93f6-5b6fd84ccc20,2023-09-05,West,Furniture,1215.97,-285.31
7f37c8f7-5dfe-477c-9ea0-f4f1d8355a00,2022-02-28,Central,Office Supplies,188.37,743.66
9313ea0f-b5d6-4793-8003-fd3ed49bf21a,2022-08-10,Central,Technology,1918.88,-208.92
0cbe735d-bbfc-4897-b027-1efc049fb2fd,2022-08-02,West,Office Supplies,1434.17,95.07
3834e80b-6638-4c22-a1d2-80a21038f8e4,2023-12-24,Central,Furniture,1578.44,-350.84
57988711-e602-4d06-b441-a695ece321fd,2021-11-30,West,Technology,1411.17,284.27
0d86ff36-f35d-464d-866d-8ac168f65558,2021-10-08,East,Technology,1183.56,-11.91
d3c8acca-3615-4de4-abf3-074375987f10,2022-08-06,Central,Furniture,905.33,-40.87
dd50f7e7-d8fd-4386-8748-3ec122d1b5fa,2023-12-03,Central,Technology,1718.16,575.07
80cb135d-2d78-4a72-bdeb-d029785218de,2022-05-08,West,Office Supplies,1914.1,-487.57
9c6c3c4e-8f5b-4149-ab67-212a29b76b37,2022-03-12,Central,Furniture,1003.08,537.33
e2aebd53-b89b-4995-a32e-3ac453fe40e3,2022-03-21,Central,Office Supplies,1863.75,242.88
0ef40214-014b-4836-87ad-fc55c99cb5f3,2021-04-29,Central,Furniture,1170.83,781.93
a6e62c01-8529-474f-bc48-13d916c60b3d,2021-06-19,West,Technology,1081.38,266.28
84471dfa-d11b-446b-a993-f6e9f2007b99,2023-03-20,Central,Technology,914.42,-428.01
430679d8-b058-4c0b-a931-e8032ec9e5f6,2021-06-01,Central,Office Supplies,426.48,-434.16
17101a77-3d88-4b62-b3df-2a11b79257a3,2023-12-05,West,Furniture,17.4,648.1
128e92ad-6b70-4ef6-be62-314e22e142fc,2023-04-07,South,Technology,490.6,593.58
8ad09042-ef18-4725-b10c-88c063b55bfb,2023-11-01,Central,Furniture,1024.35,-50.34
c5bde81d-cb7a-4831-ae65-3bb6ec981b8e,2023-12-18,West,Office Supplies,766.12,303.44
10df8c94-7b41-43ad-8199-673b5f8635af,2022-06-17,South,Office Supplies,902.49,136.47
f1668e89-59f7-471a-894b-08d20f1536da,2021-05-13,West,Technology,1961.49,757.31
c0c86a82-b2b1-4b81-a438-0f8a8ffd43cf,2021-11-29,East,Office Supplies,707.04,734.95
1dbd3a83-176a-4eb8-8f1a-befdf2e3fdc9,2022-08-17,South,Technology,909.84,778.99
0043384a-f987-4ca6-9f2e-621e930951a6,2022-12-01,South,Office Supplies,275.7,626.38
76bd0773-d805-4e6a-ad91-6caf9c446194,2021-10-19,Central,Furniture,105.44,682.42
fb26699f-1bf5-427f-8ea8-be58e2cae78d,2023-03-06,South,Technology,1553.06,-217.54
50a2c011-160f-49f3-a82d-0a46d0f7d4e7,2021-01-29,Central,Office Supplies,1145.66,580.31
bf5e39fb-14b3-4352-ad6a-53cb2f991807,2023-12-04,West,Office Supplies,1523.8,421.51
5cdbb28b-be6e-4511-8b2a-a744e14f043f,2022-06-10,West,Office Supplies,308.23,751.62
dcb8c9a0-d123-4280-b26e-df2e3a37b907,2021-08-13,East,Technology,1147.94,242.64
d220f704-0da1-44c5-b0ca-6f70cb3ffc4f,2021-04-01,South,Technology,514.75,-389.28
0b39c366-3319-4ce0-a2db-a98191cb87c7,2021-11-17,West,Office Supplies,463.84,276.62
cf460215-1225-43fd-b65e-3ce808676b2a,2023-05-09,East,Technology,32.94,392.56
ae344b14-505c-4986-97f9-580e6e20cc72,2023-10-04,West,Technology,269.38,-213.58
7bdeb381-f4fc-46bc-812d-b1c403c3c30d,2023-09-27,Central,Technology,625.44,12.35
d4796110-b35e-45f5-a7f2-f49d41a51d1f,2023-04-19,West,Technology,242.59,278.05
e093e2cf-162c-4897-a755-54fefcebe192,2021-06-05,West,Technology,1971.86,-13.66
4ff02a31-c903-4d4c-92f1-d3d08111f0f3,2023-12-08,East,Office Supplies,624.18,-12.57
b2f9fa1a-53c5-4448-b61c-c55b8fd0720c,2023-07-11,West,Furniture,269.34,-326.99
a5571020-cf8b-4199-ba1c-e4164b046117,2021-12-03,Central,Technology,406.17,722.97
859b6ee4-9146-4391-8c25-9a1b240eb222,2022-11-22,South,Technology,1179.53,475.64
8e2a4c5a-97d5-4683-a9c7-c2dd77e42950,2022-10-29,South,Office Supplies,137.45,-498.38
db82b67d-dd7e-4ae6-b69d-5ad492b5a7e3,2023-03-08,South,Technology,1726.24,495.3
985d94c0-21aa-40dd-9838-9bc769810678,2022-04-13,South,Technology,1923.38,461.73
78e33d35-f4e0-440f-876e-6a0641d0b488,2021-06-04,West,Furniture,501.03,-487.35
d619e0ce-69d5-4df5-9d95-cdeac417fe56,2023-04-15,West,Technology,905.69,-19.51
9fd90541-f597-4e00-968d-1defbb926370,2022-03-11,West,Furniture,54.05,288.77
ecfa60c9-83c1-4063-b890-33f0cb041d56,2023-02-11,East,Technology,1285.01,88.58
33c25e62-7960-4810-ba37-298924290112,2021-05-05,East,Technology,833.71,511.38
89d5e178-cf99-4da3-8f94-2b3ece05a281,2022-02-09,East,Office Supplies,547.42,53.1
c5404be9-e6d5-4568-b695-6a3815280e7c,2022-08-17,East,Furniture,421.61,-299.98
0917f2d6-121a-4b14-8600-9101b9b0b99e,2023-11-08,West,Furniture,1311.51,769.34
275ac9d6-0b9f-47a5-9510-f78642004a56,2021-07-29,West,Office Supplies,838.27,-185.35
a9fb1b54-8fbd-4cfd-8651-a34f5a0f3cdb,2021-09-15,Central,Office Supplies,367.52,433.0
af4219dd-38c6-42d8-a73d-78049c5bad2e,2021-02-13,East,Office Supplies,1381.33,-313.9
e47472d0-77e0-4d89-9197-aeb02ee49d62,2021-04-26,East,Office Supplies,1134.49,-72.28
e1b3b9d1-f887-4c21-b69d-2be14bf91d08,2022-02-10,West,Technology,1718.76,74.64
5c253a40-ba76-46f5-8a69-35bdc89eb2f2,2023-10-26,South,Furniture,243.78,-250.1
c391a132-8626-49ab-818b-6aa27016f6ad,2023-03-23,Central,Technology,1573.48,84.95
565f8687-3df0-4dc0-92e8-4094e19d768c,2022-01-14,Central,Office Supplies,1350.3,-295.69
6bb17a8b-26c1-48f2-ab1c-0430df114270,2021-11-05,Central,Technology,238.87,226.71
dcaeedcd-67d7-4873-8f7b-524587aa2080,2022-01-13,South,Technology,1392.69,362.83
6f77cc54-8bb1-47de-baa0-a29745e3e268,2022-05-18,East,Furniture,888.68,-418.84
72a35369-6de4-4fed-bece-128609f68439,2022-02-19,West,Furniture,1890.52,632.47
38124f7f-8c46-4173-9699-e962319a009f,2021-04-03,Central,Furniture,291.81,-259.32
4059d846-ff17-4b76-b7be-51dffd5eb636,2021-06-01,West,Furniture,1289.24,-207.03
8abcb652-ee52-4b7b-8cb0-fe85e4184c38,2021-06-22,Central,Furniture,770.14,359.75
4dbb5559-8c12-46ef-b1fa-b84d80dd8005,2021-10-14,West,Furniture,1914.06,109.38
ccda08bf-5163-4bff-ad47-cb5af7b96b0d,2022-11-20,West,Technology,666.65,149.21
fb3cd9c8-ebcf-481a-a1f3-b7803a5479ea,2021-09-20,East,Furniture,1924.75,-333.4
f81379f3-a170-411f-a862-8d4bcc3c33f5,2023-04-22,West,Furniture,1803.96,547.46
ea3dbc37-67e8-4ce0-8c44-2d17d98d2038,2021-11-18,East,Office Supplies,548.06,302.17
54b279cd-0c24-4f00-8a4a-07e1234d65cf,2022-08-28,Central,Technology,1609.05,-324.0
d0f95340-720d-476f-8d96-30be5580885a,2021-01-18,South,Furniture,1991.25,-13.8
b4666d99-46d5-4341-ad50-a84e71bfd71b,2021-10-31,South,Furniture,512.8,553.53
72f0b90d-5c2f-4996-a4ba-aea10cd4ba10,2021-01-03,South,Furniture,879.19,238.86
147eeb2d-5a39-44e8-95e7-7e009eb01a8e,2023-03-01,Central,Office Supplies,1045.16,-358.76
28d217d6-65a6-4c40-b5fe-ea0a5d3da878,2023-01-19,Central,Furniture,596.91,-15.39
baabf7ec-2eca-49b7-9087-ba7334bbc278,2022-09-06,East,Furniture,40.38,-184.5
08b52947-9814-400c-827d-df7ed31c63fb,2022-03-29,East,Office Supplies,448.06,172.71
e6fe01cc-5553-431a-afd9-d09a8a74a19a,2022-12-30,West,Technology,571.05,596.37
0ae19e7e-1b6d-4927-9315-de9ac4024764,2023-01-21,Central,Furniture,892.76,67.15
4f39a47f-b328-4760-a102-7a457e4e7273,2021-03-13,West,Office Supplies,350.49,63.34
fd780916-aa84-4060-870d-eea0bb09e763,2023-06-10,Central,Technology,1747.78,676.96
3bcb4f32-e3b5-4c1d-9a0a-1af2999f64e9,2021-01-17,South,Furniture,1412.77,249.04
ff2d10f4-1555-4b95-b377-7cff1987e58e,2022-10-18,Central,Office Supplies,179.55,236.05
81ec334f-c766-478e-b673-7d1619a1459d,2023-10-25,East,Technology,1303.68,-159.52
99dce819-1841-4873-a34d-6e09f0ffd6b0,2023-10-31,West,Office Supplies,1310.78,290.04
246f5c1d-04e3-43eb-afca-225afc7cdc3e,2023-01-21,South,Furniture,1912.88,248.68
b443cda3-4b80-48c6-8e31-66c3541acd27,2022-11-08,East,Technology,16.01,15.91
6399c513-ae96-4e3e-b1f7-a87cf1430eea,2021-06-18,West,Furniture,503.39,787.9
2d598b9d-b3e3-468f-afce-09490dd1db5f,2023-04-25,West,Furniture,1856.31,646.46
67f7aba4-0617-4c62-a243-b9ab2b0e817c,2022-01-04,South,Furniture,1864.95,474.46
eb5c4ed8-5ef6-440e-9ef8-b5a9b792ff65,2022-12-24,Central,Office Supplies,1443.97,198.55
eb7fb03e-d14c-40b7-90ac-2a6d3bdad4ac,2022-08-09,South,Technology,1533.87,100.68
f0c46591-b2d9-45fa-849e-e02aeea28810,2021-08-13,South,Office Supplies,192.05,-259.63
ff8abfc0-2d58-493a-aebe-15241549d4d7,2023-07-27,East,Furniture,1032.61,-102.54
aab76dd1-152b-4e5f-a499-9ab5002a99b2,2022-08-03,South,Technology,470.85,506.15
e6af993c-700f-4e85-aea7-56a8229ea406,2021-01-05,West,Furniture,370.62,89.87
e66ccf4a-cb3c-411d-88f1-68095051b949,2023-01-21,South,Technology,1622.5,646.95
f644404d-df36-4764-9b7a-ec0490de2fee,2022-10-17,East,Technology,278.73,-307.72
dc247a02-286c-43e0-82b5-166d0f3cc54f,2023-10-14,East,Technology,942.62,160.85
b31b58fa-cffd-4e28-8271-a48f6aed2058,2023-01-20,West,Office Supplies,1877.77,341.06
51cb3f06-1435-47ed-8cff-84c2eb41ce2f,2023-12-07,Central,Office Supplies,379.81,171.9
dce202f5-36ef-4201-9656-b5f91c6a16e0,2021-04-13,West,Furniture,1956.21,655.99
e810c030-2edf-4b1a-ae35-5704b82f76ef,2023-09-16,East,Office Supplies,1988.63,786.43
cc464bb8-f773-4927-98d6-9943e0e5e2f9,2022-10-09,Central,Technology,1115.68,-349.41
96944fa8-afb7-4dcd-afb6-f3c9a798deba,2021-10-16,East,Office Supplies,348.58,-331.06
e3fe266b-a23b-4ed7-b0ad-f7ed4277171c,2021-05-26,East,Technology,639.05,-330.58
7024cf94-0830-4982-96fc-1a769e1d5748,2023-02-15,South,Furniture,854.74,385.53
d5b26840-f4b3-493f-8b38-2c494853338d,2021-08-17,West,Technology,625.56,-15.52
7164a9a2-c3d6-4e1e-9992-97677e083461,2021-03-06,South,Furniture,568.46,453.31
210f0001-d832-4732-b0f6-99cdb4456f0d,2022-03-14,West,Furniture,1944.74,27.11
0cad2d63-8cfd-480c-984f-541976b4c117,2023-04-28,East,Technology,315.2,315.89
be3ff70d-b552-4386-9a96-ef37ee45a744,2023-03-25,Central,Technology,1469.32,500.82
a4d7809a-5dbc-4f05-ac8f-f1839702d8c1,2023-03-13,West,Furniture,10.82,212.68
aa9af6c4-3b08-4388-a9d8-34b6072e4e7a,2022-09-06,West,Office Supplies,1196.4,201.35
0c5332b3-10d5-45b8-9448-a70dc04147f5,2023-05-22,Central,Technology,1832.73,-385.3
49b04036-6486-4c75-bb89-85bc027d3094,2021-03-18,South,Office Supplies,582.99,34.02
375af79e-9f3e-4f38-ad73-286bf517aed0,2023-10-18,East,Office Supplies,379.2,209.51
b8ab8e09-c5da-4dcc-8dd7-0974f84716b7,2022-04-11,South,Furniture,1306.84,100.58
e5b2fd55-b0a5-43c1-b409-1297031fdae1,2021-06-09,East,Technology,1428.08,671.02
4705ecba-00c4-4208-9e57-29859437ea94,2023-02-18,East,Technology,1379.18,678.49
080bf99f-f00c-4cc5-a045-3d2d59244739,2022-08-29,Central,Office Supplies,645.44,568.49
0bace8ac-6dac-49b6-b6ea-525de0d768bb,2023-06-12,South,Office Supplies,511.88,-12.11
f8e8e938-b2df-42fe-9c90-282181a8d2b0,2021-12-12,South,Office Supplies,1912.28,432.49
126f28a9-107d-4387-88c2-1370c2a423f2,2021-03-11,East,Technology,1847.37,13.87
9d09cf19-a079-465a-8cc5-b7058af263bd,2021-12-18,South,Technology,920.06,-197.63
38ac7355-f495-4d71-9802-f730e8ec6834,2023-11-09,West,Technology,1693.93,-54.23
e16874df-5639-4a74-a768-b119fd9077b6,2021-09-09,West,Office Supplies,910.12,-407.75
2c9c763b-e454-4286-9dd9-76469d892032,2022-08-25,West,Office Supplies,854.53,-68.69
589a8b9d-5bf2-46af-8ba2-2d11f5b85c17,2022-04-07,East,Technology,321.96,98.96
e8c80d96-3e5e-4986-8002-cd6bc28d1433,2023-10-14,West,Office Supplies,858.55,742.13
5728e2b6-912c-4ca9-af9f-504b5fb15849,2022-05-26,West,Office Supplies,1079.46,-92.57
634ee115-5c81-4bad-8bb3-4c1425818b22,2022-09-15,South,Furniture,54.78,673.19
6855a90d-0f2f-4a57-8883-93111216e243,2022-02-03,South,Furniture,893.78,-202.48
f0c935a9-91c3-4637-bca5-013cf6b896c2,2023-08-13,South,Furniture,1564.9,-251.74
04ebb4a9-a4e5-45b7-8357-20d193de2f9e,2022-10-30,West,Technology,1363.29,174.69
f16231e0-6db0-4ad8-9239-b3a065d52310,2022-12-27,West,Technology,1273.96,374.26
8c28d4a4-d301-476f-a8a9-4b68e9fc5fb3,2022-04-09,East,Office Supplies,1820.02,-442.37
630915e1-8bf6-488b-92dd-332d0f0cd977,2021-06-19,Central,Office Supplies,45.88,-212.61
4344c269-7a3d-4b8e-b071-878cb795c127,2023-07-04,West,Furniture,1118.52,92.39
e53b7727-b209-41cd-873e-45170b4967db,2023-08-11,South,Furniture,1576.82,-69.69
803e82de-7a9e-4031-bf01-73e93ddbd9d1,2021-05-10,West,Furniture,1087.26,426.41
20141450-ae22-45bb-b1c3-6cb3445dc624,2022-09-16,Central,Technology,654.55,164.51
37c20000-f4d7-48cd-a3c7-8964b776cbf6,2021-02-27,West,Office Supplies,281.14,-291.53
d928c011-91fd-4b9d-b19f-da66a986bfc0,2022-05-17,Central,Office Supplies,1776.25,662.8
b2ea6850-94bf-4660-8e87-9c6249fa555e,2023-11-30,West,Technology,946.82,-119.22
dca4b19e-5ffd-41cf-bc8e-920df692f963,2021-12-25,Central,Furniture,1757.45,450.47
64836ec2-00b6-4158-8540-38d7399b747b,2023-08-05,West,Technology,1175.85,513.89
c23e471a-6081-4fb2-b55e-b3647da38784,2023-11-26,East,Furniture,1351.64,752.11
558c7208-283c-47ec-98b4-f757d91ade99,2021-02-01,South,Technology,1610.48,148.06
292254f9-37cc-4228-820f-8fa553fdd1f7,2022-08-25,South,Technology,1321.72,300.59
02d4729d-d414-4afe-9912-853ea204a093,2022-01-24,Central,Furniture,802.13,-64.66
fc411721-3667-4c4a-be44-56d712a82af1,2023-06-04,East,Furniture,1032.13,381.63
21483249-414e-4cc1-9027-8ec26125cb48,2021-02-21,South,Technology,1608.06,102.4
492eb70c-2f03-4a0c-a423-421be61aa316,2023-05-28,West,Furniture,753.56,68.95
4138aeea-8988-4d52-b599-d4751b139a48,2023-01-26,South,Technology,782.36,612.11
a0b3543a-0fa7-4a5b-9505-5ac72f0b9138,2023-09-30,South,Technology,200.42,-434.78
929b4c7b-f270-4a23-a957-811d2fd02b45,2021-01-25,East,Technology,1830.02,646.55
38059440-2642-465f-8772-fdb6b3d42f8a,2021-12-23,South,Technology,191.16,607.69
54be6170-4ec6-4d97-b8a8-9514ca0e0bc2,2022-04-09,East,Technology,1299.94,158.28
03e6551e-11da-4e5e-9862-3b8cdb23915e,2021-07-23,Central,Technology,832.26,137.26
9241e029-082d-4372-8996-a54bbcbb0658,2022-06-07,East,Furniture,817.18,-29.65
e470dab0-e520-4332-a4a5-8bd60a328c88,2023-10-26,West,Office Supplies,1362.31,792.43
0be08870-ad40-4867-96c4-222e6bf82001,2021-06-27,West,Technology,143.52,-355.48
a31ffadd-0170-4874-be89-7b355b2dec8c,2023-07-16,East,Furniture,1191.47,267.28
8e47fb7d-8a7f-426e-b585-f440c3a98532,2022-12-02,South,Office Supplies,1546.34,386.19
40d6c0ac-82ab-4b8d-a9fc-339fe9dcbdd1,2023-11-27,South,Office Supplies,1658.14,714.63
e2eb0222-26c6-4746-8391-ddc53e33a833,2021-03-24,East,Furniture,349.36,514.26
624f88a5-16a0-4b2c-9ddc-a90ae7215e6c,2021-07-11,East,Office Supplies,1795.86,337.0
cb697bf9-384e-40c1-b1ae-b0b964804241,2023-05-08,West,Technology,1315.73,-348.14
01a9abd0-ed71-4874-9dc3-a0c622d635b7,2021-04-18,East,Furniture,1764.89,-14.15
55a28f90-ada7-43f0-a579-77ec48164644,2022-08-04,South,Furniture,975.71,-319.51
e97f0af3-ec6c-4fcc-b9ab-b350f52b0682,2023-05-18,East,Office Supplies,1088.65,645.58
e05f8184-c115-4e8e-9586-768274dfb5ce,2023-06-11,South,Furniture,1838.89,474.51
ca3a7379-8e75-44bd-9004-c585fefb5480,2021-06-05,Central,Office Supplies,1800.82,484.8
52c2526e-737e-48ed-8b04-09e4fb65c3d3,2021-10-19,Central,Technology,901.84,347.93
2fa227c3-dc57-44da-90ca-beebdb721b14,2022-09-09,Central,Technology,556.08,159.16
bca88911-97ea-402c-abc6-206b16754427,2023-04-27,South,Technology,792.41,-305.04
4fca946a-6c6a-48e9-8564-956a97f5f3e4,2021-08-09,East,Office Supplies,781.65,-71.4
3b1f38f0-0be2-4694-a52e-89572ae06f26,2023-06-20,Central,Technology,580.87,-322.01
6b48d839-3d82-4b77-97d9-9ccef4084628,2022-08-31,East,Furniture,544.47,442.39
2ddecd40-e1de-431a-8dd9-f251abc90bba,2022-12-23,East,Furniture,1723.52,-291.7
b1b8106d-e27e-4a13-822b-2e42cc1e713d,2021-01-17,East,Furniture,149.03,412.75
5a8d9931-5ebb-4417-b523-8331243711ee,2022-12-20,East,Furniture,1358.45,399.93
417e5edc-13e6-4df3-afc0-fe9c854a05f9,2022-03-07,South,Office Supplies,353.91,97.1
e3d2549d-769f-4d26-bbb9-c4ee7641f1fb,2021-09-30,East,Furniture,695.57,-324.2
2046eeb5-9888-427b-b1e5-2a9006506312,2021-07-03,Central,Furniture,132.47,-90.76
1d522106-71e6-4fd1-a846-d6880047eacb,2022-05-31,East,Furniture,547.25,-83.88
d783b9d0-5820-4a4f-8d18-5ea51740e77b,2022-01-19,South,Office Supplies,1539.16,410.5
c07ec4c4-b6b4-4aa5-b9c4-2eed297f8f1e,2021-04-15,East,Furniture,1771.18,-352.13
306542ee-2e51-4870-8191-073f8cfcb112,2023-07-19,West,Office Supplies,450.84,577.79
2b125551-f51a-497b-b34e-fd5b6e737276,2022-01-22,Central,Furniture,932.46,489.31
9ba585ae-cb96-4524-a5a4-14b21956673f,2023-09-18,South,Office Supplies,945.94,-257.8
1149544e-2bc1-43fb-a906-5b41b9be1d00,2022-09-11,East,Furniture,1748.41,434.91
86413c79-e90f-4aac-a82a-e2455a422292,2021-08-04,East,Technology,1527.97,369.07
92a6584c-85b2-4fa7-9fde-c4f3c92215cd,2022-06-14,South,Technology,1031.02,472.56
01183a0a-b908-49f4-bd24-28d4e8eca39b,2021-09-24,West,Technology,1344.79,-254.39
182ebfd2-90c7-43ba-9db4-eef0afb79cd8,2022-09-16,West,Technology,1696.24,-295.13
1cb04376-c5d6-4362-9b3e-144b6f093f45,2021-01-06,East,Furniture,28.98,-192.57
891887a7-3620-4b79-afc0-760380cd513e,2021-08-07,Central,Office Supplies,811.75,-24.37
8cf431de-8cdc-4715-9512-a5075f15ee3f,2021-09-28,West,Technology,1815.41,531.76
e1772a38-96aa-43ca-baf6-e89f14e0a8d3,2021-06-25,Central,Office Supplies,1483.22,459.3
76b851e9-bfe7-46da-91a8-5948501d5146,2022-10-20,Central,Technology,1090.25,703.09
2adfedf8-786f-486a-b90a-3610b0b55ce7,2023-06-07,East,Furniture,1063.99,-423.78
61b862b2-181d-40f9-b0d3-ce6fb437e204,2021-02-08,Central,Technology,702.06,-484.98
b575dd69-0b61-49c4-844a-a5c98e56dda6,2023-05-06,West,Furniture,1045.84,408.88
c5eba017-fe0e-4da1-801b-07c40ce356ea,2023-03-04,South,Furniture,1314.21,-136.93
7a8f5fad-3c80-44cd-aacb-832956f4927f,2022-12-09,Central,Office Supplies,842.54,-65.7
b309887d-ceec-49d5-83fd-913088f45162,2022-07-24,Central,Technology,1431.16,210.84
1131f87f-3748-4145-9bab-23419a977a80,2022-03-06,Central,Technology,1723.85,-366.86
9bd0e94e-601c-4f82-baa5-9b3b8c283b62,2023-03-11,East,Furniture,317.82,335.5
e89afbfe-822e-4328-a792-1c1cf14e8d13,2021-01-17,Central,Furniture,908.58,-77.31
2c20fb0e-e632-4f0a-bac6-885994f6614e,2021-08-08,South,Technology,821.96,322.53
54ea3718-46af-457c-8252-0d78cdbfaa37,2023-07-27,West,Technology,1378.05,584.21
ddc16c3a-4f9d-4780-a1cf-33a4f6214132,2021-12-27,West,Technology,507.24,-277.56
fed46e35-1891-4896-a848-849e0dacf645,2021-11-06,East,Office Supplies,1284.1,710.14
b8ee0ec6-2b0a-4050-a35a-a8e9838fd802,2022-07-26,East,Technology,1756.2,189.89
004fe610-299a-4d68-ba0d-bbe1c105ab46,2023-04-27,Central,Technology,842.08,699.81
36b86a13-8d1b-4ecb-ad79-4edf0dd14338,2021-12-25,Central,Technology,1822.92,-229.95
20a145c8-8962-41dc-8b67-563a9d7362f2,2023-02-22,Central,Office Supplies,1986.4,285.93
fab8cd39-d6b3-481a-ad37-0c84a011d446,2022-04-08,East,Office Supplies,221.12,25.05
f20d3aea-a998-43ee-a2a1-12b53a880cec,2021-10-26,Central,Technology,473.78,506.49
16b3c475-4080-4548-8f25-152b27ce0017,2023-11-27,South,Furniture,1901.26,287.68
fcc6713a-7cbe-48bc-875b-ce8c47054796,2023-08-24,South,Technology,1917.07,142.87
bb2c23cb-361f-4924-a7a3-2e37475ce39f,2023-09-20,West,Technology,204.44,686.88
dc399fe1-bfd2-45d7-acaf-9eeb21b5b893,2021-05-09,Central,Furniture,39.85,-9.75
10e7ee6f-1c15-455f-bf6e-074d865fe33c,2021-01-07,West,Office Supplies,330.59,-214.03
f4e1048a-f417-4dc9-b954-018b6be4d062,2022-09-27,West,Technology,1992.07,290.53
b5e5f62a-9a39-4c36-93c8-40115c2281fe,2022-07-17,West,Furniture,368.2,311.24
ac5200b5-029c-4bda-b37b-574e323f9bb2,2022-11-28,Central,Furniture,1010.07,70.82
bc1af663-a096-4a2f-bc58-196e2064774f,2022-01-07,West,Technology,1698.35,132.59
a250b2fc-093e-4080-a0a9-20970356f7ab,2022-05-22,Central,Furniture,50.6,747.42
46e95aec-0cfb-4d8a-ba8a-7ad235362888,2021-05-12,Central,Furniture,1212.93,452.49
26366874-b225-48de-b6e2-887aefe61690,2023-01-16,West,Technology,561.28,-356.22
216dfc70-2196-4bee-9a35-44b538118828,2022-04-29,South,Furniture,1726.05,-224.23
5bf2e8db-7f7e-42ed-b05c-3053b789593e,2022-06-10,Central,Technology,574.09,768.25
b2092e71-208f-498c-ae2c-92b2d9b97b79,2022-01-30,West,Office Supplies,1376.64,444.41
5f786318-3e63-431e-9a6d-a2e5e0351e44,2022-08-10,West,Furniture,1351.7,689.56
e604d38c-0a9b-4471-b1a7-9435b7c52ba7,2023-06-11,South,Office Supplies,450.77,-104.98
80dac46f-2171-4e00-8261-c03dc6df62a7,2021-12-05,Central,Furniture,79.25,464.43
e2e6e895-55e1-4b39-aafd-5fed17f20b40,2023-12-09,South,Technology,824.41,428.2
6557ecee-40e3-400c-a83b-81bc0c0a7983,2022-06-21,West,Technology,585.49,-116.9
fbff1829-aea3-498b-80bd-204e32714f01,2021-07-09,East,Technology,1619.87,216.06
b71a72c1-582c-497f-8eb4-762ed32b3c0d,2021-02-10,East,Office Supplies,1602.72,315.64
ef55c8e2-3b16-4e64-9849-73b7cb052418,2021-09-11,West,Furniture,919.48,125.47
75a8457d-74f8-44e2-b0a1-e5ddd403653e,2021-05-07,East,Office Supplies,1216.96,575.33
95a5de44-e731-407b-a5db-b4045b199207,2022-04-18,West,Furniture,1212.48,582.73
39681e1d-898a-4752-9c71-64a818906db4,2021-03-15,West,Technology,1656.04,605.78
af0caa3c-122f-462e-8495-6e6a21cc0211,2021-05-18,East,Office Supplies,855.75,544.45
fd9c70c3-2972-4882-a6d9-d3d105ddf023,2021-08-22,West,Technology,558.14,134.51
aec13f6e-6a6c-4216-96f3-e1c899249d85,2023-04-24,South,Office Supplies,537.42,-4.13
fa709240-af8f-48b4-901d-cc22e22a75cc,2022-01-15,South,Technology,1077.02,580.79
4c6cfc1c-783c-4761-92f3-77fdbe072245,2021-10-22,West,Technology,903.8,137.26
0a76e404-9bad-46c6-9d7d-08c960cc7abd,2021-05-15,West,Furniture,885.84,-179.72
950097ce-28bc-4d51-b1e4-53e6dc50522d,2023-06-07,Central,Furniture,191.36,159.55
37d9f94a-87e8-43e5-b4ae-6f01bfc3535d,2022-05-29,East,Furniture,1440.02,-315.6
0777cad1-c900-40bf-b1b1-59b61e8c8499,2022-07-26,West,Technology,435.34,399.12
f721e45e-d796-4fbc-bf79-17c5437feb6b,2023-03-09,South,Furniture,401.94,-63.3
46a1c19b-d238-4804-8a8c-e2d7bdeb7527,2023-09-14,West,Technology,831.39,-161.14
645261f7-6318-41d2-9ebe-22d3111f1a28,2023-06-25,West,Furniture,463.28,743.46
14c6e496-9146-470a-a69d-2c2229861808,2023-01-20,West,Furniture,1171.88,509.95
f05ad4ec-33f9-4264-9e5e-d279cd2c614b,2023-05-30,West,Office Supplies,749.21,523.19
0394fc90-7ca2-401f-ab77-fbe41e57072d,2023-06-18,South,Technology,903.33,310.84
67e69ffe-5dec-4a98-8e4d-f5f680474077,2021-01-19,West,Office Supplies,1078.97,590.92
f805d526-5e5a-4447-a282-20cd8ea359f9,2021-12-09,South,Office Supplies,415.04,486.91
f83f136d-d768-4211-aaed-5760d75b6911,2022-06-11,Central,Office Supplies,319.95,278.41
f43c67ba-75e3-40a3-a4ac-70a3e84c1940,2023-07-26,East,Furniture,1762.04,749.46
0a6368f2-e413-44d3-a083-ebb5c0cdf96d,2022-12-06,East,Office Supplies,873.11,-250.93
64dd4384-b34f-41ca-bbde-c3f462171534,2021-06-05,South,Furniture,830.07,726.39
92010309-1588-4873-a729-26b0ee0b683a,2023-02-05,South,Office Supplies,80.87,21.87
5caf5c6a-64ca-48e8-8dde-dccc831bef03,2023-02-05,Central,Office Supplies,1000.97,186.92
94ca68d9-4d9e-4c77-8f79-4b765c96703d,2021-05-07,West,Office Supplies,1112.8,-340.44
c881464b-c358-4cfb-875f-a0cf4974e1b7,2023-01-25,East,Technology,1122.09,202.14
0942f1cd-a7f1-4425-8ced-c55b41365c29,2023-12-23,Central,Furniture,1416.99,294.57
643a6898-6e75-4006-b71e-b55d70e3c153,2021-02-11,West,Technology,363.19,797.01
4e6120f3-af52-477c-b243-cee9facd64f1,2021-10-26,West,Furniture,511.92,767.75
b79fa51d-3045-438c-852c-7f939acaf159,2021-02-20,East,Office Supplies,1623.35,756.32
58029d89-6ab5-44fd-914b-254e39873b7f,2022-06-21,West,Technology,1894.87,-47.1
9ac1b7f0-a5b0-4be6-8d63-96fe022f6ca5,2022-10-01,East,Furniture,280.51,788.65
3094f256-7420-4299-aad2-85f1607e683f,2023-02-17,South,Technology,1000.32,92.12
62a5aa21-2b3f-4e5d-98b4-d672212552fa,2022-12-04,Central,Technology,436.21,607.39
d5828d59-e1ce-459e-af10-2145227b0512,2021-03-30,South,Office Supplies,129.55,-218.78
f7f9efbc-4ba7-4c70-96a5-4aa01e1296dc,2023-06-10,West,Technology,657.75,157.58
c92c2f78-3768-408e-8177-497a25987d51,2022-04-17,South,Furniture,295.94,755.82
eb6d3598-232f-4fbe-aa5b-e35369331443,2021-04-25,East,Office Supplies,1422.77,731.14
f0dac80a-57f1-49fb-bd24-e118d428df1c,2021-07-21,East,Technology,1072.11,388.86
52105009-b207-45f2-8e07-b7b4a7905401,2022-01-30,Central,Furniture,296.23,537.16
19f620a2-26bb-4675-ac6a-e5e1443cf3a1,2023-12-22,West,Office Supplies,28.39,-270.65
836392b7-d9a3-442a-83c2-8870adde98b6,2022-08-17,West,Furniture,1618.23,438.16
0a0ef615-f478-4e8d-a2e3-87c2a2e01d59,2021-01-08,West,Technology,360.63,303.47
f2fb122f-7e34-4e79-bc25-d3bd88a72da1,2022-05-28,South,Office Supplies,1216.37,-380.98
afef2e1c-f34b-43b9-9818-2703fc800953,2021-05-25,Central,Technology,680.47,-352.89
9f6e292a-bd6a-4ee8-991c-2be69e2189db,2022-09-02,West,Furniture,1175.12,-359.02
a3b44efe-25c3-4c9d-a856-1badee287a92,2022-01-29,East,Office Supplies,638.15,441.66
e84dfaa4-4fa6-497e-b96f-52663d77546e,2023-04-21,Central,Furniture,183.01,-315.77
a873abc8-15aa-4a3b-b612-3cdad216d058,2021-12-27,West,Office Supplies,453.67,108.05
61592130-aec5-409c-9226-15b299cd0df3,2023-09-13,Central,Furniture,384.24,-35.92
8f48de0a-3375-49d9-b879-7294437fdbd9,2023-09-08,East,Furniture,861.76,215.66
e32a2082-3d4a-4183-8e14-586856bdebf5,2023-05-13,East,Office Supplies,1319.98,418.42
f66037cf-f737-44aa-b85c-c2c8224c6031,2023-07-07,East,Furniture,534.97,390.14
75ffb57f-f27d-493c-881f-af4bfd4454db,2022-05-14,Central,Office Supplies,34.02,170.18
e3931b79-2fc8-4230-b53f-38c0f95f299a,2021-11-21,Central,Office Supplies,1042.69,103.64
5d5b0bd9-0ebf-4523-aaad-89265d9a24cd,2022-01-07,East,Technology,1215.46,17.16
3eda9150-3993-4371-bc60-ae1c8818d277,2022-11-28,South,Furniture,1926.11,620.48
f3098246-33ca-423f-b301-13f042bffd8b,2022-08-22,Central,Office Supplies,1183.05,-69.89
b084aab8-cf15-4c06-88e4-5be4d0b3575e,2023-05-18,West,Furniture,947.63,-162.82
b4d70339-1424-4cfc-93da-35053daaae57,2022-02-07,Central,Technology,1151.07,466.31
ab204463-d92c-46c8-9da7-f990d59ec42e,2021-06-29,Central,Technology,1856.52,-32.31
072a5087-67d9-483b-bfdf-c5c0876cacdd,2023-05-16,West,Office Supplies,1658.47,601.1
445f1ad1-b801-4d83-baea-50545fb56c40,2022-12-06,South,Office Supplies,652.73,-73.74
c742bbaf-7787-4d52-9d12-bbc65eaae175,2022-09-20,South,Office Supplies,482.14,412.53
b098a176-ea87-4e7d-a3f1-8953ba4ec145,2022-12-12,West,Technology,532.64,-441.36
7fd7559e-44c0-4b4e-acd5-f173904fa87a,2022-12-24,South,Office Supplies,1013.8,1.23
66c09e7b-741a-426d-8bca-fbdb54b0f552,2023-11-03,Central,Office Supplies,1490.66,-53.8
b87618a0-e519-4db0-b64c-99ed963a4320,2022-11-08,Central,Technology,1011.41,561.68
b8c4535c-44ac-4bbe-bd88-857bcc282628,2021-04-05,East,Office Supplies,144.91,757.17
ea8b34b9-e6c7-4728-b157-8055c5a79a96,2021-01-15,South,Technology,1449.93,99.15
3309cd89-f26d-4669-95e3-8f96a2bf0f3d,2022-08-26,East,Office Supplies,1613.88,572.29
6fc41bf6-3d6b-4f76-b790-df8a5c493e43,2022-03-11,South,Technology,586.1,409.6
fdba93eb-78e1-4240-9077-1f715ee76dc6,2021-12-15,Central,Furniture,1331.61,757.6
62fc194b-649d-42ad-8556-b8a2db747f33,2022-04-27,South,Technology,858.92,554.44
c6e4472d-983a-4d16-ba66-f439ee62af25,2022-05-20,East,Furniture,1779.35,-399.28
ce908ee8-f657-49b2-a1de-ebef80b6d44f,2023-10-17,East,Technology,1692.0,427.27
e7ebff3f-3568-4bea-ae4f-fcf31046eb49,2023-07-02,West,Furniture,1055.61,196.15
2d555314-143e-4fb7-a060-8b8d47c57d53,2022-12-08,South,Furniture,1386.1,-478.63
05aa0cd3-5eb4-4406-8919-d9ff57dfba1d,2023-11-17,South,Furniture,1767.87,-173.29
0207006d-e883-44f4-b29f-2d6b8915a364,2023-09-14,Central,Office Supplies,996.48,698.28
d6b9bf52-ece0-4105-9500-99df929b958d,2023-11-05,West,Furniture,633.37,703.88
f09d07f1-eac4-460c-9e4a-9260efd52c09,2021-12-29,South,Technology,1509.8,538.51
d094805e-1668-49f8-820f-46424e6cebb2,2021-05-05,Central,Technology,447.93,776.31
662b7ae4-c2aa-4e0c-af74-10dd57790735,2023-09-20,South,Office Supplies,783.18,548.51
c959dbb9-52b6-43d4-a481-216b988fd26b,2023-01-04,Central,Technology,1732.8,-486.73
619c03d1-9362-4966-9f07-fe07f0a0a77d,2022-01-03,East,Furniture,1451.6,-125.82
7259e6c4-d820-4466-8d55-93a365a6b335,2021-03-11,South,Technology,813.58,-460.19
ec32006d-da7b-4adb-9ce3-31182e857464,2021-12-20,East,Technology,437.34,-377.66
debfe7d3-7404-4fd3-8377-c4283d51c7fc,2021-12-17,Central,Technology,718.38,-215.51
3d56400b-22ff-4a30-86b3-fcbffb18291f,2021-10-03,South,Office Supplies,575.37,154.63
96a805bb-b7a7-41ba-86e4-34945e317e80,2022-02-15,West,Furniture,360.42,601.79
2e7cdb3f-4404-47f9-9e60-ba33fcbfa2ca,2023-06-21,Central,Furniture,1489.23,620.56
d04a8ff9-eee1-4ab3-9f5e-c4d26282a4d5,2022-10-15,Central,Technology,511.62,301.06
aaee3f08-ff69-4568-8d79-c20f4931bd94,2022-12-02,South,Office Supplies,913.79,706.63
8b61d80d-a691-4dda-83c8-1787f422dc84,2022-06-02,East,Technology,777.86,150.08
caea5bfb-3f70-41b2-b206-9ba39561a574,2023-02-16,South,Office Supplies,1964.33,655.75
6a5b54e4-f0e2-4a55-a84c-3ab4e5b2df55,2022-02-15,West,Furniture,788.27,90.28
c6d93097-4d0e-4acd-9dc8-b74ad10b41c1,2022-06-13,Central,Furniture,169.17,-139.61
36a7581e-4f17-4a4e-a2d9-79705115898b,2021-06-30,Central,Technology,188.75,691.34
73eb0a4e-0e4b-4dbf-8f41-80b1b7e8b0a4,2021-01-01,East,Office Supplies,1185.6,4.32
a864a116-3852-4f46-a9a3-618b910ad032,2022-04-15,West,Office Supplies,1202.73,154.43
1ab01dc1-39db-4ebb-b538-c985c533af2d,2023-04-24,South,Office Supplies,843.33,-72.48
e756b705-ae40-4d26-a84f-52adf60768a0,2022-03-13,Central,Office Supplies,869.37,361.69
a54720e0-88be-4288-87ad-45b104a05d77,2023-04-09,South,Office Supplies,117.33,793.54
7ee50afd-1f3a-4502-bb1a-56bdafaea21d,2021-03-09,Central,Technology,1037.93,-466.83
5b345ede-d26b-4c21-87e4-7dbaf0ad73fb,2023-07-01,Central,Furniture,1014.43,669.8
ee926321-245f-4d94-aac1-4fd1eb74e721,2022-04-17,Central,Furniture,307.6,-494.9
bada092a-5e4c-4ce6-9453-9cdb1ec88633,2023-12-25,Central,Furniture,216.64,-26.5
ea88d27d-17a6-4711-b256-9d7c8c8a22f6,2022-11-13,West,Office Supplies,255.91,-280.81
517e71e0-47e5-4f56-8e96-551aeeba6ad9,2021-12-04,South,Furniture,211.05,484.54
d0ce2457-5cdd-4f45-b588-93f1280b0996,2021-07-01,West,Furniture,1223.32,-434.21
bd37414a-4784-459f-a86e-dac1f82e98dc,2023-04-22,South,Office Supplies,401.0,219.53
e3a14f5d-6ed5-455d-ad1c-a2b3e5715f31,2021-05-25,West,Furniture,510.35,-116.6
75ed76cf-cc29-4582-8167-86fae7e55d10,2022-06-20,West,Technology,355.41,-326.23
ae269692-d819-48d1-845d-ff54427fbc4b,2022-08-25,Central,Technology,1916.09,503.36
7f808dbc-adc0-4c1f-a3ea-46a8a6864e54,2021-01-31,South,Technology,1710.69,-217.36
31a9b14c-7f49-40d9-9cc8-1f380c71aae2,2022-06-14,Central,Furniture,468.68,-209.22
dea43dfd-29e1-4b4c-b701-f1f4a48f93b4,2022-03-26,South,Furniture,661.86,-142.4
ad3c919f-d0dc-47a3-af0a-d184a5ea3158,2021-09-09,Central,Office Supplies,427.69,262.8
6932317a-876e-4409-b106-3540067b0c70,2023-01-22,Central,Furniture,988.83,357.57
bdf1de53-e014-43df-9768-6c78cbf01dcb,2021-03-21,Central,Furniture,49.02,-477.12
e7a9f866-38f9-4aed-a5c8-5224d202d65b,2022-12-08,East,Technology,1346.02,-185.57
21ce7ad0-73f5-4a4e-b67a-004b71d87c8f,2023-07-13,South,Furniture,1051.08,60.26
ae957e1c-667a-4370-ae12-d25593ca3df0,2023-06-26,South,Furniture,1798.29,-68.43
31ea2821-3034-4270-a81f-f52852ec03ca,2022-07-14,East,Furniture,337.14,649.42
47561669-1c89-4238-80df-2b6b77d0da32,2023-06-20,Central,Technology,1610.18,524.02
d3d17709-a54c-4489-8fdb-a768e9390c7f,2022-04-10,East,Furniture,1586.0,313.66
a119ca40-c360-4f0d-accc-d30e0bf0afdb,2023-01-12,Central,Office Supplies,263.09,-60.54
270a4855-d0b6-4ada-9b6b-8e34b344a147,2022-10-05,West,Technology,803.13,410.87
89797b17-eeb3-4b22-b077-d33ed04cc4db,2021-07-02,Central,Office Supplies,348.6,596.73
efa107ee-ed75-4494-864b-4edc101905bf,2021-06-13,West,Furniture,516.89,273.28
84e69ef9-a629-4bb2-9352-e5785e13ab9c,2021-06-16,Central,Technology,533.86,519.8
094f5166-0bae-4d2b-bbec-e5d5a8856294,2021-03-21,South,Office Supplies,1116.91,473.84
7bdd42e3-26e8-4cb6-abb7-e6cc067b30d1,2023-01-23,South,Office Supplies,828.71,243.26
babfbd99-2d9d-4bd8-aeb2-f98cdb38c2f2,2023-06-14,South,Furniture,1895.99,-94.16
2fb1eb40-4f26-4edb-90d2-8a3220c6270a,2023-01-05,Central,Furniture,261.48,469.52
d8c024a9-a99e-4f9b-b68e-af5851ddaa9d,2022-09-02,West,Technology,1947.65,-231.16
6ce87f51-1eb2-4170-b1e2-d719f2034fe7,2022-04-22,South,Technology,468.97,513.33
3a099c80-4d16-4503-9aad-dae806c6b8c2,2022-11-30,Central,Furniture,1548.02,545.91
cab0d331-b13a-4dc7-92db-a951f7b8895a,2022-07-17,East,Technology,684.55,568.79
37b5ba07-eb21-4c92-84ec-df3a1f9850b1,2022-03-27,Central,Technology,294.73,114.79
ce5e137f-8772-4818-a5e3-1112c35826a5,2023-11-13,East,Office Supplies,1717.2,-249.78
7e8f7fe9-163b-4284-b1b2-5b70a0a6e38e,2022-06-30,East,Furniture,624.63,-370.36
08fb27dc-e88f-42a4-aa1b-41edfe530a7e,2022-10-12,East,Technology,1321.12,466.37
60ca13d1-32b7-4456-9f22-b19432ce3db1,2022-06-15,Central,Technology,1137.22,652.14
b58d4c97-59df-4bb2-988a-7de79f57dbfc,2022-12-18,East,Office Supplies,948.8,346.09
640933ec-c68b-451f-84a2-092d2777fe38,2021-08-21,West,Technology,996.68,-312.59
06dba492-b889-4a75-a80f-58fb2d0f0209,2023-03-06,Central,Furniture,1467.15,715.37
935b67b4-2fbd-4d23-a516-8cda99d6bf85,2023-05-29,West,Technology,184.67,785.83
7c115895-db1f-4973-a194-3347b9ebce1f,2022-12-10,East,Office Supplies,1339.68,63.39
20b8d865-580e-40e4-bf02-7521c8ba5226,2021-08-24,East,Office Supplies,1792.67,273.27
9d88e7a4-f763-41e6-9f9f-9701b819544a,2021-09-16,Central,Technology,125.0,510.4
dc1c4e12-e4ac-4e29-93c6-756c5a2cfba8,2022-08-25,Central,Office Supplies,289.9,457.31
e8d7ea29-3694-478c-aed1-95c9a8c62c4d,2023-11-28,Central,Technology,1436.1,758.12
26994648-2b42-423a-a5fa-d4573c10cbcf,2023-06-15,East,Office Supplies,880.19,-350.65
d08ef8b5-c556-4034-b177-3184a3d2e30b,2021-11-23,West,Furniture,813.06,254.94
9daeceaa-b306-4396-ba12-2631715463ee,2022-04-05,West,Furniture,282.56,399.51
9a77c01f-85af-475b-a4c4-607130aaa9ae,2023-02-27,South,Office Supplies,1018.47,657.13
498e6ba4-005d-45a8-ac9f-57059ba0e399,2022-06-09,Central,Furniture,261.83,636.34
b0f1d209-7943-4f6f-9a55-4d255d144588,2022-02-21,East,Technology,958.47,771.4
c81e4c13-e4f7-46ab-940b-d487b188bd6a,2023-11-23,East,Furniture,1529.59,165.7
5aa249bf-c827-4447-b8d8-e484d4e384a3,2021-02-08,South,Office Supplies,523.95,579.99
6c589836-3a04-44d7-a113-6ce039ba7d2f,2021-11-12,East,Technology,966.76,55.47
599a20f1-81dc-457c-964c-af2f6d442c3f,2023-06-20,East,Technology,1984.11,49.01
65a815a3-7833-4ece-88e5-ed83f8d4866f,2021-01-17,East,Technology,1376.43,-170.65
8d1d37a3-0c88-4f7b-a84b-3c5517759710,2023-08-04,Central,Office Supplies,1684.3,563.71
82ee6e08-0ba9-4e1e-b588-8aa1f9e33543,2023-02-28,Central,Technology,835.55,781.56
7f720ffc-9b6d-472f-a39b-66512ffbe857,2022-02-05,South,Furniture,1538.04,-166.76
c3b5b2bd-1eec-4d0d-b5a8-edd7c9b49d09,2023-12-01,South,Furniture,90.61,-427.03
d46b78f3-288c-41cc-8e92-b02181735a2a,2022-08-14,East,Furniture,254.59,560.21
09e002f0-6191-4e64-b32c-dcc7da819b74,2023-04-01,West,Technology,414.11,306.3
1feb1cf5-7dcb-4113-839f-f46b194274cf,2022-06-26,South,Technology,809.88,747.61
5aae363d-198a-46fd-a57c-280127edb5db,2022-10-10,West,Furniture,1693.03,-172.09
d2d93182-f3c0-4d85-9867-01f3a5120438,2021-01-18,East,Technology,699.07,-407.66
e498446d-38e6-4f15-8dba-2c36fb0100d9,2022-11-05,West,Office Supplies,1312.7,140.17
8f6a9f1b-ad82-44e3-8eeb-2a03f676831f,2022-08-12,East,Office Supplies,1421.54,-388.89
b4c21dd6-2ed1-4d37-b63f-a63fa1d29dff,2023-07-06,West,Office Supplies,1176.5,-159.67
7e34edc3-dbe9-464c-b6b2-41f316f2af16,2023-07-18,Central,Office Supplies,720.91,-336.23
a1592b44-d781-47e8-8b33-94d7aa8d6f81,2021-10-10,South,Office Supplies,1158.34,-208.63
c3155e4b-b51b-4a05-ac4c-89cd6f4b3d1a,2023-10-07,East,Office Supplies,691.11,-362.01
421e0683-dc0a-4c8e-88bc-e600431b800a,2022-09-26,South,Technology,176.91,740.08
3347216c-7a7d-4d78-a70c-ada1c783870a,2021-04-16,South,Technology,1985.68,-137.87
433d65c2-c0f5-4e46-b14f-4be5530619e4,2021-12-06,South,Furniture,263.09,77.07
facc2e35-35b6-4692-a528-759d218acc31,2023-03-18,Central,Technology,153.97,668.2
fb6e5531-3779-4ead-b6d4-017df8490b53,2021-07-25,East,Office Supplies,1758.28,380.52
244226d7-271b-40ac-bb83-4299b0dba7b4,2022-09-29,West,Technology,610.65,303.45
b64a46f5-eb6d-435f-a950-94bbf3c8e316,2023-05-02,South,Office Supplies,1304.09,417.23
1b2b5f8b-a27e-4970-8452-ba518223c495,2023-01-10,West,Furniture,664.72,577.47
40f62c58-4ac2-4e89-9b80-6a19c11f2240,2021-02-22,South,Office Supplies,788.99,640.97
8f6a201a-589a-491e-a76a-7d9aff447459,2023-08-29,South,Technology,531.6,335.43
bd95c7f5-dbaa-4aa2-ab9c-405dfd8a2b0a,2022-11-19,West,Office Supplies,692.66,657.01
d0d0d99d-b7a4-4237-a77f-172590ea31de,2022-11-16,West,Furniture,827.29,196.02
a19f304a-af71-4929-bda5-e1d1aa3db493,2022-12-10,South,Office Supplies,1443.63,-139.52
bbf7f858-2dbb-4bdf-af23-4d87dc383057,2022-11-14,Central,Office Supplies,1027.96,644.1
0ea20820-67af-4fd7-9a8e-a2f5f556b55c,2023-07-16,West,Furniture,1887.69,203.91
e37001f6-d230-4588-aedb-bd896084d671,2022-08-05,South,Office Supplies,93.34,677.98
56689e24-fe39-4df5-be2e-e0669e30d1d6,2022-12-29,Central,Furniture,1011.11,-447.78
0c9f82ad-a7f5-4ee0-9f20-90333608428a,2021-03-05,East,Furniture,1172.61,16.77
d5471932-3e03-45ea-a3bd-916be674b2ca,2023-10-14,Central,Furniture,1841.19,732.15
b8d8e96c-ca54-41d7-a2ab-a713e5a79d2f,2021-11-15,Central,Furniture,107.83,-175.45
3ea0dd43-cc7a-4886-9d4f-6de87a91e144,2023-06-04,West,Furniture,1151.26,724.0
1d5f9ff2-a5d3-49af-9ae6-c21b111139c1,2023-05-28,East,Office Supplies,1708.72,740.07
6595fa90-4584-4215-8e30-20b68815251c,2022-09-24,South,Furniture,491.44,646.79
46997fc2-7de5-4d45-8b00-ebbfaf0545d3,2021-08-13,South,Office Supplies,1753.82,232.77
019db91e-3c7f-4fd1-93e2-63471ac33967,2022-08-08,South,Furniture,47.9,341.02
3aa74acf-50b4-427c-ab43-bd837c4e1b98,2021-12-13,West,Furniture,1467.58,630.5
4e0d4d6f-f324-44fd-8f13-72bbdb55667b,2023-02-12,East,Technology,1866.9,508.67
8fca9026-a738-40e8-9f3d-0200c5acf275,2022-12-29,East,Furniture,1317.82,319.12
e37355f3-0378-45ba-a603-e8cd52eef7f2,2023-07-05,South,Office Supplies,883.67,776.94
c6573806-3841-4305-925d-5ccda8f5314f,2021-10-13,South,Furniture,99.31,391.38
a93dbf91-66bb-4d3c-acad-002a62a765d3,2022-11-21,West,Office Supplies,1841.03,768.13
496d4895-c8d7-425c-823b-576b0ead4e04,2021-04-19,East,Furniture,945.89,-425.39
922731e9-3aaf-4187-a638-4b25a9f9f36c,2023-11-07,East,Office Supplies,67.7,-319.35
a82762b4-7939-49cd-b858-2767d4031364,2021-05-13,South,Technology,1382.74,86.9
505739f3-1031-4582-a2d8-84ee5d89378c,2021-03-27,Central,Technology,968.86,0.34
79e49119-ca6e-4d5a-86df-90fbbb01e392,2022-11-12,East,Office Supplies,257.45,517.56
405d861c-5184-4088-9c8d-5e9d0b874724,2022-01-06,West,Furniture,436.4,-291.2
2c9d9b63-cc9d-419c-929d-dfde9194d072,2022-07-10,West,Office Supplies,138.34,768.92
113a19a0-a8e1-4405-a04f-3f5cefd10af8,2021-07-11,Central,Technology,1152.84,-90.41
fa33dec0-6d99-45f0-9623-6b475e4815f7,2021-07-21,West,Technology,1247.84,57.6
13d69792-126f-45ed-8485-e60db86ad0f8,2023-05-11,East,Office Supplies,1016.43,-142.83
ac58d464-eb16-4eb0-8434-917090f43724,2023-07-17,South,Technology,1636.03,253.17
4588d5c7-6da2-49e0-9477-7e31579bca3c,2022-10-14,Central,Technology,1723.41,-423.78
aba78b51-eeef-465f-91cf-b23504540420,2021-09-25,West,Office Supplies,1235.09,-305.42
603fea1d-b88c-4cbc-9383-f05717610223,2021-10-19,East,Technology,35.39,469.54
97477da7-3626-4c14-bc19-9ebc97a92b57,2023-10-24,West,Office Supplies,1393.51,-257.55
7f2487bc-8c10-4bc1-b36b-8385522fb6b0,2021-02-20,South,Office Supplies,841.82,-193.83
0f6924f3-2f53-4a9f-8e0a-e1dd5b95ae5e,2022-09-25,West,Furniture,1135.46,530.88
cfab07f4-0022-494c-8dad-77367a272eb3,2023-04-19,South,Furniture,1301.67,-378.71
2b31b5e7-40ed-4d57-84a6-24f3231830a3,2023-10-12,South,Furniture,706.97,68.72
aaaa7602-2886-415f-b9f4-fbcd6f41bc23,2021-09-18,East,Office Supplies,1835.03,-470.02
ddebaa54-9f6c-407f-9234-f67203d11260,2022-03-23,Central,Technology,276.61,-49.15
22cdf6a0-1899-4d8c-bf02-671ba6eb5efa,2021-11-10,East,Technology,1346.31,408.68
2650d902-16fd-4c70-a960-bd87ba9d64d4,2021-09-12,West,Furniture,18.68,-382.87
33a83451-f0d8-41ad-92c3-3d134eb71327,2021-12-27,Central,Technology,1850.06,654.84
b7696e0e-c07c-4f32-be5f-e7f59252a620,2021-10-27,East,Furniture,233.88,682.35
9ecc4181-f256-4a65-a7eb-7bae6e143f9d,2023-11-30,East,Office Supplies,198.82,-363.51
910813b5-882f-4c64-b677-450f674dfb85,2022-01-11,East,Furniture,672.69,787.95
094d4b8a-67ee-47f2-b433-005aa5b33e2e,2021-03-22,South,Office Supplies,753.4,-113.21
797d3028-85f1-4c46-b473-bdb490ff3e09,2021-08-11,South,Technology,436.46,-390.67
6d2616e2-2a3b-473f-92fe-55f53732d5fe,2021-12-02,West,Technology,1174.39,-493.41
3b38102b-7bdf-4546-a4a8-844f7d94a6ce,2023-08-17,East,Furniture,891.4,31.08
fc2edb04-9a18-40e8-8c42-82cd1474849f,2023-07-05,South,Furniture,78.01,318.75
7016e105-21c1-46e7-af74-b072c53ee9f9,2021-12-23,East,Furniture,646.11,-68.17
c3bf7d44-acc9-474d-a3af-f1a4a6ebb88c,2022-01-27,Central,Office Supplies,1622.76,587.73
56d07ef3-f58a-4328-b5db-9c81073fdf7f,2022-03-11,Central,Furniture,1382.51,431.59
87c97761-f6bd-4f6e-93a7-9138b2093314,2022-08-12,West,Furniture,1452.49,-44.79
a6145f1b-79a3-46a8-9f23-a1b588e65e96,2021-02-05,Central,Office Supplies,1399.25,454.6
3cbb32de-5a37-4e11-ab9c-7d7c8b713ce4,2022-09-16,West,Technology,628.84,722.63
353fce99-ef9b-409b-a32c-ceaed7357f9d,2021-02-12,Central,Technology,208.33,-378.98
9258b0c0-af58-4559-a186-ef6ff0d20481,2022-08-10,Central,Furniture,552.21,-102.06
b166681c-b2c2-4691-aa74-b216e66d8edc,2023-05-30,West,Office Supplies,1665.25,102.32
9a452aca-1d83-45f3-b3f8-cf8c4f0b6127,2022-02-06,East,Furniture,1961.14,147.39
61d9e819-c51c-4229-a145-676d17795b66,2021-12-18,West,Furniture,992.76,204.85
07e79181-3039-4a9f-8f0b-5593542d4393,2023-11-23,South,Furniture,29.3,-109.19
b99eec19-ac0f-413a-8332-d1b9f42d157f,2021-01-04,East,Technology,288.69,367.44
55ba1dfe-a30e-4e97-9406-1f23c91f8d86,2022-09-12,South,Technology,650.94,338.61
250d235f-1feb-41e7-bbb1-591b2e832bbe,2023-08-09,Central,Office Supplies,1161.38,251.17
960a3974-1efd-493b-a896-0c250bb1bad8,2022-06-19,Central,Technology,159.44,-352.11
060556e8-d798-4e8b-9a1a-e46111ba91f9,2023-10-14,South,Technology,1887.28,120.06
cebbdf91-7c7d-4f90-995e-f944c64be810,2021-07-22,East,Office Supplies,736.52,-36.91
4864d025-fe41-4620-85b4-a13e60cd8424,2021-10-24,West,Technology,1826.04,138.35
ccaeb64c-74c2-411d-a3dc-896e902369ab,2022-06-14,West,Technology,1563.24,698.43
01c363cd-7add-4695-88ba-47a9ebf1f6a4,2022-11-11,Central,Office Supplies,1513.32,124.69
23e96b81-004e-4721-8cc8-fa21b601e5b2,2023-04-16,South,Office Supplies,1217.37,-481.82
76da3747-8fae-4492-b7d9-f6056bbdcd3d,2022-09-01,West,Furniture,1257.3,70.49
8b75190c-4f26-4e21-8e61-2e346548dfc8,2022-05-17,West,Office Supplies,1279.63,566.84
7f14d81c-6f6d-48c6-8334-33e0aa566d79,2021-08-07,South,Office Supplies,1261.16,514.08
72a4bac6-9288-48f6-8c38-f15a66a247b7,2023-07-20,West,Office Supplies,1111.92,167.41
4f3c0388-ec61-43eb-b33c-4dee97d47986,2022-04-20,West,Office Supplies,1972.96,-175.3
6b775489-16ca-4742-b0e5-2458e2832379,2021-05-21,West,Furniture,1467.26,104.62
e3f9899a-62ba-4966-b388-cf1bd0f383cd,2021-08-01,South,Technology,1556.12,232.81
fd987761-b0cc-4109-ad37-a68058f99bf7,2023-02-25,West,Furniture,1746.2,799.83
54a3e5ae-db9f-458f-81c6-444b08a575c4,2022-06-18,East,Furniture,439.12,337.43
3e881490-681d-432b-85e6-d7080874688e,2022-01-12,East,Office Supplies,176.77,402.54
3878a369-b2f3-4c00-9092-74705a5e6d18,2023-01-20,East,Office Supplies,970.96,138.89
96bfbee0-09a2-4373-b2fd-73447862f1cf,2021-03-17,West,Furniture,1033.02,-39.16
45bbfb02-f99c-498f-a2d8-d220bd36a04a,2021-02-21,East,Office Supplies,1660.07,556.84
2fbc9834-9dd0-4cde-ad37-45e890a6dffe,2022-08-18,East,Technology,893.13,143.41
143e77c2-70fe-4e06-b6e3-1e8ef67fb352,2022-02-16,West,Technology,1146.0,793.1
90c031a8-a28e-4ff6-a1fa-b7e41c230f19,2022-01-30,South,Technology,1058.87,94.26
91be48c3-2329-4406-9bac-0279a66b3d83,2023-04-05,East,Office Supplies,86.02,-411.6
52335cad-3905-4fc0-a151-f6edb2297aff,2023-05-14,West,Office Supplies,1234.28,387.35
5ef75904-b1d9-4480-8caf-014434b51e65,2022-06-07,Central,Furniture,1657.81,-439.37
020978dc-b811-4c26-b748-9b6b97f3d71d,2022-03-23,West,Technology,323.43,-174.35
1c30f3f5-598a-4bd1-9e35-b2472de3153d,2023-04-06,South,Technology,1192.72,-40.14
7671b52a-293d-4fae-876d-9b132958d9ab,2023-01-14,South,Furniture,1191.28,461.33
6d33758b-34d4-4b34-aca6-dd4b69dcce11,2022-06-14,West,Technology,336.73,142.51
140f9b24-fcc9-46c6-bc19-ef424cb9c5c6,2022-01-17,Central,Office Supplies,255.69,-462.76
4a3c2fe2-9d34-4254-9063-317dda738817,2021-06-15,South,Furniture,1960.3,301.9
d99598fb-9eea-4337-8646-f5c1ea89cc6d,2021-06-30,Central,Furniture,793.5,34.87
c37180d4-91e6-40dd-972a-bf118f415cf0,2023-06-18,Central,Technology,462.57,698.38
59432772-64ba-42bf-9c99-f2bc55dcb8a8,2023-09-09,East,Office Supplies,350.94,149.43
a84f3d75-69f8-46b9-881d-07d0ec2fb9e6,2023-03-20,Central,Furniture,1338.53,421.67
f8ed8b6a-4c6c-4d6d-bf7d-d3136f438da3,2021-01-16,Central,Office Supplies,1222.8,-215.47
dfe9a6ee-4300-4c97-80f3-beb154959740,2022-02-02,South,Office Supplies,1290.67,489.27
4acafd79-ec60-4353-b12d-2edce6b03b0d,2021-09-16,West,Furniture,185.13,437.24
b5836d91-4eb1-4673-b8ae-1b31becde24c,2022-07-17,East,Technology,1788.13,675.31
caad515c-12af-4aeb-891a-c2f241e4d392,2022-06-28,West,Technology,784.64,-456.03
1f0e523d-9cab-4954-8e2b-952ee58d55cb,2022-04-29,Central,Furniture,633.61,81.75
9a7db4b4-ed91-4b55-91c3-3f136540ecd1,2021-08-11,West,Technology,930.1,382.9
9b828fab-c0c3-4528-be9d-547a96ce7d17,2023-04-03,West,Office Supplies,786.23,-376.29
f1db228c-b4a7-4a99-9572-d4083e11bb31,2021-01-11,West,Furniture,1728.52,33.79
940cbc1d-469a-49ee-822b-a8e9db93db00,2022-05-19,East,Furniture,1859.23,724.79
932df381-39f6-449b-88fb-95d1736d8da9,2022-01-20,Central,Office Supplies,613.87,66.71
68f06068-e087-4259-8507-1307e183cfa3,2022-11-21,Central,Office Supplies,1729.23,781.03
c252714e-869c-4fdd-8465-a8d7438806fe,2022-09-30,Central,Office Supplies,1565.23,-426.11
b31985d0-a84a-4aee-9636-a89dad0fc0f7,2022-04-16,South,Office Supplies,1862.31,433.18
397ab7cc-2567-44d6-abdc-c3d78fb51ba1,2021-07-25,East,Technology,499.04,255.32
80210c15-5404-411d-97e3-e23f0c38f74b,2022-07-22,Central,Technology,1158.15,150.7
b91340e3-9afe-48a7-a0d8-82e46b8d8642,2022-06-02,South,Technology,556.34,762.1
37f15695-ef67-486a-b93a-502f7a1e827a,2021-02-16,West,Furniture,1649.95,-331.45
d14c6d19-ab44-4946-935b-cc84fd030266,2023-01-16,South,Technology,20.6,664.8
e1e0d3d7-c541-4a01-a47d-d853887e649d,2023-05-16,Central,Technology,1133.99,398.61
ef0abbd0-dbae-449d-9527-b10285bb0541,2022-10-22,South,Office Supplies,685.01,-163.31
285e9704-3fca-4417-9989-cdb9450513d0,2023-05-06,East,Office Supplies,652.14,672.17
ff69af1c-020a-48a8-b7a3-79871a8645c4,2023-04-04,East,Furniture,1293.36,58.08
720f1c3d-922d-42ff-829f-aa8fe4eb5ab9,2023-09-18,East,Office Supplies,1704.45,558.5
2c5fd1ca-b0f7-42d8-8fab-0fb8210bf60a,2022-11-25,East,Furniture,1222.3,5.49
c2fdb44a-7a8e-454f-9c44-91791d7a0bd0,2023-04-26,East,Technology,1707.81,606.21
4d25d614-53aa-443a-ba9b-2b2c0b191955,2022-09-09,Central,Technology,536.55,327.62
5905fd87-84c1-4470-9a04-23dfe634727d,2021-02-12,Central,Furniture,1043.81,-316.64
b5b2872b-a15b-493e-897d-1e5c3155dc87,2023-11-21,East,Furniture,906.57,344.56
5630899b-5edb-493e-a9ad-2a79c8cc684d,2021-10-08,Central,Technology,33.17,-251.25
21c4f6d5-95ea-478b-8ce3-edb778fd780c,2021-03-07,West,Office Supplies,1118.06,35.5
098bfdfb-202b-40d1-871a-5cecdbf0d42a,2021-12-22,South,Office Supplies,1326.43,-278.62
4d40e14f-0afc-42bc-8299-e3553e933783,2023-07-06,East,Office Supplies,1187.91,-471.38
d92757a8-6ece-4ce9-9112-448d473407a3,2021-07-22,West,Furniture,1475.2,-224.55
10681724-edcc-4a95-a1aa-142d4dec48e4,2021-09-20,South,Technology,1146.97,197.28
3933c2ed-9c66-45cd-b939-8e8e25fc57c7,2021-07-10,Central,Office Supplies,142.83,126.03
0702c1db-d2ad-4a48-8dfa-c4c9910af69d,2022-01-22,Central,Furniture,241.73,151.95
dfe88339-bcbf-4a3d-a5b1-7208243517e0,2021-04-27,East,Technology,1196.98,-178.01
c75e769c-22e8-443e-9b4c-80a75b13d748,2023-01-17,South,Furniture,557.21,390.71
dd20525e-bbdc-4d1f-b43b-f9ce1d63734c,2021-02-23,West,Furniture,168.49,415.54
64bb419d-dbc4-4cdd-9554-5bb97622f59a,2021-05-25,West,Technology,864.91,-34.64
b4fc8fdd-875d-44cb-9b32-7b4edd44051b,2023-08-24,Central,Furniture,1113.1,645.52
54ad2b86-30b8-44e1-a440-4fef984bbbba,2022-05-22,Central,Technology,664.2,337.23
ad735097-a0c4-4637-965e-a7b89514e86e,2023-05-21,South,Office Supplies,1443.66,426.95
0097d5f0-f6be-4f8c-b8aa-9c52d6eee772,2022-09-16,West,Technology,1291.1,-139.46
f889c78a-6e24-4a6b-b09e-a0d08e2d33d0,2022-10-07,West,Furniture,672.31,-499.2
92dba65f-ec35-4d88-9431-9083ce60cada,2021-11-21,Central,Technology,1512.2,624.99
119bd998-f1c3-420d-b7e9-1ea49c0723c4,2023-07-09,West,Technology,1300.9,569.15
8d73f2a6-5c49-4ad1-b4b0-601442d6e3c8,2023-06-15,Central,Office Supplies,1278.52,-339.85
b21d856b-4266-44cf-b06c-4d844c60507b,2023-10-26,South,Furniture,1111.32,-13.66
38a6484c-634c-442f-a584-387553c70de6,2021-07-24,South,Technology,32.67,359.74
ef3e9770-390a-4185-928d-fb8215ab1a47,2023-04-19,East,Furniture,1396.05,347.74
0c4d862e-5ef8-4a9b-8cfc-a54b8ac31e08,2023-01-04,South,Technology,758.32,618.46
e3e7589e-4bef-42f1-b467-73fbe2908a40,2023-05-30,Central,Office Supplies,1885.79,-317.65
684b1568-d42d-4055-b0c4-31e62efe4238,2023-03-26,West,Office Supplies,1637.79,58.92
bda91c8a-abb6-4c94-aecb-343b28569821,2023-01-22,East,Furniture,1179.51,-373.61
3fa83ff8-dba4-444b-8892-80fd22bf52d3,2021-09-05,East,Technology,511.84,6.47
4af1ff74-751f-4c03-8f5d-f42331e5266a,2023-03-18,Central,Furniture,415.4,-480.36
3539bd22-6815-4607-83df-1c142ee066ca,2023-02-12,West,Technology,687.37,667.75
4d1f3b9a-04ca-4bf5-9b97-9060a7f12456,2021-11-12,West,Office Supplies,958.37,185.16
b6d62dfd-7365-4790-a9cd-17503b63be00,2023-12-23,West,Technology,599.17,604.74
bdcfc42b-8122-41db-aa6a-58b294568b74,2021-04-29,East,Technology,1034.71,-422.12
a874d557-cd0e-4708-acbf-81d4b1720b65,2022-01-26,Central,Technology,339.09,-204.3
8a4f48b2-d251-43ad-880b-dbd7657050ee,2021-09-02,West,Office Supplies,1955.65,-162.81
8d5af123-085d-47e6-872c-5869d4c933f2,2022-04-27,West,Technology,224.77,2.7
f3151b0a-fd13-4ac5-a6cf-af54ca9dc28c,2023-06-01,South,Technology,1864.57,543.73
b5356bf3-b5f4-449f-9054-b5baa6b02299,2022-07-17,East,Technology,1828.02,2.53
dc404104-91af-4892-a40f-f1c4e5ae01ed,2022-09-27,West,Furniture,1055.47,-233.95
9523175b-c0d5-4c17-a1a5-564247d41385,2021-09-27,South,Technology,1452.57,-415.51
e2d8d2e6-272a-44fa-8cd4-dd15f592478d,2023-06-15,South,Office Supplies,877.74,-396.66
a589c017-16f4-46b5-a760-a7dfce01fa3f,2021-06-25,Central,Office Supplies,1263.77,488.06
702adf3b-7cbf-46b4-b8e7-4535a9a45be4,2023-01-07,East,Office Supplies,687.75,78.24
773fbb30-107d-4224-893a-55d2e3a71aee,2023-11-02,South,Office Supplies,609.31,444.04
099c3693-fe59-489f-b035-fa61437478bd,2023-06-17,East,Furniture,1160.68,386.97
518ba376-d76a-4c03-b534-f5214d564ca1,2022-09-02,West,Furniture,1001.28,-324.03
895c186b-3a77-4b80-a7b8-f1780ef6465e,2022-04-27,East,Furniture,1163.28,-314.25
5dda5439-d5af-44fe-8a97-8dfacb3f99af,2022-04-12,West,Office Supplies,580.45,481.94
2977fb6e-29d2-45d6-8c03-b6d6f27eec3b,2021-06-28,East,Office Supplies,740.25,437.65
f1bef588-9c08-41d4-8f20-2a19d0a836ae,2022-10-26,East,Furniture,176.96,-8.56
569d7aeb-640e-40e7-ac10-56b347c3c463,2021-01-13,West,Office Supplies,114.03,-399.35
5636d3b7-c069-47d3-b2cd-fdd02e616bd7,2021-12-31,Central,Technology,514.38,-484.27
ec1aa530-c0ff-4bc4-9f44-9bffbad65109,2021-10-30,East,Technology,157.75,-125.4
33777a82-32ef-483d-a8d3-e1aac23f2471,2021-10-11,South,Technology,216.51,-488.01
273fd952-fe77-49f9-8533-4baf222b8537,2023-04-22,West,Furniture,1627.73,-200.91
0262bf90-3bd8-4e22-8b0f-ab8e9fa4ce21,2023-05-15,Central,Furniture,87.36,45.35
5487452b-226a-4b48-8428-6ad922e40b50,2023-02-26,South,Furniture,1321.3,-342.16
1b993f82-fdd3-4eea-92d8-8eb166b9ce27,2021-01-11,East,Office Supplies,552.39,-364.44
028ccae1-e0b8-4731-b454-4a6a372cba50,2023-01-02,South,Office Supplies,1744.38,665.37
32803153-382e-40e8-859f-99d73acf0cbf,2021-01-07,Central,Office Supplies,975.13,261.11
70e39ecb-77ec-4430-a885-ca4740ee7a6e,2021-01-31,East,Office Supplies,618.1,714.79
1f737931-b137-4223-bbeb-914b115626bb,2022-05-19,West,Technology,1040.1,-50.43
c88736e9-6d82-4f0b-a6a1-9ff8ab9a9585,2021-05-03,East,Technology,770.1,380.29
d0d74aa0-eecc-4146-9d7d-c0fd74cfb32b,2023-12-26,West,Office Supplies,1132.96,-233.9
6d473b55-db1c-41cb-b002-983102bda3a7,2021-03-06,South,Office Supplies,237.92,303.84
9c137f71-7a77-44de-86a1-c1ef2459bf96,2021-10-05,Central,Furniture,1994.01,-331.54
d057358d-c03b-4a8e-98ed-77989c266a1b,2023-03-30,Central,Furniture,856.86,-497.3
bf96abad-e60d-4941-bfc6-8e1450b034fd,2023-01-28,Central,Technology,702.98,710.99
a44a0d54-472a-4d93-ac6e-7aa80e81a1fd,2022-05-01,East,Technology,1423.32,221.36
1407a94b-0e59-4ba4-b5ea-7f1e5ec51b50,2022-06-10,East,Technology,734.16,705.02
e9052c4b-2c4c-4385-a74c-87ebf10a373d,2023-11-30,Central,Office Supplies,1668.22,-66.02
8e5e71c5-94eb-4e5d-bc16-5b0e3b17b288,2021-05-04,East,Furniture,914.0,-73.88
7cd5babe-d0e9-4e5d-8220-f0b6c5035b6c,2021-08-22,Central,Office Supplies,1441.92,20.85
377f35c1-076f-432f-bc28-29392bae3b70,2021-02-02,South,Technology,223.83,417.85
f365185d-eafb-4b2c-b77c-32c24556a328,2021-08-17,East,Furniture,1693.78,235.55
2086ba87-0bf2-498c-a1be-4ca5cadaf90f,2023-11-25,Central,Furniture,1474.08,702.96
116f176a-755d-4764-8bc6-fdb98a497bbd,2021-09-05,Central,Technology,431.32,-466.93
94deff78-ccaf-419b-b8e2-74d8f250f86c,2023-12-29,South,Technology,299.12,420.65
ffd8ca90-cc12-444b-bdcc-5163cf3b5aa8,2023-10-17,East,Technology,639.42,-70.57
17430eff-0431-4773-8544-3fb6ead24b3d,2021-01-06,West,Office Supplies,1952.38,-265.7
f5260cb1-29bd-44d4-b7bb-24ab7447b052,2021-05-08,Central,Technology,521.09,163.51
21e5259f-cc0c-419c-a973-6b1829d5039a,2023-01-30,Central,Technology,917.69,156.58
5f9094ca-e18e-463b-8d57-aef54aecb057,2022-07-15,Central,Office Supplies,69.74,-321.89
e0f0c823-d077-4d1f-b079-04e00ef92e30,2022-04-08,West,Furniture,800.48,-237.54
d4d1bf15-ea92-49d4-a9e0-d8c3b8e2e864,2022-07-24,Central,Technology,1146.93,30.61
8be5199e-e212-42e8-a91a-0e8b424a1f16,2022-02-26,Central,Furniture,1906.72,31.45
f55c6af8-c6b4-4036-baca-2a87766afbe7,2021-04-14,East,Office Supplies,1038.3,-87.17
79edf2d0-ead7-431d-94ea-18f51a01d224,2022-09-11,East,Technology,1640.02,-306.89
7ec4eb39-b0e4-40ce-a2d4-faa0a466c489,2022-03-04,East,Furniture,1098.78,-494.31
69f6a8cb-42ac-4bbb-9328-bb735234967d,2023-04-04,South,Office Supplies,91.16,761.31
d51878a7-c962-4855-9f4e-f5d61b1a5a06,2023-02-14,West,Furniture,636.87,726.55
2ed1027f-dcbd-4ef5-af8b-07d099c8cca7,2023-08-21,West,Furniture,1155.34,128.75
62e5b19a-0ccf-47fb-8382-79e7ecf8022f,2021-08-02,East,Office Supplies,1901.68,793.57
3a363b3a-8aa7-4eb9-a3cb-29bd5c1947e1,2023-10-21,South,Furniture,1719.67,375.75
70d21fea-eba5-4500-9f55-6ba6896d3a54,2023-12-18,South,Office Supplies,464.43,-410.49
781aee5a-ad79-4370-89e2-fc9e277230de,2021-04-16,South,Technology,448.02,-346.97
817b6767-56e8-4e7e-a5f9-79cda1010d68,2021-03-28,East,Technology,410.33,690.94
2e0c881c-1068-4337-ae5e-ccf7df4924f2,2022-02-22,Central,Office Supplies,1845.77,319.07
0a4434d1-994a-461f-9110-7df927d23eca,2022-09-23,West,Furniture,1706.81,596.14
c82d4afa-95be-4ff6-b4ae-5a44cd7b6acd,2022-10-07,South,Office Supplies,1552.02,667.75
64ea7b95-62a1-49fb-97de-b702b026d60a,2021-07-24,West,Office Supplies,791.54,82.32
b66db5df-4820-4942-88a5-9343c21ca2c1,2022-12-26,Central,Furniture,1013.72,-436.92
b9866767-81d3-4bca-aa34-23ed41357db8,2022-05-12,West,Furniture,934.02,-255.24
3f55f644-f278-4488-a5be-290abd4fb6fc,2023-10-08,East,Furniture,514.26,-413.46
30084a02-a090-4f90-bfc5-43c97c479df2,2021-01-28,East,Office Supplies,1015.01,-254.64
f0c3dc02-c4f8-45ce-92ca-910d738cf3da,2021-06-01,South,Office Supplies,70.69,33.69
1987e27b-2fb1-4e81-8b5f-b5b51388fee7,2022-07-07,Central,Furniture,272.3,-346.34
fab522e5-1600-4e9c-95a4-2c522147129e,2021-09-23,West,Office Supplies,1774.31,-283.25
753840d9-87ea-49f2-9e85-95360c11c74d,2022-09-23,West,Furniture,1505.84,79.57
3c573da8-0abe-40fe-8375-9222f74c72c0,2023-11-24,East,Office Supplies,851.51,-57.78
b0385cd1-fb86-41c1-98be-6c14b2675285,2023-11-24,South,Furniture,1039.13,107.96
eb10052a-cead-4e1b-aa7a-4ce68d843ad9,2023-06-07,South,Technology,746.3,57.92
ab6b897b-0ccc-441d-9d3b-9ac6be24af96,2022-11-26,West,Technology,1484.15,337.82
e6184043-f9db-40b0-a40f-1972ea94a772,2022-01-28,Central,Technology,1570.53,718.35
0caaf782-dae5-408b-b454-83ed12ed553c,2022-03-05,West,Technology,1528.94,-359.78
4a95c90d-7c17-4917-930a-835ddcea8b59,2021-09-23,South,Office Supplies,1448.0,-370.96
a118766a-cc45-45fe-893a-d01fb18ed96d,2021-03-20,East,Technology,416.96,608.65
26ab406f-9927-485c-b9bc-ae35eeba719d,2021-12-24,West,Technology,682.56,158.32
f8bc60bb-9677-4d4c-9a83-7f9e5a3ede12,2022-09-11,Central,Office Supplies,944.99,496.33
b1c72493-4077-4847-9e04-215a9e92b9d9,2021-03-28,East,Office Supplies,668.28,-219.95
517eb16a-9922-4b37-ad9e-b2d25adea2a4,2023-01-18,East,Furniture,1512.33,577.52
c3aa59ef-e5bb-4fb9-a2c0-7b0fbc374a1e,2023-04-11,South,Technology,665.41,701.0
2c33acb9-1a1e-4904-be76-3e5b1c011cb5,2022-06-15,South,Office Supplies,285.08,326.13
7e02c8c1-e7c2-4aa7-a460-fdd72cedc1f9,2022-03-31,South,Office Supplies,804.09,-362.36
4128b138-bf99-46e3-a347-8b41f2023981,2023-04-24,East,Furniture,1960.03,663.88
7453c9c3-8ebc-42b1-b866-5e813ff1254b,2021-10-21,East,Technology,459.5,530.23
5c57eb93-057e-4a6f-a9de-65e62e89a6ed,2021-11-10,East,Technology,1228.2,476.14
24f3984a-264f-4171-8a0d-08aedb6e82cc,2021-01-21,Central,Technology,871.62,-452.25
607b7b22-2d18-41d7-a02c-98871cecb536,2023-06-09,West,Technology,151.34,538.65
cf97b941-af62-4976-920c-7748addb47c3,2022-08-02,East,Technology,980.87,-320.66
a5637759-e10a-4c64-9752-800f42bb7890,2023-02-28,West,Office Supplies,1407.31,-210.9
313e59a2-f546-45ee-9999-6d9d61eb8774,2023-02-06,Central,Technology,1031.31,250.28
bc6699ff-bd73-4fcc-b1ff-18f9e8a541f8,2021-08-09,Central,Office Supplies,1745.49,-155.52
d10320a3-8a21-406c-b13e-3f6d0062cf68,2022-01-05,West,Technology,584.98,359.75
4a36acf1-f9e5-4053-b3cd-a586320c6b84,2023-12-07,West,Office Supplies,181.64,290.49
e090c65f-715c-4f85-8d52-9e8a4b5f9c24,2023-05-13,South,Office Supplies,1873.77,-359.41
4e02ffb3-04bd-4646-9561-2a4ae7a3d3fe,2021-12-02,Central,Office Supplies,762.61,352.82
7fc4bd3f-84c0-4bed-9732-bacd8090661f,2022-09-11,West,Furniture,1157.05,701.14
ec2597eb-9482-40ec-9966-80b38231f16b,2023-04-11,East,Office Supplies,1586.09,-290.56
76f1a8e8-455d-4614-8301-a06c54a1c8a6,2023-09-28,West,Furniture,655.38,276.18
02a49e9a-2a8c-4efe-8def-bf070553c66b,2021-01-17,East,Furniture,1435.17,-55.58
aee0ba17-9d25-4068-9fca-fb85dc34d926,2022-10-25,South,Office Supplies,279.48,97.5
af31dee8-81ea-4853-8415-a46760a55b8e,2021-03-18,West,Furniture,589.67,-126.9
c41e63d4-9cb1-4b59-9245-6606596fb6ce,2021-05-17,East,Furniture,297.97,-39.63
c9bbdda4-3080-4036-902f-4df3dffd1d40,2022-02-08,Central,Technology,1624.35,-462.41
41e39149-7f30-4761-b2bc-e91aae8f191f,2022-06-06,West,Technology,453.07,776.02
2e8139fe-e75d-4776-b3b5-ab5c9fb8d4b8,2022-11-23,South,Technology,1437.63,312.24
a86e45c6-a279-41f6-ad58-f5e065b2e4c5,2023-07-13,South,Furniture,1887.16,150.92
e0ad8c81-f297-4a6e-a8f3-0754358e5535,2021-08-27,West,Office Supplies,1060.27,-1.17
6a036e2f-5108-4482-bdb7-7a79990501f8,2021-12-22,East,Technology,1084.66,201.19
73cd3e91-2f5b-46f7-849c-230d3bb11ffe,2021-07-29,East,Furniture,927.46,-5.86
51a3dfe4-7962-45a8-bf7d-7604ebd92165,2022-09-16,Central,Technology,658.52,-32.12
e97c0337-28f6-4012-aba5-a631cb776246,2023-01-25,Central,Technology,956.55,103.13
047d4bc7-2753-4c4a-9136-8ea85bd3494b,2021-04-28,South,Technology,1209.59,-141.22
663cf258-e2c5-4f4d-949f-25e36b19b289,2022-02-21,East,Office Supplies,1972.12,-265.94
244a603e-156e-47f8-8af0-cf0c596b0c6f,2023-10-28,East,Technology,1876.15,223.59
071c641d-2242-4baa-9ac6-2e25cf3cc829,2023-04-06,West,Office Supplies,1725.68,595.6
b9a1f8c5-929c-4513-9e6f-46b9a77465af,2022-06-16,Central,Technology,1779.37,-301.32
97affdcd-26a1-4f29-a85c-ecb9ed6d216d,2023-02-16,West,Office Supplies,941.02,-457.45
52949fbd-1243-4159-9df5-6402492ca612,2023-12-30,West,Office Supplies,1318.31,-179.14
edced19f-f47e-4c3e-9d5c-0525ec8f3b62,2021-06-04,South,Furniture,1791.18,773.64
0ac33b9c-37e6-4aaf-a917-5c82c4c34aeb,2023-08-23,West,Furniture,791.97,577.39
50d8929c-5157-4f3e-9766-cd4326d18922,2023-09-13,South,Office Supplies,1923.91,274.63
94e17c88-b37d-4941-aa32-fd19c1e84c4a,2022-12-17,West,Technology,837.41,708.02
3e8e9f65-6f96-4845-bb8b-1bf766f8197e,2021-01-11,South,Office Supplies,1206.15,78.86
cff716ad-b85f-40e5-ab1a-a0c576990442,2021-05-29,East,Furniture,1422.51,778.26
2c1fd0db-689a-4f90-a550-0af12777a40b,2022-07-21,East,Furniture,1901.68,-114.81
4bf1d7a8-b904-4b4e-9f57-1ce3d3a085ec,2021-03-10,West,Office Supplies,496.79,-187.6
2e0cf801-f436-4b12-8391-ef93aa012ab9,2021-06-15,Central,Furniture,1494.8,329.46
1374975f-6081-48de-ae74-745d0af15cc2,2023-05-29,West,Furniture,1046.42,-8.4
9f9dda0d-425b-4476-a9ca-723755d145d2,2022-11-03,West,Furniture,544.43,314.28
ab37ff0a-a574-425f-86ed-eb1183ade32f,2023-02-11,Central,Technology,1555.45,-103.51
31ccd55c-18db-494a-96f2-ce968d1d122a,2023-08-05,South,Technology,1108.92,303.29
3918d757-1b62-4489-b94e-52be346b544c,2023-01-21,South,Technology,1325.34,-141.53
d9f0fa1f-c2a1-4a12-89ce-ab51a79a80da,2023-11-06,East,Technology,652.57,-433.74
92eae3b6-45c9-4b9b-8b29-fc3a0a5ac47d,2021-07-25,South,Office Supplies,967.74,685.78
3975864c-d9da-4362-9a06-e43988d094a9,2021-02-13,East,Furniture,1238.53,648.17
107187d9-2833-4002-9b04-9d89b451c12b,2023-08-18,East,Furniture,815.77,762.04
2d4177f0-156d-4288-a472-1ca1d1a4e006,2021-07-20,Central,Technology,404.76,431.49
f3234331-1828-4e61-a6de-fcafd9ba9cdb,2022-06-29,South,Furniture,1923.66,387.54
138664e3-c838-4cbc-ac42-e58bd42e937c,2021-04-25,West,Technology,1027.82,226.7
82e89b5e-4bcb-48bd-bfca-79d85f42cf6b,2023-06-07,Central,Furniture,1470.5,-336.27
1cd6cf0d-e228-48e4-a964-f172a9a9bd76,2021-07-23,East,Office Supplies,827.98,-253.99
2755d942-89cf-427c-9f5b-787eb6131739,2021-03-13,West,Office Supplies,716.71,-123.69
6acac286-8b1e-401c-af79-029edea6a37e,2021-07-05,Central,Furniture,820.26,657.2
66c64e18-fdce-4d79-bfdf-76ae89293c77,2023-05-24,West,Technology,824.3,-275.14
1a9e82f5-0228-4e49-a4c4-e73c4c46bad8,2021-08-29,West,Furniture,1092.92,699.74
87e504ce-1c17-4c69-9535-99c6c379b61d,2023-05-04,South,Furniture,1091.51,179.62
8988266f-8e67-47d8-831b-dc7053a3b34e,2022-07-03,South,Furniture,999.34,430.24
fd236d28-4f2e-4a08-a3b3-dfd00ef90bcc,2021-07-16,West,Furniture,278.22,-356.68
d650e1f3-2231-4476-8005-05394e3b744f,2022-01-06,East,Furniture,997.19,-150.26
0ae689d6-003e-4a09-ac78-dec5d639d8aa,2021-12-19,Central,Technology,346.52,746.07
91eca6b7-2d7b-4702-a365-798bcb6bb8fe,2021-08-21,East,Office Supplies,261.01,-154.01
eeb44055-ea62-4d3d-80a2-4679ed95e829,2023-05-28,Central,Office Supplies,1865.96,-114.52
86403806-a366-4154-b136-e9e57f71a837,2022-11-30,Central,Technology,1213.85,-243.12
504d39e0-d4f7-415f-be9a-f4fb7afe3780,2021-01-06,South,Furniture,1322.39,-332.2
bc9b944f-c6a3-45d4-93c9-6c608551e6e8,2022-02-22,Central,Furniture,809.57,-196.77
66d78e18-a347-4f18-a341-6840f5b3029a,2023-06-13,Central,Technology,1818.87,335.02
66383fa3-dec6-4e8f-b21b-76e3482202f9,2023-10-03,West,Office Supplies,1279.48,91.98
becfa316-c66b-4a01-8f90-1410bfba290b,2021-11-04,West,Technology,1540.65,219.88
b9668355-6f72-4b3c-9885-e9901e668738,2023-01-11,West,Technology,743.44,-340.93
a893b7e0-4bd3-43b4-b7bb-f1542119e1c1,2023-06-29,South,Office Supplies,1920.42,542.75
2412a2ab-9c4a-463d-9c9e-78442e27a7f7,2022-06-13,West,Technology,1642.72,519.32
cf048f3a-6fa5-49d0-ae1f-18acb701001e,2023-02-25,West,Technology,1709.36,-471.93
317ca102-1339-4f4a-add5-f00525139dd0,2021-09-08,East,Furniture,352.67,-1.43
b0af70d2-4e3e-4f5f-8461-2c712eda833f,2023-07-11,West,Office Supplies,549.22,-410.6
29c09a85-48c9-4572-8ba4-0fdb105fef51,2021-06-10,West,Office Supplies,578.4,529.74
378a91e6-882a-4ff5-80c0-63fc9c9a9d7d,2022-06-18,East,Technology,549.11,458.45
480a202f-1cde-4b69-b8fb-04f3cbbc04a3,2023-04-12,East,Office Supplies,1712.26,672.58
82d621dd-f00a-4b85-bc50-1ef8bb94c73b,2023-09-09,East,Office Supplies,73.45,-192.67
c5c19ddb-917f-4389-a146-02b4eac2e8ad,2022-08-01,Central,Furniture,161.44,93.18
1ca691e1-dda7-433a-b334-5e5bdca3aa0a,2022-05-17,South,Technology,555.09,-260.17
9d70773e-dcd9-469f-b897-59ef170d5c13,2021-07-14,West,Technology,407.75,-17.39
c2a663d6-d34c-41f2-a746-cfa4724eb58d,2021-05-01,West,Technology,471.4,178.92
9814697c-9c02-4145-968f-86586800155d,2022-10-29,Central,Furniture,1597.91,-430.67
934b45a8-4716-4e93-9ceb-5b43fa0d3875,2021-11-24,Central,Office Supplies,1130.62,429.33
a6d50103-18b6-45c5-86df-605bb0cebeff,2023-07-28,East,Office Supplies,21.48,206.28
32fc5015-b2c4-406b-8381-023f292faba1,2023-10-01,South,Technology,864.35,577.65
051852dc-8caf-4d2a-bc40-47fa1c6386f7,2022-11-21,South,Furniture,821.69,-146.69
6e96f611-e00c-44a3-b826-ad580e98686d,2021-05-10,West,Office Supplies,236.75,674.32
bcccd4b3-055c-4cac-a8ea-0d226c187782,2022-03-15,West,Office Supplies,1355.52,798.3
b4cb8396-2b08-4b7e-bec0-94b8b02d25b4,2023-07-24,South,Technology,1407.17,695.09
590bbfbc-0160-41c4-8ff8-a84c008ba779,2021-09-14,East,Furniture,1444.58,511.26
294a8a71-bf7c-4627-b25b-7c88efadd4b5,2021-01-31,Central,Furniture,1459.66,556.08
8b41bcd9-3182-4fde-962f-62e88a0bb8e4,2022-12-26,Central,Furniture,10.11,245.87
18ab202b-df7a-47b0-b044-f29765623354,2022-06-04,South,Technology,1908.3,-252.8
0be1bd38-a1be-4068-925f-38eb00fc3ce3,2022-12-15,East,Office Supplies,1630.28,380.15
4528bbd1-2df1-4e76-8f42-ce0a539e832e,2022-04-16,East,Furniture,1808.92,426.58
e62e54eb-878a-4369-a2e4-4a013e889897,2023-12-18,West,Furniture,41.13,781.0
007d3d37-b5b4-4dcd-8cc1-e0363c253eb3,2021-06-21,East,Office Supplies,1868.38,203.69
b069acba-8d9b-4935-9af3-80a4ef70f8b6,2022-04-27,South,Office Supplies,1621.48,-147.22
d7aae31f-6afd-4346-acc6-9033296e44d5,2021-10-13,East,Furniture,1676.07,388.77
a8f4c2dc-2bc1-4824-9dae-8912cf70ea88,2022-04-10,West,Technology,195.64,773.19
9c88f367-c46e-40a4-9086-b124c7422b51,2023-05-22,South,Office Supplies,1480.17,-269.62
65ea60d8-737b-4961-8f44-a6f10ffc93bf,2022-12-28,East,Technology,1920.23,-76.2
29fcd3e2-6ea4-4e17-b28f-c8c688b30922,2022-01-06,South,Furniture,1360.31,204.45
6fa760a9-c19b-4e2a-b517-6bfad298345c,2023-06-25,South,Technology,1145.42,-278.72
3a25be44-db98-4cde-be7b-15a3eefdf1cf,2022-10-03,West,Furniture,1891.8,-471.11
fe318a9e-8e49-4061-9805-aa2b2d6436ea,2021-09-04,East,Office Supplies,891.44,-61.92
df40ae0a-e1cb-4d85-b4f1-7153e3b89773,2022-08-22,South,Technology,1202.59,624.98
62a73ff5-e498-41a8-9c02-8ab78068f766,2021-07-22,East,Furniture,957.91,-443.49
f5b16d2f-e1fc-4171-8a23-792cac553173,2022-06-22,West,Furniture,1866.36,57.61
7bd0a126-d086-44d6-b6e8-d3bd342f4b08,2023-07-24,Central,Technology,161.41,490.86
15534416-bf3a-4509-a66e-cec56852833e,2021-05-04,West,Office Supplies,1007.23,739.14
1d3208db-a28f-47d0-9612-ad538172d09d,2023-03-15,East,Office Supplies,1377.04,781.12
8ad634a7-f6a6-4d7f-a190-28e4e21e2ae4,2023-04-28,East,Office Supplies,1585.89,48.56
d3c0331b-c002-4999-8fb3-0320e9bdb511,2022-01-05,East,Furniture,1170.21,735.5
65cc59d6-2d52-4b16-a709-9d55c49943ce,2023-12-13,West,Technology,1818.75,-453.96
6f1e2050-3f71-4dab-9ad1-36d67472bd84,2021-04-19,South,Technology,1884.56,469.69
c6e79a7b-f712-4813-8e01-009d8d59b363,2021-10-04,Central,Office Supplies,138.0,335.57
130aef28-f920-41df-8035-c5551bd12715,2022-04-12,Central,Technology,810.72,-175.62
817ed3f4-a9f0-4ec4-a7b1-85f6309b7234,2023-10-12,Central,Furniture,56.68,159.51
e66aeaff-337c-4ef0-a827-67c0ca85a82c,2023-06-13,West,Office Supplies,665.54,-331.58
2700b560-9bd8-4990-b786-834b39c1801b,2022-12-31,South,Technology,1078.37,633.08
d961cea0-8a62-4b5c-ac4b-7dbd1961da1f,2022-11-30,South,Technology,1822.48,-34.73
394b5576-f887-4d7d-bb28-b3b18212f5df,2022-01-02,West,Furniture,1694.64,313.86
7609c580-2fd4-4a8e-a5d0-6bcf596d88dc,2023-10-01,West,Technology,263.72,-293.59
db2be1be-ba73-4eb2-999f-46ebbcb760a9,2022-11-06,West,Office Supplies,195.13,-231.99
534b3dbb-7a14-430b-8742-45861034794e,2022-12-18,Central,Furniture,1182.64,789.54
bc7d0e39-c3a6-43ce-b019-eca2b54fae0b,2023-01-16,West,Furniture,1068.91,479.01
67f396b4-0510-4ebf-b347-fd7bf0e3b50f,2021-09-24,Central,Technology,540.09,750.56
7e35cb46-7b76-4a50-a549-84aef3e205de,2022-02-05,East,Technology,1799.91,-115.39
0b1f7526-a690-43d0-9850-147b62b97bbf,2022-04-07,South,Technology,1855.46,-286.07
b92d933d-a10f-43db-8169-9add6c286e65,2021-10-25,East,Technology,811.2,153.99
2ac3aafc-94fe-4779-9355-652e5ec7a8f6,2023-09-14,East,Technology,1781.7,143.07
ef30681c-e61b-4afc-a282-84df019b2b5d,2022-04-20,West,Technology,774.06,-272.57
db36840c-19b7-4aaa-85cc-2c2d89c93243,2021-11-03,Central,Office Supplies,1476.27,453.19
3f532270-4432-4bd0-902f-1905a778f14e,2023-09-06,West,Furniture,957.13,-29.69
209f9f95-9f04-4dd0-9337-27c0c533fd1e,2022-06-17,East,Office Supplies,253.94,-257.73
f4dea863-71d0-44fd-9b50-9cd77793231f,2022-04-18,East,Technology,1856.59,-68.42
eb108621-75ec-4919-9de5-388868e57a79,2023-08-26,East,Technology,913.65,232.76
5a332b7d-1c54-4db8-b1dd-fdbb80cf9dc7,2022-12-20,South,Furniture,1471.63,444.41
945dbe02-6b43-48f5-97ea-6d52f84dca4b,2023-03-18,South,Office Supplies,740.68,126.46
3f381a63-a4ac-4176-8882-7b82da6d33da,2023-02-09,South,Technology,47.57,183.27
5995e5f4-4c85-45c1-b159-f8a48a802429,2021-09-13,West,Office Supplies,210.06,-319.37
bc033a02-2d9e-4145-bf5a-c17aa926550e,2023-07-27,South,Office Supplies,997.48,689.1
b7584252-fd9c-4d09-8442-46cfacf14cbe,2022-08-08,West,Technology,1383.03,707.34
b3953089-2692-47e6-bb5c-c587d2689ad4,2022-07-17,East,Furniture,676.12,388.45
b2288b79-5e5f-47a9-a07a-93ea640ac369,2023-01-11,West,Technology,1394.02,-477.08
88ab7afd-6635-4eda-926c-f96cf40e285f,2021-06-21,West,Office Supplies,1400.28,198.2
9c9425d8-2bba-46f4-8383-1cda626cc54d,2022-06-09,West,Office Supplies,1410.83,317.98
d455b87e-9322-4023-9a99-5017deb04c83,2022-09-23,South,Office Supplies,990.12,793.05
72be5fb8-52dc-483c-a36b-f12c181d8b09,2022-04-23,Central,Office Supplies,1830.62,794.89
81d9cff9-9de2-48ca-8edc-3a083442853a,2021-12-13,South,Technology,983.5,614.89
f3d210db-e41f-4a4b-90c4-e57a97da6c23,2023-03-17,Central,Office Supplies,906.03,-417.02
39385322-537e-45ed-97ea-efa6299a19fb,2023-11-17,West,Office Supplies,406.77,739.26
6f6656b4-abd1-4dd5-85d8-1a459a3336ee,2023-10-03,Central,Technology,622.23,296.46
c395428a-024f-4385-a2ef-2b77a0d69a59,2021-03-08,East,Office Supplies,94.25,541.15
e2f7da51-4c40-4716-bcf8-fa8f71c01cb1,2021-09-01,South,Furniture,1270.74,29.35
9b9abb6d-dc95-4d75-944f-12fc22f1e7d4,2023-08-11,East,Office Supplies,504.59,-84.43
a09d63de-44a3-421a-b1ee-ea5105c0e8c6,2023-06-07,Central,Furniture,615.27,102.22
9e0a294e-c3cc-4aac-a489-41f479a55d6f,2021-03-14,Central,Furniture,1543.92,-309.06
fd0be52c-971b-4682-ac4d-181069793532,2021-12-18,West,Office Supplies,661.17,-35.81
c3b44bae-101c-4fa0-8df4-8d1fff3c6eb0,2022-02-24,South,Office Supplies,491.97,614.9
6577aba9-9e65-49a5-92f7-d82a70186dce,2023-04-10,West,Office Supplies,346.42,-450.66
00fc21fd-8ffb-4c0f-8587-29f37c03af35,2023-10-03,South,Office Supplies,1551.97,-303.86
751095ed-9864-4c1a-8827-1dd98da18439,2021-01-30,Central,Furniture,268.12,-337.35
7f7eedaa-ae01-4882-af9d-cdf04e9720a0,2023-09-23,South,Technology,912.97,24.0
af826da0-5a18-4557-8f24-73da4141c9c5,2022-04-07,East,Office Supplies,1018.79,796.08
48c31385-922b-46f1-99c1-75fd9e28984f,2021-07-14,West,Office Supplies,1377.91,-274.63
f41facd1-1344-42f6-869a-cda367d73e57,2022-04-01,Central,Technology,1270.23,-310.87
9bb718a5-cd7f-4010-b18b-eb4e8251afd9,2023-01-02,Central,Furniture,1623.33,689.57
4d617ffb-d8d3-4c89-810a-9f84cd4ebc4b,2023-06-22,South,Furniture,99.06,646.67
3e16918f-7648-48d7-a934-3f601ccfb86d,2022-10-13,South,Furniture,599.92,-458.09
84dc5e33-7555-4a6c-96c1-de5749fa485d,2021-03-20,Central,Technology,567.47,477.22
34cd510f-57e6-4df9-a142-070ef197e38d,2023-09-01,Central,Furniture,300.57,352.11
8953cabc-94de-420d-bbaa-e0a4660f1b0b,2021-02-17,West,Technology,585.46,498.06
ff4b3804-1b58-49fa-8880-f906cef516c8,2021-03-19,East,Office Supplies,626.43,142.85
95935df6-c6c2-46af-8aff-e799617d7629,2023-06-01,South,Furniture,1048.55,788.79
4a3e7903-43e5-47b9-8728-04aa88a0d69a,2022-03-22,East,Furniture,1330.77,-443.0
9adc8fe3-cad6-4b77-8287-413950e7ceb8,2021-01-15,South,Furniture,768.39,-195.32
83c7f1d9-a3d7-4d9b-a9b2-97702aaa9394,2023-07-24,East,Technology,1441.75,15.51
0289a49c-e036-400d-a4fd-da37ce635ae0,2021-04-13,East,Furniture,678.97,84.71
1e46c88e-2bc0-40e4-b700-942853a0730b,2022-10-13,West,Technology,587.66,697.78
0809c464-fc90-488a-a33b-b3e0d5f00f27,2023-12-22,Central,Office Supplies,1086.96,228.01
f60fdbf2-23b8-4542-a602-3be329fda256,2022-07-05,South,Office Supplies,57.2,-441.36
66747987-658e-417a-8a01-7177756c1d0f,2023-01-21,East,Technology,168.78,30.22
e6d7e558-9a11-4c5a-8d89-57fb4a357184,2021-12-21,East,Office Supplies,841.76,41.44
8b5b73df-d701-4ade-84a0-c5990fab3b92,2023-01-13,South,Technology,1886.4,755.14
d5647056-88de-4047-8543-646b2ddc3792,2022-10-07,East,Office Supplies,1445.81,278.96
1ab84c1b-8524-4095-9bcb-31f340ae802f,2021-07-17,Central,Furniture,185.37,326.35
8e687e83-0023-43a5-b8b0-42dac52a0570,2022-03-24,West,Office Supplies,1694.17,427.23
8e382a3d-92b8-4f90-8a24-cbe1e0941981,2021-09-18,South,Technology,1467.28,501.05
cdf392f9-aa6c-4ab9-9ffb-ad3730a0d16d,2022-09-22,Central,Furniture,1225.78,325.57
4e1c6d6a-7b82-4f4c-9473-04460a88bdd7,2022-08-17,West,Office Supplies,1642.38,-191.65
8d129c6c-8a75-4c6e-9096-f682aab09b08,2023-12-15,South,Office Supplies,814.18,636.26
bca50ac2-9852-4535-9e6d-3d623ca97d02,2023-12-14,South,Technology,450.79,451.76
dac7bffa-d55a-4290-830c-a1a07946293c,2021-08-04,West,Office Supplies,1028.93,464.43
8da72e1a-1b21-4b27-beae-0fb8be56db4c,2021-07-15,South,Technology,1102.2,795.52
dd90fef2-fbf7-4d20-aa7e-95d258fe79a1,2022-07-23,Central,Office Supplies,1081.27,543.28
ecea934f-263d-479a-83ba-c96e3c8f5a90,2022-02-11,Central,Technology,1134.5,577.9
5edce3b7-c9ce-462d-b273-b748f5cb2af8,2023-07-12,West,Technology,1897.92,736.83
0029691e-0c18-4305-8341-f831ea4a742b,2021-08-27,Central,Office Supplies,1805.47,-303.53
584c3ee3-adfe-4110-8bc1-b150367d9aad,2021-02-21,South,Technology,1752.68,147.05
adc77c49-c280-4fd5-a3ef-c4d9b85f4790,2021-12-10,South,Furniture,1604.82,254.74
e37b9630-9798-44e0-9a11-0a4f673e79fe,2022-10-03,Central,Furniture,1887.42,-71.94
5b1bab8d-98b0-4e7a-874f-555dde9389de,2023-07-21,West,Office Supplies,206.0,591.22
e941cff1-046c-425d-b40b-d8b6a521f3ae,2021-12-25,West,Technology,537.6,491.15
632cd092-5b80-4397-b347-e18df7dea35a,2021-03-24,West,Furniture,995.16,437.15
42d4c734-8ed6-4860-98da-fb7a4af3e1d7,2023-07-14,East,Office Supplies,1694.6,796.29
d351df5f-310b-42d7-90b9-ae31c46ac405,2021-05-12,South,Technology,1015.28,-162.8
aa3b3db7-8a96-4857-ba8f-39237032c8e2,2022-02-21,Central,Technology,1498.59,456.09
4b50045e-fd93-44a1-a5af-12b1d83c575c,2023-09-05,South,Technology,286.53,216.83
0d41de26-91c9-4644-b2e6-3a676e971b5a,2021-04-02,South,Office Supplies,512.3,-93.11
e9faa206-7ad7-4ad5-82dc-09c180ade83c,2021-06-05,South,Office Supplies,1466.23,-291.24
a754251d-04fe-42e3-a98a-470cb894550a,2023-11-21,West,Office Supplies,337.82,664.65
29788933-78db-404e-87e3-c9551e49e6e1,2022-05-31,Central,Office Supplies,709.2,274.09
cdbbbc7a-a48a-4be5-a0d0-dacc6a1917c8,2021-08-19,South,Furniture,537.08,572.41
a18abfa8-1ced-4991-87fe-b08e08f07b8a,2022-12-27,West,Furniture,706.22,208.95
5f5310d7-6d7f-40cd-b43c-4990c007e123,2022-01-11,East,Technology,1419.56,-214.03
0c2fded5-1f74-409c-b01c-5226e3786121,2021-06-18,Central,Furniture,742.02,-61.19
4bae2c00-eb3f-4202-8579-609a3b1dfabe,2021-06-26,East,Office Supplies,1114.97,-4.0
4087550b-f80b-4a34-b31f-24084d927676,2022-12-16,South,Office Supplies,208.86,764.82
f02a1b37-9865-496f-99f8-d29021abbbf2,2021-10-14,West,Furniture,1611.99,-492.68
4635d22a-7be4-4393-a4b5-83300b1378a1,2021-10-11,South,Technology,746.08,781.37
6c04399d-f466-444b-97cb-2f2eaa4ed133,2022-09-08,Central,Technology,1300.58,774.6
669f5e4f-eddb-4d45-a702-d3cb8f021e9c,2022-04-28,South,Furniture,1453.53,795.0
2a329b37-5fcd-49c7-aaa2-c166d1893aba,2021-04-13,South,Furniture,427.23,119.56
60b97459-09e2-456e-b0a3-be304d06b31c,2022-02-06,South,Furniture,1770.5,752.95
20448d4c-c732-4a9b-8992-e0cc244a9ac8,2023-02-03,Central,Office Supplies,1236.29,14.28
581d0820-e900-42ed-92d7-ed321de883ef,2022-05-25,East,Office Supplies,863.16,-465.82
df4b4c19-6faa-439b-98ec-5b6a9c7cf745,2022-10-17,East,Furniture,372.85,-208.35
eeb450c8-50bf-4860-a30d-a62a7a49ae9c,2023-06-07,South,Office Supplies,1885.18,728.89
2f2a2499-2da2-49cb-84a3-68646ceb9d92,2021-01-20,South,Technology,1512.59,-482.11
1ff868e7-2e48-495b-9ae8-6239f05e6b17,2021-01-18,Central,Furniture,423.97,209.79
3c64b7e5-54ef-4054-8206-ad9d9be6aa29,2023-09-13,East,Technology,682.04,-401.72
a5c3a0a9-a29c-4dbe-ae8f-0a8837280c98,2021-04-13,Central,Office Supplies,1621.25,-127.68
cb0a7314-7088-4b5b-8b7e-40bda8efa221,2023-03-22,Central,Office Supplies,1394.4,-385.48
4eab6bdd-7fb8-4b3e-8234-e83e0786bad1,2022-02-18,West,Technology,1533.91,617.39
4db70660-6388-4dea-a698-a3767afb83cc,2021-07-15,West,Office Supplies,887.99,268.39
c91463ac-af4a-4f31-89df-f7488a8b0677,2023-08-07,Central,Furniture,1435.79,672.74
390bde0d-98e7-492b-9f53-5718535fc8cc,2021-12-13,South,Furniture,779.12,394.86
2bb47785-5385-4e02-afe4-0ae899ccdde6,2021-12-04,Central,Office Supplies,430.41,762.34
d15a1b21-d2f7-473b-991d-49fa18acf173,2022-05-28,East,Furniture,1269.03,162.84
50029c14-39a8-4a83-88cc-f7ad3b54a3f0,2023-08-07,East,Furniture,1952.27,330.32
14f32e9b-d497-4ff6-bd35-960301903474,2023-03-31,East,Furniture,628.1,249.2
55409902-4997-4fe3-a31e-388af82dd1f5,2022-02-28,East,Technology,927.33,129.54
1a04409f-37d9-4c58-9902-bf0bba891427,2022-11-28,West,Office Supplies,1351.26,599.75
dca261ea-d432-416a-b396-9a862a8daa45,2022-04-21,South,Technology,1087.6,337.88
00d9dc89-0e6d-42f9-988f-00a8e643b83e,2021-09-12,Central,Office Supplies,1688.42,541.71
20b2a35f-64f6-42b5-bfc7-6ec5bdb3a39d,2021-09-03,South,Technology,1525.87,522.27
17664a5a-f24e-4477-af51-5686a88db0f3,2023-06-13,East,Office Supplies,126.01,-251.64
ede652f5-1167-41d8-9e71-a4acee367214,2023-04-17,Central,Technology,1996.86,345.21
3ca0cbd6-78e8-4f15-8775-3db0b795e838,2023-09-18,West,Furniture,1507.28,-240.46
24a7dce4-a3dd-4a45-875f-7f94ec529f2b,2022-01-12,East,Technology,1729.17,258.32
7ea19c4a-769b-4641-b84c-0ee5a2206dd1,2023-10-03,South,Office Supplies,1305.88,380.67
454c976e-c5bc-40a9-acf4-090928349f05,2022-05-17,Central,Furniture,1714.01,796.41
bb4400f1-8baa-4ca5-a47d-5fb6893bfecf,2023-08-16,Central,Office Supplies,233.64,-460.3
8e416029-58b4-4e1d-9e13-87b03f12cf6c,2022-10-11,East,Furniture,702.0,-381.38
523c0ed4-acd3-4c0b-b65d-95c2522c12e1,2023-11-30,Central,Office Supplies,1754.08,-399.87
2e52635d-2bc4-4319-9321-1cf18ddc5f0e,2022-10-08,West,Technology,411.29,17.87
2b998363-4e26-4d3f-ab28-efa9959ee77e,2023-12-14,Central,Office Supplies,165.7,568.06
23d34fb6-58a5-402e-9779-87b7ae6791cd,2023-01-18,East,Furniture,1578.36,597.27
19f58e82-5008-406f-9bf5-aafeb67a3c07,2023-01-11,South,Technology,1672.62,458.07
809a794c-fa3d-4527-9d9b-a45067f4df95,2021-05-09,West,Office Supplies,333.68,665.94
9d6d37c7-5e45-42ec-bd3f-b84a53e39b1a,2022-07-03,East,Technology,1710.15,-80.28
0e03622c-110a-456d-b2d9-32a41583367e,2022-01-23,West,Furniture,1376.67,-385.4
8772a3ba-0d5e-4574-aa8e-81315603534d,2023-07-14,East,Furniture,1044.96,-424.4
5cff7279-0c12-4a1d-a300-df89da07aa8b,2021-01-31,East,Technology,1662.2,607.77
4221ad1e-17be-460d-996a-d4754efac302,2021-09-20,South,Office Supplies,844.31,449.57
44ed3d94-4ea8-499e-b440-6c5f72bfa693,2021-09-16,West,Office Supplies,396.05,408.2
5dba2337-c3c2-4248-baf6-527f78bbd251,2022-11-01,South,Technology,576.86,-58.42
c5ba8420-5b4b-4466-b6fe-b3a6a37d299e,2021-09-12,East,Furniture,1015.28,-6.12
dfb44eef-7038-4338-8c2d-189b2422262e,2022-04-13,South,Office Supplies,1067.35,745.55
da69aa76-be4c-4dc5-bb57-40e9876796d9,2022-12-24,Central,Office Supplies,1613.11,-417.05
d550f98f-1cb4-40cf-8bb9-536fbb74a62b,2022-01-03,Central,Furniture,1584.79,505.85
1e7c30a0-7614-47f3-9817-3ad5ca1ac0b5,2022-09-18,West,Technology,1166.92,-97.48
b3cbc1c4-4cdf-4ab5-94a0-f4355b3d7f2a,2022-05-20,South,Technology,1563.76,-449.23
759f52c9-9232-4a95-bae0-1ea2ce4771b8,2021-01-17,East,Office Supplies,391.63,465.34
d8ef8f09-4a15-41ff-828c-92a6330e6bd9,2021-03-08,Central,Technology,109.63,-69.81
0961b319-3403-4f08-9a60-7945e6bbba9e,2021-11-12,West,Technology,1748.53,438.79
82b3158f-7d03-4875-bb3a-ef0a5557bd35,2021-08-11,West,Furniture,160.35,419.95
31faf7e0-38e5-456d-87c0-c4df88c8e83a,2023-07-30,East,Furniture,500.91,195.22
6bd95a4f-37bf-4cbd-87a4-53041ff3a9f8,2023-05-25,West,Office Supplies,1393.68,510.59
1192e4dc-c99a-4a60-9fb4-6e9e15490c7e,2021-01-25,West,Furniture,824.8,255.35
d353db1c-3d59-4f7b-b377-4ed1b039ba0d,2023-06-12,Central,Technology,1753.86,-127.37
99d2f7f2-eb1f-483e-856b-1c79a4f17bc1,2021-02-28,South,Furniture,602.98,454.35
efb3eb37-6d57-4fd7-aea5-f54bfafbb18e,2023-12-29,South,Office Supplies,33.62,265.88
818b0652-7974-4626-8352-a5d609954fc3,2023-09-16,West,Furniture,608.3,-483.45
cfe4ce7b-2cd2-4623-a3be-6d6c88f25856,2021-03-28,East,Technology,1160.37,672.14
5a45b8cc-117d-4f63-8e8b-84ebe9e24240,2022-11-03,Central,Furniture,758.12,209.34
8b160a4d-7adb-490e-ac91-0cd0cb5e0dab,2022-04-12,Central,Furniture,1074.4,629.22
49058e12-0277-4141-b240-ab1579a7e05a,2022-12-06,East,Office Supplies,1754.43,647.56
2f17a43f-6f4e-4891-8e0a-c6f5d3c40794,2022-09-24,East,Office Supplies,1825.85,78.46
503ef9cb-1006-47c7-af2c-65fa50e363d5,2021-04-15,Central,Furniture,539.29,159.96
b106c45a-71f6-4ee9-9f4a-47062e795ba5,2023-09-29,South,Office Supplies,929.66,40.48
d4ec675d-53a3-439e-a899-98d64e444af9,2022-04-30,Central,Office Supplies,1102.8,84.27
53d2f38a-ed34-4d55-b673-f569a9305695,2022-04-13,South,Technology,1898.73,663.69
cfea3a8f-7b8d-432f-b9f7-113dba9bb777,2021-08-15,East,Furniture,1997.25,524.59
0cccf76f-8309-4e3c-88c4-89bcce4766d1,2022-12-03,Central,Technology,478.46,-335.52
dd0cd405-9084-46de-830a-d57d19fdaf3b,2023-02-21,East,Furniture,1456.69,293.4
af80ccb1-6cc3-4925-9b32-92fd1b7d405e,2023-01-30,East,Technology,762.28,794.68
477ab887-4ae3-4a94-b020-366c7a7634b5,2022-01-23,East,Furniture,26.14,274.22
166e6aeb-7f1e-41ea-a1ab-0704de8e2646,2022-05-20,East,Technology,28.41,521.63
be07d0c9-7154-4572-baac-3fd3bc376bf5,2022-05-10,West,Furniture,926.53,499.78
97ad6a67-299f-4047-aefa-dcfa60ff9567,2022-02-08,South,Office Supplies,981.79,-44.59
eea0e30e-96be-452e-a5c1-efd6cf1f5a98,2023-10-21,South,Technology,54.91,-16.6
3977c6c3-4f75-4392-bca7-e61410b7ca01,2021-03-23,West,Technology,1376.99,441.3
22f50db1-6563-47d9-904a-3a7335bc040f,2022-03-18,South,Technology,595.07,149.98
41c7a406-9359-4b5d-9ac7-25209670efb3,2021-10-01,West,Furniture,1124.19,241.74
cb3ada7f-a10d-4623-a046-2998e37f24d7,2023-09-24,West,Furniture,608.83,426.78
e7f1ec14-f8bf-491d-8311-fb266e153de8,2022-01-22,Central,Furniture,342.6,510.85
966925ed-9c0e-4e5e-8d7b-03695769993c,2021-07-14,West,Office Supplies,820.28,-147.03
076c1833-ca50-4117-95f9-6dfa933ac61c,2022-09-15,West,Office Supplies,472.22,-309.17
0c586c0a-1cb6-417b-8974-52d8b082a958,2023-08-20,Central,Furniture,1074.25,-120.67
571cdfbf-8dd9-4b83-9877-c24c8842955a,2023-02-05,South,Technology,405.67,159.8
04579d6f-93d3-425a-ba56-04b37acd003a,2023-07-20,West,Furniture,1021.73,-55.22
d52939e5-3be4-4056-a7ea-6db48802bbd2,2021-08-12,Central,Technology,323.18,238.87
57232faa-b578-4525-af0a-c5d6ee5e1fb5,2021-04-06,Central,Furniture,1345.24,-430.49
15c18944-b44b-4731-985f-014a29e9efa2,2022-11-04,South,Furniture,1510.34,162.68
a9dfcc0c-68db-46b3-982d-f0788a51451c,2022-11-19,West,Office Supplies,229.68,-21.62
4998ef25-e794-40ee-8a5e-d28785a63296,2022-07-19,South,Technology,940.93,195.07
63ce0666-4b78-4b1f-a68a-84572b924e09,2022-02-20,South,Office Supplies,151.03,49.29
83bccfa8-f019-49d0-bc72-873246e53c29,2023-06-06,West,Furniture,1200.38,-130.51
9e876040-4c2b-424c-8446-a29ac6c753a3,2021-12-15,Central,Technology,536.16,675.34
d6e11e55-e6a4-443c-b06c-fdb6c046f297,2023-08-25,South,Office Supplies,1059.97,-259.81
7533c4df-b964-4bed-9d75-5e6cab84978c,2021-11-02,South,Furniture,1039.75,385.78
2bb2c51f-7023-4aca-9ee6-fdea9534ee94,2022-04-21,Central,Office Supplies,1849.47,702.04
5ef59cd3-e078-42d6-a92c-b8ed8fa05149,2021-12-26,Central,Furniture,1102.68,200.27
7d82e0de-e3cc-4771-866e-f0cdd2ea243c,2023-11-29,South,Furniture,1170.17,639.33
922e047f-b5c1-4af0-a296-884f541eb2a4,2023-06-12,East,Furniture,809.29,-337.69
205cf4ec-8518-4eb4-8115-761359393a5d,2022-09-14,Central,Office Supplies,1898.67,141.93
1c751ad4-bdec-4a9d-84b0-249af208deed,2023-07-02,West,Technology,1556.6,94.13
2ddcc829-0d24-421d-97a3-5108d7b3c866,2021-01-30,Central,Furniture,577.96,-489.45
bec4ee08-70ec-49c4-924b-035f24b9be69,2022-03-07,Central,Technology,1689.98,76.23
89efa861-bb2b-45a2-b677-7d6d95745ff7,2022-05-12,West,Technology,870.47,-20.26
a99e7d01-e5ae-41f3-a90b-98109bf4b57d,2021-11-26,East,Technology,1659.05,370.74
12f04460-d6ad-4137-a196-5413d881a73a,2023-11-10,East,Office Supplies,1647.55,719.83
876080e1-4c9a-499a-a33d-9eb3d1eba173,2023-07-06,East,Technology,385.85,-388.47
9bc27450-a3a9-4472-b002-0f5e8a5acb4d,2021-10-12,Central,Office Supplies,1405.27,-74.28
e61219b5-73ac-46e1-9c21-0944e84511a2,2023-12-07,South,Furniture,588.38,77.28
ed1d6d27-03ae-4a62-b64d-a24314faa0f5,2022-06-23,Central,Furniture,602.01,91.74
877477ad-94a2-4b24-8028-286b5402b337,2021-09-29,Central,Office Supplies,599.73,507.25
433fca8a-f72a-4b7a-aa78-b0884c9b9009,2023-03-09,South,Office Supplies,1453.88,76.41
19504cc0-cf96-4bfa-9427-becdece9abc0,2022-12-30,South,Office Supplies,467.35,-464.69
ed0c082b-cb78-47a9-8410-710eca3761d2,2023-05-17,South,Furniture,11.8,423.14
c2b35e09-7f10-4f15-acea-8e8a34c3ab73,2023-12-14,Central,Office Supplies,1433.32,650.28
feb2ac4b-85e8-40a2-a8ed-a191dfb48b5f,2021-12-12,South,Office Supplies,350.66,168.08
1ad4e764-85fb-44a6-bb67-24376426e700,2022-06-04,West,Technology,217.92,255.44
37b71c72-b9e2-46e0-aea6-4fad153f7fee,2022-12-11,East,Office Supplies,482.66,-288.18
8735b2bb-35bd-41ea-8799-6e3ba360c4cb,2021-11-04,West,Furniture,766.0,-213.16
6f35fae2-c082-4f39-977a-e5a180b6068f,2022-01-21,East,Furniture,957.05,-194.28
c67e0a01-1d34-4563-894f-f117d952e7bc,2023-03-05,Central,Technology,98.69,59.96
9c18e0ba-3eea-4cf0-93ff-d1ea14f872f6,2021-06-03,South,Furniture,1941.44,706.59
d5942bb2-7ddf-4270-bc60-037efc6f2e6e,2021-12-10,East,Office Supplies,1434.97,178.32
f1fc8f26-466d-49a5-946c-e13089ecde94,2022-01-18,East,Technology,653.16,-250.27
02e842bb-9391-4c8b-9628-c13eea9b85eb,2021-01-31,Central,Technology,644.21,-154.09
bce642a4-05cd-4d7c-9231-6495e333b8d0,2023-01-18,East,Office Supplies,902.6,-0.78
eabb42d6-a81c-4995-9e00-801dcb8052e1,2021-12-28,West,Technology,1256.23,310.24
b85acaf0-d7fd-4197-b750-6c46ddd0bcc0,2022-03-07,East,Furniture,301.28,72.04
2abb8747-d88e-4b86-a159-b48192a6dd56,2022-06-13,West,Technology,385.97,10.18
77cf865f-71fe-4889-9af9-469ad55957c2,2022-01-22,West,Office Supplies,1720.27,234.15
50cca99f-5ed2-465d-8c07-cdc393bc506c,2023-09-05,West,Furniture,519.95,-185.61
6cdb930c-dc87-485e-8f6e-1e3025d6ad40,2023-11-22,East,Furniture,766.59,-397.43
352d855e-95cf-4d81-ac47-016cecb359bf,2021-11-20,West,Technology,1743.83,-468.26
5fa8c28a-ca10-4941-92b7-828638942fe2,2021-03-20,Central,Office Supplies,1329.66,-173.36
a830b0ba-d43d-447d-a0c4-e0f916e4e6e7,2021-10-08,Central,Furniture,690.01,-380.93
89d8953b-812c-4a6f-be98-703f50261309,2021-12-24,South,Furniture,1370.56,-62.76
b8cf3f6a-c129-4e67-854a-778bc0383a81,2022-10-20,East,Furniture,49.17,504.81
030b23db-bfbe-4ca3-b610-350b76f53b65,2022-04-27,Central,Furniture,1473.93,431.18
5183c54f-ab3f-431b-960c-e979c4d0388b,2021-06-07,West,Furniture,979.16,294.21
65022273-ac5f-4726-a064-b2a131f5ee86,2021-10-05,West,Furniture,1628.23,608.25
1f1d1b20-be91-4d2a-bf02-4c09051d1800,2021-08-25,West,Technology,1909.73,-133.31
c98a2fa2-3dba-44d7-935f-52da1f324096,2022-04-01,Central,Technology,1852.32,650.57
3fa58bda-02ab-4229-946f-192895a155de,2023-01-09,East,Furniture,1819.44,19.01
202a9ced-885a-4b35-9b8e-e298f561f4c3,2022-01-29,Central,Office Supplies,1029.22,21.16
796c6ae6-fc19-485d-92d1-3d77da532699,2021-02-03,West,Office Supplies,726.68,26.96
ddbb5298-a575-4dda-a268-1c704eb00c3d,2023-09-12,Central,Office Supplies,935.42,-372.48
3e4c23fb-1f0b-4094-997c-e0cf50ad9cd5,2023-06-05,West,Technology,1382.89,768.14
92ef8d59-0ad1-47b6-ad35-20b7b937c04f,2023-04-17,East,Office Supplies,1769.16,-319.94
53fdb674-87f7-46a9-b0a9-5fc90f1f43a7,2022-08-05,South,Furniture,421.9,-56.85
19df5a16-cc2f-45ed-88f6-8352d38bca4e,2021-10-24,South,Technology,1837.2,-84.91
1f7e09de-b799-48b6-8095-fa69db07a2a9,2022-12-14,South,Furniture,1632.21,-402.92
0f9d7819-53e6-4977-888d-5d8d0aef77ed,2021-09-02,West,Furniture,1957.92,-302.06
36514258-4ca1-4720-a2b8-952ee11b1719,2021-03-27,East,Technology,1761.7,-441.68
66849b64-34e2-41b8-b606-9f22b6f23b07,2022-01-11,East,Technology,567.08,-119.87
eec335f7-57df-4c9a-a7e0-fe2511d67820,2021-12-24,South,Furniture,220.85,626.65
87eb0127-c979-4f8f-8b8a-051ab27913d5,2022-06-23,Central,Furniture,233.36,-58.73
c1ed3940-610d-484a-b4a4-ed3c7f0643ea,2021-03-11,South,Office Supplies,589.53,-339.2
709b5f65-ea3e-442f-a3cd-ec8466ed34e2,2022-05-19,East,Office Supplies,1232.23,339.4
59430636-b0b1-49f7-b78f-78da14308e24,2021-04-23,West,Technology,1610.6,795.58
66a4372a-997e-43d1-b87a-d8968278e194,2022-09-14,West,Furniture,1799.51,-197.98
5a6d4596-3580-47d6-bece-ff5e917f61b3,2021-03-16,West,Technology,1251.27,-136.56
0f735617-9e61-40dc-8c69-21373df359d6,2021-07-14,South,Office Supplies,21.21,763.4
5578126e-a06a-493d-81d2-3fc9b44df4b5,2022-01-22,Central,Office Supplies,380.77,-267.59
dfb2591d-f9b5-41db-925e-acaf8b67cdcd,2021-07-25,South,Furniture,208.46,164.58
f8930a13-d770-47c8-8053-9b74fa00a281,2022-05-23,Central,Technology,733.02,-188.45
a203b5c1-5de1-4be7-9721-04cb6e21b4a2,2021-05-29,Central,Office Supplies,1007.69,712.06
aa68a301-734a-494f-8ab9-e0dff4a3ee30,2021-02-14,Central,Furniture,96.36,775.98
55957cd1-a691-40e6-9600-b3cf3f0e3075,2023-01-28,South,Technology,703.47,559.11
602596fb-d206-4a87-a2c6-0435dc5bb24f,2021-05-20,West,Furniture,366.57,-90.78
916efd7b-7cc2-49b7-95b4-59923d49e4f8,2022-07-22,East,Office Supplies,1297.67,24.53
ca33dd84-58c2-47f1-9b68-d4ee2f9997c3,2022-07-08,Central,Office Supplies,933.9,-185.0
613c9847-19ec-4e51-9d9d-dee1e09189f1,2022-05-19,South,Furniture,995.68,657.99
f4de6a69-6494-446a-bf00-5dab4a490f80,2023-04-11,Central,Technology,861.11,688.93
a8f75fed-0ae7-40f7-9d0a-afe2adc8a219,2023-02-14,South,Technology,1912.48,44.53
e9382f35-8210-4862-969c-15b2224f6444,2021-03-26,West,Technology,437.32,353.49
2e8498c6-7c74-4b6a-b8b6-a2933d6f9aaf,2023-07-03,West,Technology,1038.16,-284.78
288d6c65-daf2-471c-8736-591d74f9bd90,2022-02-19,East,Furniture,1474.67,65.42
ff2c37dc-6bfc-4bd7-9831-3d758b719ba7,2023-09-12,West,Office Supplies,1118.12,320.95
68ec88eb-60d2-442e-a670-af0fc40586bc,2023-12-21,West,Furniture,1858.75,1.02
3fd6f99e-ea03-486f-97d6-6988013319d1,2021-03-23,South,Technology,762.16,-35.12
150b8146-856f-4c5c-ad55-b7414b842799,2022-03-01,South,Office Supplies,932.71,-498.7
41a50d68-4140-4d41-8ea7-252160b1aac5,2021-08-24,Central,Technology,186.16,545.58
aed65001-b46d-4853-9126-ed1711958966,2021-08-25,West,Furniture,1221.91,656.14
e4af65aa-08f3-43a9-9398-592b698681df,2023-10-04,West,Furniture,583.54,760.3
b252456e-ffc9-4f30-9f9a-8a331ad6ff7b,2023-12-04,West,Office Supplies,329.01,435.05
52c5be0f-f2e3-419a-b57a-7220763a4e61,2023-11-15,West,Technology,1093.62,213.43
55b2f82a-3469-40de-a442-c26ca27589cd,2022-04-10,South,Furniture,1069.3,-149.93
a28322e8-d171-404f-9f48-00048910d70e,2022-06-14,East,Office Supplies,160.98,799.09
d4073daa-68db-4370-8cb3-7187eb469b21,2022-09-03,Central,Office Supplies,1399.45,266.68
5f90ea2c-f9ae-4b30-8af8-75b243fe6d09,2022-04-20,South,Office Supplies,1251.31,385.5
305c5d6f-0997-4b9a-9fdb-482df69d1805,2021-04-21,West,Technology,386.14,387.13
00501cd8-8bff-45b3-8f6a-5979ab55db54,2021-05-03,West,Furniture,944.18,598.83
36c84263-fae9-4f9d-bd8b-d58a22a7899d,2023-07-12,Central,Furniture,1443.44,-487.43
7c923cab-2488-4330-8399-5af3021e2689,2023-08-23,South,Technology,1063.58,-213.68
2262dad8-6c16-478b-b562-43476b715b34,2021-08-31,West,Technology,797.02,365.19
df5325cf-8255-4a9f-9b72-7254ef022c92,2022-07-31,South,Office Supplies,651.45,663.69
4258828b-a23e-489b-8367-70b21a3a1233,2022-08-02,Central,Office Supplies,1224.68,390.94
1db60efe-740a-48ad-8545-448dad2aa94b,2021-05-17,West,Furniture,1878.83,37.54
3adbd2b2-943a-4af1-8146-3a0a8763edcb,2021-07-24,Central,Furniture,1346.77,-29.98
361f448c-cb53-444a-9126-28f2978bd951,2022-05-14,East,Furniture,158.74,459.33
696932ac-9349-466a-8588-15b3ed335d5f,2021-12-28,South,Furniture,926.76,463.61
6b1b8c03-0b7e-4d79-8c1b-0d55933be58a,2023-03-05,Central,Technology,1782.74,289.18
b1f6d38e-4297-4b04-a6f2-1e777ecbca9c,2021-02-25,Central,Furniture,197.98,-121.09
a8c649ab-eadd-46c6-9c4d-e578c19473fe,2023-01-26,Central,Furniture,1977.86,702.7
f716b195-a06f-4919-9b58-0ad0dc3a765a,2023-03-14,East,Technology,1898.65,217.44
91d5bfdd-00eb-45a9-ab7c-5618b12a8b02,2021-04-28,West,Office Supplies,165.77,527.64
895d603d-8172-413b-ac52-75582c77a125,2023-06-30,South,Technology,1867.49,-221.4
f04084d0-4739-469a-9bb2-bf95c376caa7,2021-05-22,West,Office Supplies,732.63,-52.75
c3e8212d-744f-4ff8-8257-7dd19d193891,2022-01-23,East,Furniture,1690.97,636.95
c1204784-51e5-4918-9f04-ea9f4505f98e,2022-06-21,South,Office Supplies,842.58,-434.86
db0dc10e-1ca4-4caf-99c1-3fccf5fe9cc4,2021-02-03,West,Furniture,887.3,166.01
d4d8c52e-d4c6-47db-bcb4-8481b4f82d12,2022-06-27,West,Office Supplies,1272.14,126.22
bfa55677-89a2-4dad-9422-7d6dc454d1a5,2021-12-13,East,Technology,1551.21,476.6
d88a2b67-22c2-4a83-b424-0302e48bb336,2023-12-06,Central,Office Supplies,77.24,-133.54
4410d892-7419-4962-9f8f-a9dd7daf8db1,2022-04-27,West,Furniture,1190.38,-215.21
a44d3bc0-0572-457e-b250-d693e3656653,2023-08-08,Central,Technology,381.6,703.97
8d84067f-ce58-47fc-acc0-e350f7c40cb2,2022-01-30,West,Office Supplies,698.44,243.22
1eac66fe-fc30-477c-8f58-ed08f5b917b1,2021-04-17,Central,Furniture,702.46,-363.9
623d45f4-c1ef-4252-9b0c-6cadc9f12b09,2023-08-16,West,Furniture,943.43,-249.05
455f8af7-d21d-437a-9504-882cd6d21f63,2023-01-01,Central,Technology,674.93,798.47
d439566a-c402-4a0b-b889-2fafc691a1ad,2021-06-20,Central,Office Supplies,223.65,-245.71
f275de56-4e18-4cc7-b3fe-09e708fd4865,2022-06-02,West,Office Supplies,299.8,293.62
c28fcc52-80fe-41cd-9734-aeb43550d3f7,2023-12-11,South,Furniture,76.54,46.17
81db9a62-10a4-47d5-a6b1-7ece85d0cf83,2023-02-12,East,Furniture,945.8,651.28
784aed02-8c62-4a8f-b49e-b0da7e509ec4,2022-05-03,Central,Office Supplies,1909.35,481.72
5bf0e042-bf56-4386-a6e2-e3f47174bbc8,2022-07-11,East,Furniture,240.19,276.04
bb77e34a-38f2-42b9-8310-6b55f638900a,2023-02-10,Central,Office Supplies,1893.07,-486.04
48b1e8cc-679a-4d56-b6e6-222e3be9cfb0,2021-07-08,West,Office Supplies,1469.39,643.73
03908f5a-7312-4621-b992-ce54c2cfa589,2022-09-02,South,Office Supplies,1278.62,78.07
3b8846e6-1823-4790-8046-0d07d4539094,2022-11-03,South,Office Supplies,1294.1,711.05
03305744-9ae4-46ba-8228-62c4b7ab7799,2021-12-25,East,Office Supplies,1655.19,144.2
f12c2046-1cdb-46cb-a9c3-d3719f688611,2021-09-27,East,Office Supplies,222.77,402.49
833d19ff-3168-49f2-995f-0d20f3966a62,2023-03-11,Central,Office Supplies,1014.46,-409.92
6b4c2dac-df93-4659-a30c-e666d36e7cca,2023-09-09,East,Technology,1397.21,468.7
8b81ea62-2fb0-4eaa-85ef-ea2af825a8bd,2023-10-07,Central,Office Supplies,1177.77,-60.61
59432577-221c-48a3-a559-925520b203ce,2021-07-24,West,Office Supplies,1667.23,-43.23
f84a9bca-2ab7-413d-899b-316743b6c14b,2022-03-08,West,Furniture,153.82,-345.75
115ca802-4310-457d-ac80-1a6f0a1dee98,2022-09-29,East,Furniture,1384.5,-309.09
dcc3645f-2b9e-4568-98ee-0d81a7bbc32d,2022-01-18,West,Furniture,1072.72,-258.51
15c211ca-e4f9-4eff-bb8e-8a91deb1289a,2021-01-28,Central,Office Supplies,764.53,-73.33
a701e867-b962-4064-88eb-f1789c787640,2022-10-31,East,Furniture,687.15,659.56
224a94a5-763a-4eaa-b340-fa855b2955f1,2021-07-06,East,Technology,1245.46,-21.26
478d365f-c209-4ac4-84be-71b901dfe84a,2022-09-30,East,Furniture,1783.08,441.67
b5100bca-0e7d-45c3-8509-c41e10f809ac,2021-07-28,West,Office Supplies,997.39,-392.43
9770d013-b080-4995-bea7-ccb8b0ad194d,2021-04-26,West,Technology,1651.2,268.43
198640a1-45a9-47a0-b443-7813d6bfe645,2023-11-09,West,Office Supplies,810.29,126.46
454e1370-28d8-4df4-b710-3c3f90a58dd6,2023-11-07,East,Technology,213.76,771.35
3d7d9e1e-c7e1-46e3-bf71-d4015f09058e,2023-04-14,South,Office Supplies,132.4,600.07
1345c526-a4ab-4e56-8d03-bd2fd7169b2a,2023-10-18,South,Technology,112.16,91.28
b6ef2c43-7b93-4d83-9f13-08200f3b35f9,2022-07-21,Central,Furniture,766.5,507.69
f46a9817-194a-489d-8f3f-be079dba68ea,2022-11-03,West,Office Supplies,681.1,-249.05
24ea2f78-24fa-450e-ac70-d93aa260f227,2022-01-04,Central,Technology,1438.69,231.04
f3be0191-8b42-4cfc-86ec-9b9cc02ac918,2022-05-06,East,Furniture,1488.21,-403.0
baedb7ab-965e-45d5-8735-93d177329dc5,2021-07-24,South,Office Supplies,111.2,-47.48
26a97770-7983-4fc0-8eda-75d9bc41c770,2021-01-15,West,Office Supplies,450.04,-206.38
41797153-fba3-4051-a3c8-4474be919354,2021-01-02,Central,Office Supplies,555.78,434.58
6828e25c-9307-436e-aeec-de56dd94b1cc,2022-12-13,West,Technology,1099.75,137.12
5f89a98c-2d6d-42cb-aeee-dca934664ef1,2022-11-09,South,Office Supplies,297.59,476.39
d78c2051-7efa-40ae-bdea-42aa14003cbc,2021-04-24,South,Technology,276.54,169.88
2f7e6184-24e7-4747-8b1f-999b4c6d98a8,2022-05-01,East,Office Supplies,1888.14,-387.57
d516f81c-43d8-415f-8394-c4d84a240d4b,2021-03-06,East,Office Supplies,1610.36,455.98
ac672695-a54b-406c-b1a3-3f6de3dbe202,2022-03-26,Central,Furniture,369.5,583.2
19848c74-6b51-4da0-ac21-d6c536c7b748,2021-08-27,West,Office Supplies,819.07,674.59
9f3204af-d414-463f-8898-010d1b9e2c84,2021-03-27,East,Technology,717.69,243.59
4e33db37-3142-4d81-8912-fddc0d36d15b,2022-05-04,Central,Technology,1584.1,479.66
19664504-6e7e-4978-869d-7b0161f03b99,2023-08-02,East,Office Supplies,1025.32,477.66
0cdddf92-3711-4879-a1a8-d644b002c52e,2023-05-24,West,Office Supplies,264.42,-297.53
8bd0d625-2639-4221-8312-615379927753,2023-10-22,Central,Furniture,1480.59,-286.51
a71dc051-b1c8-4969-b2da-c793663c36c1,2022-08-22,Central,Furniture,799.81,-407.85
ee125271-ef2b-43e0-8e5b-f3282b7a523e,2023-02-18,Central,Technology,533.22,-84.11
0823e20b-08ff-4421-876e-e7c026c53162,2022-07-11,Central,Technology,757.24,115.56
cadc3379-c788-4847-95d1-0dfc9834e02f,2023-11-04,Central,Office Supplies,1000.54,797.27
cd766247-e4ac-4a19-a413-93ca3c87b498,2023-10-11,East,Furniture,692.8,60.29
11f0a923-22b2-40bd-b8b0-67436a02c1e2,2022-10-15,West,Office Supplies,491.39,444.12
68c5eddc-3253-49fa-9c42-952b923cddb6,2023-07-15,South,Technology,803.02,401.42
07fb3bdd-9559-4433-8b30-0329f55c12c6,2022-11-23,South,Office Supplies,48.15,-234.17
79cdc59e-7700-4b66-96c6-5adb028dd025,2022-12-17,South,Office Supplies,1547.27,-423.94
0f57bc75-07af-4918-9020-036f9adbb8f1,2021-05-01,West,Office Supplies,350.18,209.81
22f5b1a9-3e4f-42ba-beb3-eae71885048a,2022-04-21,South,Office Supplies,97.37,410.4
90266418-cc45-420c-b48f-854e5562c4f4,2021-10-22,Central,Office Supplies,1310.86,797.73
cc6c7745-06a7-4afd-8327-aec2f737e8bc,2023-12-02,East,Office Supplies,1550.13,-33.81
76237f14-9d86-47ff-b758-16cf761df97f,2021-12-02,West,Furniture,1629.52,665.27
c75861c1-c0ac-43e0-b083-807316e7d97b,2023-12-13,South,Technology,992.08,-3.49
2bf23fc0-7393-4a80-a783-621808dc05ef,2022-10-19,Central,Office Supplies,418.68,396.24
34460c61-1bf1-47e1-97f1-33972905fe7d,2021-02-07,South,Furniture,1477.08,277.73
90fdbb3e-6173-467d-9020-91168a608ef3,2023-02-24,East,Technology,1402.43,-431.13
78fd3b16-8262-4a03-be45-43f40a8fc854,2021-03-07,West,Office Supplies,500.08,-398.1
63cd0cb1-a7b3-46f9-9358-96aae2751ce6,2023-07-10,South,Office Supplies,1807.78,-473.01
1eb51009-2f85-46a6-a47d-2d527ee0938e,2021-02-28,East,Furniture,217.7,-17.92
40fea948-d2d9-4f36-8de4-4f3a06633c73,2021-06-19,Central,Office Supplies,1965.55,469.54
b5bef85b-ec0b-4ca6-9ec1-6a3450f35bb4,2021-03-10,East,Office Supplies,1721.89,-275.42
6852c038-be54-4df1-8782-05fdc6026414,2021-05-03,Central,Furniture,1378.92,287.61
7ef86974-ffb0-4027-9ca3-d15acad743d3,2022-03-19,South,Furniture,1878.11,-124.52
8c128604-2acc-4fee-91c9-67441c67d4d6,2022-10-11,West,Furniture,1447.4,536.09
1182d657-f6e3-45f3-be28-cbd9cec84000,2021-05-30,Central,Furniture,389.01,537.91
746cff4e-019c-4251-9590-65fa795581fa,2021-03-19,West,Office Supplies,889.89,508.04
68353c7e-3eb0-49ec-8e6f-c9d441bff5b9,2021-12-03,East,Furniture,152.29,182.28
250b0aeb-fa76-41da-bbb6-4c040dc56a75,2023-07-21,South,Furniture,785.42,-130.06
4d315b7c-c273-473b-b9bf-cccad336a508,2021-08-20,Central,Furniture,1485.79,552.28
ee409f44-c959-4659-9b59-1d884b0af1e0,2023-01-25,West,Furniture,779.02,-258.07
5c4cbcb4-2f04-4f18-a1ba-0416e70320bd,2023-03-09,South,Furniture,667.29,-123.31
65b63378-a5df-468a-97c4-8e8e24ebe8de,2023-03-26,West,Technology,1194.76,-260.87
2e5b80a1-57a2-4d1c-a4e1-d1d903f10ab7,2023-02-18,South,Office Supplies,1745.69,376.47
4516bb39-9674-4e86-a94f-82d936f4dd3b,2023-05-16,West,Office Supplies,104.69,392.11
f45045ad-2454-4c98-9510-71bcc15d3abb,2021-06-02,East,Furniture,777.09,348.26
aa10ce87-efbf-4921-a9f2-e2babb8999fa,2023-04-16,East,Office Supplies,324.9,40.28
45876487-9555-46a4-845b-44d9bafd2834,2023-07-12,South,Furniture,1393.75,-369.78
7232245c-d2c3-41c2-bded-abba4e1a7019,2021-11-18,Central,Furniture,220.39,684.52
e220134e-7976-4bb0-97b2-abd8cc3effe9,2021-03-01,Central,Office Supplies,1332.97,160.05
05c95f58-9df5-4a21-a036-3d282e27c83f,2022-03-13,South,Furniture,579.5,29.06
6bb0c8a0-2ec0-410a-aca5-abd4354f7ca8,2022-08-30,Central,Furniture,405.84,265.47
50d8ae13-5a66-4824-a021-6b00a43ccdd5,2023-10-17,Central,Furniture,1873.34,-249.37
216bb956-ec46-4708-b982-9dd41828da8f,2021-06-27,Central,Office Supplies,46.86,-327.69
a6cbb287-1432-4972-a8b2-9ad37867340f,2022-08-23,South,Office Supplies,881.18,27.18
4cd3dfc4-d17e-4ecb-9a49-192f7732c94b,2022-01-13,East,Furniture,53.04,-204.61
f8736e59-062b-46f0-8ea4-17feb85f0883,2023-05-12,South,Technology,972.35,-182.42
45358d5a-2249-4a0f-ad58-35f3f87e213c,2023-03-24,East,Furniture,1007.08,660.26
b129a6a4-d3c0-46c5-984e-6851f2b158c7,2021-06-26,South,Furniture,650.11,189.99
59cb1e01-8a40-45cd-9597-b5085bed5760,2022-09-26,Central,Furniture,273.0,128.51
21a44c4a-097c-463b-a1dc-1d581ca88afb,2023-03-01,South,Technology,759.01,396.32
aadbb2fc-9331-453d-9b36-84b41b13a85f,2023-01-05,South,Furniture,1347.8,737.01
ee1db5ee-f480-4b7b-91d5-d62b1c45cd81,2023-04-13,Central,Office Supplies,1566.97,-354.14
d772aea9-ec14-4855-94d9-6516897a68c9,2022-07-02,West,Office Supplies,1066.19,583.59
6e0bc459-ce30-46f3-abb4-ee3817467451,2021-05-18,Central,Technology,1183.77,259.22
fe4d58c1-6794-46cd-a17e-e03a8a5db90b,2023-03-31,East,Furniture,409.23,-309.99
bb859153-4918-4f40-b3ff-962ec1e81da9,2023-12-01,South,Furniture,581.79,-113.71
e2888ddb-892e-4973-8d65-be9a9b4d6f3e,2022-07-03,Central,Furniture,332.17,127.07
8e562fbe-7a9d-4ea0-815b-4add69e34120,2022-10-16,West,Technology,506.1,398.53
e88668a4-e0f9-4296-8a89-b4606d8ec757,2023-07-15,East,Furniture,457.52,-184.61
6bda623f-aca9-44d8-8381-863cfb0cd85d,2021-03-13,South,Furniture,1043.7,195.34
611e5684-76af-43c0-b6c1-c052207ca173,2022-06-29,Central,Technology,1129.75,390.07
0279d6d8-e869-48cd-8f0c-b156ffc6ce15,2023-09-03,East,Office Supplies,1890.45,83.36
4fdcb645-44ec-49bb-8688-6817800d198e,2021-02-24,West,Office Supplies,399.19,621.93
82dc286e-060c-4ba5-8241-e3eb74c8a3a4,2023-10-24,East,Technology,1286.93,630.3
d2242ae5-7035-4ec5-bb10-8cbabfcbaa55,2023-07-08,Central,Furniture,1636.35,111.9
16ac92bb-f9f6-449c-8eb7-ae33a848096e,2022-08-17,South,Office Supplies,1124.88,764.8
926730dc-1c0a-4411-9086-af36fa0a5de5,2022-06-03,West,Furniture,517.46,-401.74
9ea56510-4aa4-4837-bd9e-3bb20853d212,2022-09-14,Central,Office Supplies,532.47,-495.63
15f3f9e1-2170-4f53-9137-8b3ed8abc155,2023-05-15,South,Office Supplies,88.11,-5.13
0ce3dcce-0b2a-4994-8cff-a0376feb3d46,2023-04-14,West,Furniture,617.83,281.43
b9e1aa73-bcaa-4722-923f-720a675684ce,2021-09-07,Central,Technology,1491.76,317.96
d2e9c930-eeec-475d-8772-36d0c39b7cb2,2022-08-14,East,Office Supplies,104.56,119.38
f977de8f-f140-413b-a4cb-bdb8c4beb48f,2023-01-14,South,Furniture,446.4,-337.65
f6423513-9ba1-43ac-a49e-2575339c0ee9,2021-10-01,East,Technology,1415.4,-278.35
d5672f5d-20bb-45b0-a015-7233baf90557,2023-03-26,East,Technology,1567.48,607.79
faca2c41-5377-4d9d-8911-7c2732878723,2021-02-23,South,Office Supplies,916.08,628.28
44de3376-8a53-4a16-8752-7e223aff81d1,2021-01-19,Central,Technology,1399.17,376.07
72f4c4b3-453a-4e55-afe2-43b3828648b4,2023-01-15,West,Office Supplies,782.02,363.48
811143a5-0a00-4b04-b359-77e1f1cdf51a,2021-08-31,West,Technology,328.23,276.99
92f72f86-3958-489b-9e05-4c8a28605c20,2023-01-29,East,Technology,802.32,-236.2
518d38f8-6904-4328-871c-db5df728a97a,2021-09-01,East,Office Supplies,1164.14,56.73
25e591c8-2fff-4405-ae83-766e4639e799,2021-01-03,West,Furniture,1896.63,404.66
2b0d5b1c-027d-4e84-9b0e-09ffb6e3f5d3,2023-09-19,East,Technology,146.81,198.43
33057245-2a9f-4994-bf74-7a8a10e00199,2023-05-11,Central,Furniture,1019.71,-475.85
afb29df9-7ddd-43dc-ba13-06b5be54b9d8,2021-06-24,West,Furniture,664.55,739.62
ddc096d2-25fc-450a-be17-56edf0553964,2023-11-12,East,Technology,1021.54,598.26
542fbdd4-e714-41a3-9bf9-bfad03b93598,2023-11-05,East,Furniture,57.71,-161.29
c2e8a700-3548-4cd7-a0ef-27f80061a789,2022-03-28,Central,Office Supplies,632.92,301.4
05476e17-0f9b-4aca-8081-a70437c200e3,2022-11-27,West,Office Supplies,1641.54,700.21
607cbd33-84dc-4f4d-8c6d-5cde04a7083d,2021-08-28,South,Technology,1112.34,-375.19
be6826d2-4aac-4fb6-8b14-5c963fa8a0e3,2023-09-10,South,Technology,906.66,153.94
74147301-673f-41eb-be7a-f953b6dd7eec,2021-10-28,Central,Office Supplies,578.19,93.12
9cb84018-1c79-4fe1-97ff-96423d40f9b0,2022-12-13,West,Office Supplies,603.1,33.27
85664da4-8422-4dc7-80dc-1d6c013c7d7c,2021-11-24,East,Furniture,772.37,586.27
9170d854-c734-417f-84a3-60a6925d5ff4,2022-07-01,West,Furniture,1672.79,-5.16
408b1ac0-1f0e-43aa-9709-0396ffd04fa6,2022-10-15,Central,Furniture,1934.75,-417.24
00adad8f-cc5e-479b-a7fc-50e01e7e0e2d,2022-03-16,South,Furniture,882.92,-414.41
db1a8e44-f477-4614-9463-9e5705ecad50,2021-01-28,West,Office Supplies,792.77,-444.43
9155ed93-626d-4bf1-97a3-f0bed9b37816,2022-12-26,Central,Furniture,1694.64,31.89
26fb0b0c-a0b5-46c3-bdcb-3eb2c0c28c41,2023-03-13,West,Technology,859.54,433.93
af7da5d4-238c-429d-bc2f-5047d205bba8,2021-12-13,Central,Technology,1108.52,-235.16
74ed53ce-ef0e-4fd3-b398-39aa7e95b992,2021-02-14,Central,Furniture,469.57,340.41
ac5a61d3-94fc-4275-94e8-45bcbdfe7f18,2023-04-09,South,Furniture,1489.57,393.22
93c16428-c5f9-4dca-b1f0-2b90882cbb08,2021-12-11,South,Office Supplies,1068.66,-168.24
b7636ce8-bd71-47cf-b5b7-7e0cba0ca93f,2021-03-19,South,Furniture,1619.98,280.72
0247b04d-6361-4032-8b73-633f9e269012,2022-09-14,South,Furniture,1563.66,390.33
563b0ab8-bba9-427b-8b8f-63c28ab1e605,2023-07-27,West,Furniture,437.86,106.6
d7b798ec-fd2e-43ed-8b17-74d44cda028a,2022-11-20,East,Furniture,1434.11,-62.27
dac5169d-f15b-454e-950b-1760f371c77e,2023-03-20,West,Office Supplies,1602.11,304.9
6cddab56-8c30-4073-a8e4-c8deddd98c67,2023-07-19,East,Furniture,698.75,771.2
63754082-420d-4799-bffe-5b8b7ae32c9a,2023-06-27,West,Furniture,353.49,54.89
05e71b68-0cf8-42b3-8a66-c2113eb4a3ee,2023-09-04,South,Office Supplies,15.24,9.26
d7561954-d0e1-4881-98c2-fc34ebde34e7,2023-06-04,Central,Office Supplies,907.3,103.55
46ff19b3-83da-40ff-96e8-9593f8f1e1f4,2022-07-31,West,Technology,711.34,-400.92
6f3f753b-3fc1-4984-b818-1f7aaf2e1558,2021-06-10,Central,Furniture,1114.27,219.11
b9175922-18c6-44ff-a3eb-ebd71e65ca50,2023-09-24,Central,Furniture,384.2,-72.69
72176085-f3fd-4abb-be8b-a891d5c4b30a,2022-02-01,East,Office Supplies,1720.73,-342.15
85fcfa18-189b-47a3-adf8-3de2151d892c,2022-06-23,South,Technology,522.93,106.13
17abe966-517e-47c8-95cd-3d70e1e3afdf,2022-03-18,Central,Furniture,460.59,-495.6
a550a4d1-8e27-4044-9aa8-33b4a982d88e,2023-08-02,South,Office Supplies,966.62,22.32
5468edcc-4256-4c8d-b1bd-d56a5e8fb079,2023-05-03,West,Furniture,1002.71,-362.54
92c5d3d7-c25c-4ea8-a43a-c2d48051d262,2021-11-14,West,Office Supplies,438.02,-468.42
266bb932-4f1d-423b-8e0b-08abf67d8488,2022-10-02,West,Technology,551.0,571.82
a2cbc85c-3069-4e7c-84a6-dca6f908017b,2022-12-18,Central,Technology,347.71,691.12
aa2bcaa7-d90d-448d-8e0f-3a5342809061,2021-05-04,East,Technology,1439.74,-230.02
341583df-5cee-4d7b-9183-8d860314f10f,2022-02-09,Central,Technology,1542.48,201.09
471994c9-3d3a-49ab-833c-518f52eddbdb,2022-08-26,East,Furniture,930.03,-138.65
724c5cd0-07ac-4372-a93e-e2d569b20a83,2023-01-17,Central,Office Supplies,1431.03,141.65
93231668-f185-4a7c-a004-0d0d5257c31b,2022-02-14,South,Technology,1474.51,67.62
488bd31f-4019-475a-98e4-18359b7215f8,2023-05-27,East,Furniture,285.17,-150.23
45f97eab-b43c-4be2-a3fc-722194fe41ec,2021-02-24,South,Furniture,1932.69,410.51
710dcbb7-6e93-4789-a788-32d0dcfca748,2022-11-07,South,Technology,1643.85,-335.56
18721154-0dbd-484d-b753-3ff525f50323,2022-08-12,South,Office Supplies,416.92,-431.01
4459e2fd-2350-4275-8cef-f4f40efdcce7,2023-03-30,West,Technology,380.47,497.98
041aabfd-b894-4e59-a4da-b893e19896da,2023-03-12,West,Office Supplies,260.07,365.71
c51e21bd-b4d2-4229-a3a7-cc57cf63961d,2022-10-12,West,Office Supplies,285.37,148.08
b04fd83c-1773-4d21-a906-222b8a00cf6f,2022-11-30,West,Office Supplies,1498.84,108.13
23451386-ebaf-4098-a6f7-12cc81ca7732,2022-08-02,Central,Furniture,944.61,146.63
725d71f1-836a-4e1d-b8f5-3fd1a711fd90,2021-04-17,West,Furniture,1568.04,68.13
49fafbef-c45d-4840-ac25-30fa98b1d51e,2023-05-22,Central,Technology,1495.05,10.76
f60249b5-2637-4ce4-8049-f6b8f7d86a56,2022-06-09,East,Office Supplies,1213.18,149.6
089f4c42-2407-4ed2-a41d-f3f9e403cbbb,2023-02-03,South,Office Supplies,1375.87,187.07
e322544a-8034-4d4d-98be-184d87e7a66e,2021-06-06,East,Office Supplies,46.53,399.47
b056fa5a-4317-4be4-bf33-922b11ed5768,2021-05-11,East,Office Supplies,630.44,424.57
77b299e6-22cd-4c19-a7a3-3be5532394aa,2022-10-23,West,Office Supplies,1279.27,-9.08
5bc76084-e9a9-4188-8a27-b91a3a36fc4e,2022-04-18,West,Technology,28.6,37.6
695db06d-3151-4b94-b88f-7584a31dcd15,2022-07-05,West,Furniture,75.62,-14.19
ee38a9e9-f377-471a-a8e6-a63b4fc34028,2022-11-01,West,Furniture,1705.26,197.5
7455c604-fee9-41f4-982d-45dc38e6a21b,2021-03-12,East,Furniture,1371.21,89.36
1652142c-4b6e-49d5-8227-e56b04741ebc,2022-06-30,Central,Technology,538.09,656.48
fe13d91c-183e-4726-9ea8-428428d30ca3,2023-11-05,West,Technology,1379.05,405.27
23b590e1-f34e-4435-8f5d-0e9fc586e43c,2023-08-02,South,Furniture,1586.99,668.25
1b705635-54fe-48cf-b383-1f178d399ec4,2022-07-22,Central,Technology,620.52,421.88
6b2e258e-afc6-4d34-9dbe-fabd8c881f36,2022-09-17,Central,Office Supplies,81.71,762.29
2d3b840d-a0db-41ff-91c7-0935f03256d8,2021-11-18,East,Office Supplies,1866.23,326.46
53ce202b-f97c-4b6a-a1ad-0addc94b12db,2022-04-17,West,Furniture,696.91,752.62
496ff6e3-0495-461f-9080-810858904829,2022-01-22,East,Technology,221.9,-294.38
65c7fb93-e46a-4676-9dc4-5dd4aa620cd9,2021-05-19,West,Technology,988.8,-431.78
0f92b3fb-081d-45b6-a224-81801d4ac6f9,2023-02-22,East,Furniture,1539.25,252.86
381487da-2c42-47f3-9a03-718276f3304d,2021-03-17,South,Furniture,451.08,778.54
688cce17-6d2d-4c6c-83b6-6a270e2d79ba,2023-08-31,Central,Office Supplies,546.29,42.89
20b6a33c-15d3-44dc-8dc4-aa1006062b52,2023-10-16,South,Technology,493.0,-224.34
24b0e62f-85ba-4504-be07-90f18fc23d26,2022-11-13,East,Technology,1983.43,178.0
16f89d97-0795-4c4a-962f-bcea7551eb4f,2021-11-22,Central,Furniture,402.83,343.44
e849c066-bee2-4b33-a104-bf7ab9312771,2023-07-04,Central,Office Supplies,1155.29,-90.27
e771c17c-fbcd-4fde-b354-38032cfffc6b,2021-08-16,East,Furniture,1851.28,429.2
fd7e1648-bc29-4d8d-915b-3aca208d0d01,2021-01-26,West,Office Supplies,302.32,767.65
1192a38f-6d5e-420f-a08c-afbfecdbe3c7,2021-02-20,Central,Office Supplies,1942.0,666.05
0784781d-2006-4fdb-96ee-251359d12415,2021-07-29,East,Furniture,1895.48,-120.94
f24e1445-43b5-4ebb-a789-ff69a7a52a11,2022-06-27,East,Technology,1770.3,-75.26
02f38593-5fcf-460e-b71f-e000884831ce,2023-04-03,East,Furniture,436.97,-17.0
6f6afbe1-6dec-4f06-bc45-0b7c7f6d19a8,2022-06-22,South,Technology,1271.77,12.92
f4aa15ac-3971-43ef-9339-e78dc05db901,2022-10-28,East,Technology,1524.17,-369.58
bb02e930-e426-4ae1-859b-7de8d09d1263,2022-05-30,South,Office Supplies,1972.2,490.55
4230411e-c100-4cbc-b93a-d0a8e9d79f8f,2021-11-29,East,Furniture,369.04,-25.06
0bc6e292-b9b4-46d3-a1bf-fb714fe2f053,2022-01-09,West,Technology,1534.39,643.77
a7b414b4-4e32-4993-a014-ec53f87c318a,2022-12-31,East,Furniture,684.21,705.02
fa7cf893-24f2-45fc-a4d2-48572d7e085d,2023-12-29,Central,Technology,359.5,-468.24
3800da79-fcd1-43b7-ab41-168370972046,2023-01-11,South,Office Supplies,848.54,785.05
620072e0-4cc2-4118-a24e-ae81da2534f2,2023-01-19,West,Furniture,1589.73,423.03
1b69000c-0670-40e0-b765-8613d34172ff,2022-01-11,East,Technology,935.05,176.51
3c91accc-5538-4109-968e-8bf69f3df699,2021-01-29,Central,Technology,1079.67,6.39
b81c14e5-7fcc-4b99-9dae-f60b01c08038,2023-11-18,South,Office Supplies,1990.37,174.07
fba837a7-a03c-4494-8c6d-bed4be576fe1,2021-11-07,East,Technology,804.23,-77.99
4f22fd57-bb5d-43c5-b6cb-407134781d96,2021-06-04,West,Furniture,1234.65,309.49
426cd241-261e-4c4d-9868-7bc07de7ca5a,2022-08-12,Central,Furniture,736.84,-379.13
f60ad0a3-8eee-4e95-9987-67113c20fe71,2023-02-09,South,Office Supplies,791.64,307.46
ffc9cf29-7dbd-40f0-9544-59026bfebd17,2023-12-05,East,Office Supplies,1394.33,-142.05
29c649ec-2b48-4034-88e5-e76e68eac538,2023-05-16,West,Technology,1876.4,-477.07
19ffa018-c1c1-4a4f-915e-a371f0b10781,2023-01-18,West,Office Supplies,1089.29,218.52
d37805ee-204f-4be4-adec-6f15bfdc2b0d,2021-06-18,West,Furniture,1539.12,251.98
2eeaf8b3-f3e5-418a-ab0d-bf1175770452,2023-07-09,East,Office Supplies,187.52,54.54
00f899de-fca3-49e8-b3fb-f31264ecfbeb,2021-09-07,South,Office Supplies,430.2,-406.03
6b161276-d8e8-4a7d-a459-1a9b82673f9a,2022-10-08,South,Office Supplies,1009.24,661.35
ef58b690-632e-47ff-8f2a-5746b41ea125,2021-06-17,Central,Technology,49.82,294.86
c87df059-b2e3-464b-ae8f-d6ca59e0890f,2022-07-31,West,Furniture,513.18,-349.57
db1df2c3-2713-4873-b3e4-613a6672cf51,2022-03-16,South,Technology,1039.63,164.21
139b4c16-fbca-4bdc-86ab-fedd21491f7c,2023-05-01,South,Furniture,39.77,146.43
e11b2f5a-9f14-456f-ad35-839bf4d62658,2023-01-17,West,Technology,536.45,-421.48
68a522b9-ff6f-46ca-a245-932771224f95,2023-11-12,South,Technology,1032.92,288.92
82b91686-7126-4537-8bb8-14ccda3069f5,2021-08-27,South,Furniture,1150.57,550.82
ca44724a-4502-4c28-9824-a59edb33ce63,2021-01-20,Central,Technology,1852.25,473.71
7792a78a-792a-43f4-8b1f-a8629fa0aa69,2021-06-10,West,Office Supplies,1294.24,-236.14
28de68ab-a992-4ca9-949c-eebdd472511a,2021-08-12,West,Technology,835.32,620.98
352b6689-a39c-4730-8f62-06f19403ad3d,2022-02-12,East,Furniture,1861.4,-54.7
69ac030e-0958-46df-83d9-f8c35c922fa4,2023-10-30,South,Technology,1571.92,730.46
ce68210c-1bdd-4bea-aec2-1c06f99773b2,2021-03-31,East,Furniture,408.02,-406.73
90ccd1e5-8027-49e5-8da5-98e482a06460,2021-08-04,Central,Technology,270.38,132.07
f93adb04-4d24-4ef6-be50-e2da7bbe4efe,2022-08-06,Central,Office Supplies,1354.87,276.26
502e5598-3c3c-4182-a024-4fcf25445d8c,2022-03-27,South,Technology,1124.17,-178.05
35a02595-cfcb-4ed7-8599-9d7edd354aa4,2022-06-08,Central,Office Supplies,1581.45,502.79
b9def348-4ea7-4fb3-8dbb-d8ed4ebed7c3,2022-05-15,West,Technology,1480.22,314.96
c0ff979e-bd29-4827-a0f2-d1dc6b55ae42,2021-02-06,Central,Technology,1254.17,-476.46
f28dacb1-2701-46e4-8c35-00bd60df109a,2023-10-20,South,Office Supplies,1972.9,290.88
561657a8-163d-4f6f-a69b-ded71c474b1c,2021-03-31,South,Furniture,1071.84,138.92
d7ee15bc-6ecd-4788-a31f-6c0fca66b8b7,2022-06-16,Central,Furniture,235.08,-245.16
c04f4bd0-bcfe-4408-9ac7-25a740b60c17,2022-04-05,West,Technology,1658.26,794.47
41bc3273-5b5e-4d09-a9e3-74bd5b35300d,2023-07-06,East,Office Supplies,511.19,666.31
0466b04d-2c0c-4e4b-8920-aae993283178,2021-02-18,East,Furniture,1556.83,-119.74
b0e28479-a8f0-4513-a650-bc24f84b241f,2023-02-28,East,Technology,1914.64,203.39
a48fb9e9-4876-494b-8d10-4ac646c2f46e,2021-02-26,South,Furniture,1396.62,-88.55
1fac6d85-c433-44f0-9683-541bd1801014,2023-11-01,South,Furniture,1196.1,508.14
9cca1eda-b5d3-4eb6-abab-2bc719e012e5,2023-05-26,East,Furniture,926.17,709.43
8bf4a93a-3210-488f-862c-13c37e390638,2023-06-30,West,Furniture,735.18,-33.52
2591855b-87fc-4d1a-948f-0e3c8ce90fdf,2023-05-06,South,Technology,712.48,547.26
db6fca27-00a5-4ee7-bfc3-8d4c76ae71ce,2021-11-21,East,Furniture,1276.38,147.93
4e85661e-3bc6-44e2-add5-346eab2f4642,2023-06-02,Central,Office Supplies,1505.03,15.55
9635dc67-ad5a-4575-965d-6ed039b05c64,2023-02-10,West,Office Supplies,1360.25,719.95
dfdabe67-801d-44d5-8999-9d27c9f8f4d6,2022-09-16,South,Office Supplies,404.84,163.53
2dc3e080-ce69-4f9d-80b0-4e3ddd2f1be8,2023-09-08,South,Furniture,993.03,107.63
844e21a8-873a-4a3c-9094-f482b959170a,2022-12-13,East,Technology,1585.36,374.16
6b766741-cd26-422b-9631-15d046f860a9,2022-01-04,West,Furniture,956.65,-160.4
67b80731-fe39-4e8d-85f0-604a896e5e77,2023-03-20,East,Furniture,1077.88,-77.77
c62d7b34-ddbd-47b1-8279-c1cc67b80414,2023-03-04,South,Office Supplies,1544.56,711.66
192cc87d-d8c4-498d-98e9-bf3804ae6d5a,2023-01-14,South,Furniture,1325.92,382.09
0b32b3a6-fe32-47e1-99cb-2d9ed109fd54,2021-07-29,East,Office Supplies,824.6,574.63
d0af7986-2937-47e9-9752-db082e86d47e,2022-04-27,Central,Furniture,1791.87,-147.55
3231dc66-4f9d-4529-9efe-70f7e0cf449e,2022-08-10,West,Office Supplies,333.51,206.93
150f1ad2-476a-4f1d-bfef-bd38a8112386,2021-06-01,Central,Furniture,1991.08,762.82
3f4435c3-2fbd-4f4f-b9e8-ba00cd59855d,2022-09-01,West,Furniture,246.52,-85.68
b54ec323-1e53-45da-8780-b3eedcfa02a9,2021-11-30,Central,Technology,39.75,-291.38
9c7e3507-4f9a-4528-8d0b-906366c5558f,2021-01-21,Central,Office Supplies,1781.14,164.15
6c83a898-8723-47f4-b378-c9eebe751767,2021-11-11,West,Technology,497.46,4.17
3d5e1fbf-f22a-46f6-92e4-455c0112ae15,2022-03-15,Central,Office Supplies,1462.1,-292.55
b6a9e66b-19b9-4096-a46c-4e5b7f25d908,2022-01-22,Central,Office Supplies,1623.92,655.12
81572c3c-df4e-4a91-a450-f04fbae0054d,2023-03-29,Central,Office Supplies,1719.38,787.94
0ef6da2a-fcc9-4df1-8d88-fa936292ac6b,2021-12-08,Central,Office Supplies,1983.27,239.16
ffdf6588-0ffe-4184-a9c4-91dd33dfeff6,2023-11-09,South,Office Supplies,595.14,507.08
983c9686-1ae3-4baa-b39e-f82bb2e8f8bf,2021-04-03,East,Office Supplies,1423.38,616.75
979c2adc-d3fc-4621-8cfe-8711725c5c5f,2021-02-12,South,Technology,239.65,411.28
f53d488d-e994-4cd2-9ab9-5b799f76385e,2021-02-16,East,Furniture,819.55,-442.6
cebe11c8-16e7-450e-9486-cd280cabf18c,2023-06-21,East,Technology,1697.46,-295.08
03617d89-f038-419a-884d-93a646a968c5,2021-05-04,East,Technology,741.64,-407.71
efd1422e-eb42-4215-8c3d-8a3535b92983,2022-03-29,East,Furniture,1186.28,-487.16
3d9ea33b-1de5-4fa3-9033-dd5e798f5e3f,2021-12-14,South,Office Supplies,1012.51,-102.2
7f12e3cd-b09a-46e3-800d-ec5e1b6046ee,2022-05-02,Central,Technology,1295.44,10.06
d298404d-96f6-4fa1-9951-9ab3bf5eaf8e,2021-09-02,Central,Furniture,1946.06,-186.66
8e05cadd-a6f8-45ac-830d-afb577756059,2023-08-14,South,Technology,120.91,-416.01
bfcc8e33-c7da-450f-8bab-99ee6a3990da,2022-04-23,South,Technology,1152.18,188.82
c1f6afec-a15e-4655-a276-db301adecee4,2023-08-19,West,Technology,1727.43,-144.68
27d49ec5-ed64-4014-a254-c6d16350eff7,2021-12-18,East,Furniture,967.95,534.85
5ad2c420-f09d-4a8a-bcd9-915dc2b408fc,2021-01-28,Central,Office Supplies,166.27,-489.53
fa4f169a-9de9-494d-b71d-2e0faf09c66e,2023-02-03,South,Office Supplies,1125.47,595.29
b8c52ae1-0d09-4714-bd99-8da8c0524da3,2023-12-11,West,Technology,670.83,741.18
94f319ac-1938-4fc7-8224-91e981e02a64,2022-03-08,Central,Technology,318.33,430.98
fa6a2e9f-d86c-4321-88ee-e6b2a5e441cd,2021-06-15,West,Technology,1699.58,453.74
861d3a8f-d24c-49a6-b776-fc5da2d99503,2022-11-11,Central,Office Supplies,1047.98,713.63
ebd7fd91-5d5a-43aa-9e09-b6685422d954,2023-06-02,South,Technology,1867.22,-228.21
13b8fad4-1ed7-4c8a-a0f1-963a0269b71b,2023-05-30,West,Furniture,1613.97,792.94
5739d3a3-7003-4ea7-b54c-e27a34be949b,2023-09-28,East,Technology,1389.01,505.53
2a67f030-87b5-4b85-9673-51cb39347843,2022-10-04,East,Furniture,20.0,444.54
78f8ebed-05cb-4465-9e8f-ada4b4c77a96,2022-05-03,Central,Furniture,861.37,-30.58
874ac31d-8ee0-48b6-aa9d-a1f7ec3115d4,2022-02-26,Central,Office Supplies,403.0,209.51
71926dfe-d64d-4f6a-9e02-ad35ad0e0e1b,2022-10-05,East,Technology,1822.49,350.09
78bf9e23-00e2-4562-bea3-2d3485c8363f,2022-08-25,South,Furniture,357.42,306.45
99474e78-77cd-4b25-8786-140f2339df60,2021-08-26,West,Office Supplies,579.26,416.48
3a08daae-b70e-4920-8e65-9ebac2ad08d9,2023-03-07,West,Office Supplies,1038.51,-392.9
6a5e52e1-f20b-4b32-9ca8-d3ea77cb751d,2023-08-20,South,Office Supplies,534.09,-37.66
8d72441d-0709-4bf8-ad3f-9e041b14a2aa,2023-02-11,West,Furniture,427.63,64.2
c7797848-1c6e-4704-8311-7efcb0b4d74e,2023-12-13,West,Technology,1202.21,-161.18
d5b4c4a4-f9d7-49ad-b850-b7b19d95f5c5,2021-10-30,East,Furniture,186.97,-275.58
33eadf2f-e4cd-46e1-a139-298b2795bf89,2022-07-13,West,Technology,125.75,-319.39
c2174dbb-e10d-42b1-9881-3adcad45c94d,2021-06-04,South,Technology,750.77,-23.7
625ac0d9-fce3-4a66-a23c-ff90968c5275,2023-03-22,South,Furniture,1444.12,141.47
c65f72e4-7d8b-4291-bb2a-cbee405620d4,2023-07-30,East,Office Supplies,1114.07,-418.13
7c33c04f-32ad-4dad-8914-d0391ee096ff,2022-08-10,South,Technology,851.52,730.4
0a524e33-3a08-47d8-9666-7ba856bebe18,2021-09-01,Central,Office Supplies,1135.85,494.82
8f45c269-6b52-49dc-a0d8-b49272896055,2021-08-14,South,Office Supplies,737.25,450.11
e726f649-e650-4ae5-9b25-97f3dd00a64c,2022-06-08,East,Furniture,1872.93,-275.28
496b75fe-cc5b-49b5-ae9b-8fb501c90e2a,2021-08-30,West,Furniture,119.26,284.94
b90914d8-ac79-4d55-83d2-15148c0a268b,2022-12-04,East,Furniture,1350.05,188.64
c8cd015b-5dc8-48f0-8c8d-f318b7609e4c,2022-05-24,Central,Furniture,1783.65,777.21
f8644f2f-ddfc-45c2-b72c-74985a15fc95,2023-09-09,South,Office Supplies,1609.73,471.97
2b72895b-03c5-407e-880e-ee5e8020da65,2022-09-20,East,Technology,376.24,248.49
de3d8b14-ab4c-450a-81c3-c01da6bdaf11,2021-03-28,East,Office Supplies,598.89,606.06
c49dc4fc-cc64-4c00-b1b4-1e884b0c8c70,2021-01-07,West,Office Supplies,1436.93,-298.38
652fd941-e057-4014-b699-febb228c4f0c,2021-09-15,West,Office Supplies,177.7,-480.22
f8642165-298a-4a60-afac-4e8cf6c94743,2021-07-17,Central,Technology,1625.6,397.3
95c7d0c2-6405-4dd8-9f1d-5ae0d3016d19,2022-01-24,South,Office Supplies,1440.62,-372.2
626b6e7a-fe49-46cd-8a12-516809bdbd25,2021-02-28,South,Furniture,1461.92,-349.94
61e6b719-c36f-42b6-ab3c-5a669a3b2264,2021-07-21,South,Technology,209.48,468.08
74b565f8-d8cf-4b88-9a37-a5048d2e304b,2021-12-15,South,Office Supplies,1438.34,-148.3
78df7714-aa97-4f51-a5fe-3fdd4273f09d,2022-03-22,South,Office Supplies,1362.84,317.22
7146a1c1-cd04-4f6c-a391-26040519ae36,2021-03-02,East,Office Supplies,1663.54,692.63
10f897ab-5b44-402f-aec1-6f6caea74c2e,2022-08-02,East,Furniture,92.78,-88.58
1e4f1499-b0a9-487f-9ea7-86bc6fdab002,2022-08-17,South,Furniture,55.99,-217.71
fb87ebc5-d986-4b5f-93fc-03bc3ef3d085,2022-12-29,West,Technology,752.28,-361.47
b26d6078-5d5b-4adb-ae77-f590ea1581f6,2022-12-03,West,Technology,306.09,-330.4
f17d8b73-e0a1-4f32-b089-d324bfa223da,2021-06-08,South,Furniture,1121.19,-419.11
0e0f2704-5265-472a-96e5-b746245c92cb,2021-10-14,South,Furniture,1835.52,-386.06
68151f14-d6b6-4b16-9d8d-7b02bc5d618f,2022-07-13,Central,Furniture,789.04,61.61
252b473a-d2cd-4683-8c56-4c15e507b981,2021-05-03,South,Office Supplies,1691.45,-82.88
7af7bd84-0121-421d-929c-717f636dde12,2023-10-22,Central,Office Supplies,10.48,418.53
32978c7d-37b3-40f6-8278-2c34ed809b95,2022-07-28,South,Furniture,345.34,631.31
f0e67cd5-faae-4f71-8be2-39725d2db4f9,2023-03-17,Central,Furniture,70.54,520.21
85ce7878-a616-4c23-9039-0646f47a4d1b,2023-05-26,West,Technology,663.01,189.83
c82211cb-e48d-41a8-820e-199bc44fdf5b,2021-03-09,East,Furniture,1817.3,-366.83
363dda7c-d939-40b6-8835-b19428130df9,2022-02-12,South,Technology,202.93,422.7
1ccd3552-b1e0-49ad-bf80-b3f8b3ebc460,2021-06-08,Central,Technology,1216.76,-28.32
38dd9a5e-dd9e-4e73-89c7-0e189eb88096,2023-03-14,West,Office Supplies,908.48,-388.65
8ab55352-49de-469d-a30f-635993f06c26,2023-09-05,South,Office Supplies,1877.55,595.21
10e2a69d-80de-4dbe-8af7-3ae2daf39837,2021-09-15,South,Technology,253.81,-60.32
4d2a5ec7-029d-44a0-8609-ac3b386b8594,2023-02-27,East,Technology,431.94,-216.28
6cd27618-bd14-4f78-9b6d-5342e9b2286b,2021-01-19,Central,Office Supplies,68.79,632.89
13189bf2-cf3a-4554-8f32-cd1499c69fcf,2022-06-08,South,Technology,873.53,672.77
dbafd3b1-50ff-4ea7-83f5-dc20d065699a,2021-04-18,South,Technology,562.89,-59.34
19d6cf82-25b9-4454-8bfe-68af3a87b3e2,2022-10-04,East,Furniture,1741.11,-38.76
6086ce8d-123e-42fb-a95e-17415e48f8b3,2022-09-18,West,Office Supplies,1213.83,253.52
c37e9c25-5d5e-4747-b83d-f10179ece854,2022-11-02,East,Office Supplies,1232.04,453.47
fd39b46b-8cd0-4b4a-b6dc-d204cebb1f39,2021-03-09,East,Furniture,1068.5,-417.91
677ee2ce-4a71-4a06-b2c2-dd37635ccc91,2023-04-23,East,Technology,192.78,271.35
3b289bee-3ebc-4752-8b4f-e656b6819b33,2021-06-28,West,Technology,895.59,738.67
9d4d8b69-ef8b-4927-9e23-f191aaf170f9,2021-10-07,East,Technology,1999.02,-159.28
4f52ddca-3b90-4d87-947a-8ad4dcccea61,2021-12-04,West,Furniture,1672.11,681.48
00cdcce8-17ed-4eb8-9739-1cff8cc99052,2023-06-19,South,Furniture,1787.98,735.22
1e557621-d1f7-4b45-845f-1770536b0351,2021-07-17,West,Furniture,1648.22,-150.1
e97e55d4-46b0-4ed1-82d4-705de1661e4d,2023-01-28,Central,Office Supplies,215.05,480.46
c4ca0233-4273-4de8-abad-2b997fa8c425,2023-03-30,West,Technology,462.62,-189.59
816caa34-7d96-4941-a7cc-c1ddfe5e36e2,2023-05-10,East,Office Supplies,16.21,458.89
c9886df0-95d0-4dac-8ef2-4e8ad1fcbfa4,2022-04-02,West,Furniture,613.99,536.65
1f4db543-f58b-42eb-9b03-89976cab2214,2022-03-04,East,Technology,226.13,-178.63
8d4363a2-3f2d-4955-b8f3-0ce351ef467b,2023-01-25,Central,Office Supplies,950.86,430.63
c3d1b0b7-be94-4e36-9229-e29b56430354,2023-09-14,South,Technology,1357.48,555.74
23065b37-1c75-425e-9d3e-0153ea15bb14,2023-08-13,East,Technology,1750.27,-33.85
e7e4a92a-138c-449c-853a-cbfc8bc7393e,2021-02-22,West,Technology,1500.94,-281.99
545b25b3-7e20-4afb-a858-f4f172f44add,2023-06-26,West,Office Supplies,1877.79,-380.45
3bf5337a-224c-4ee6-9936-059ccea35945,2023-05-16,Central,Office Supplies,117.26,248.0
9012d2f8-c3dc-43a9-9f42-feab979f5b27,2022-08-16,East,Furniture,34.24,771.53
5763c5c0-1934-449c-81b6-69c67f6c945f,2021-10-28,East,Furniture,1326.06,569.84
605a79a3-279e-4501-8274-f88a5cbe6bb3,2022-10-09,South,Furniture,585.81,66.59
0bad6367-a3b5-4c49-b05a-fb4adaa51cfb,2021-05-09,West,Office Supplies,514.47,197.61
993b1792-cfe5-4a88-abe3-ec98c32e6e52,2022-05-23,East,Furniture,668.47,-136.61
bbfe7e0e-3a22-4851-a928-a048763c714b,2021-08-07,West,Furniture,546.89,-288.01
4baec9a5-274c-41a1-84d4-0f6a622361ee,2023-01-06,South,Furniture,1027.76,126.71
c22515fe-6f64-4a2b-8aef-9e25c9699ed6,2022-08-31,West,Office Supplies,885.9,102.55
5eabfb1c-fda3-4293-97b3-0cb4bcf71f08,2023-08-08,West,Technology,1029.73,178.51
c5ee154f-6c3f-4efb-87ba-1cc7c58e411e,2022-05-17,East,Furniture,1348.7,738.65
0963c291-242f-478f-b7f3-cc6c766b6138,2023-05-07,West,Furniture,780.39,285.06
1a0c0048-7108-4569-908d-6ac75baca439,2022-03-14,East,Furniture,510.1,287.5
0fa745c7-341d-406a-b5ef-f2a906fe3650,2022-04-16,West,Technology,340.74,-333.57
1f5c5c10-76be-4057-8002-a34fd3b060d8,2022-04-16,Central,Office Supplies,705.45,795.44
43799d48-ce35-45ea-a25f-c9245c9557ea,2021-08-30,East,Office Supplies,1486.19,504.7
88143a11-7b0e-4102-a6ff-ab6dc133ef02,2021-01-24,South,Technology,1515.84,640.36
3ad96cc4-c0ac-4a64-a426-d1c1feb24920,2021-08-13,Central,Office Supplies,1337.14,38.59
0faae5bf-b900-4086-aa21-e1537b2cefe1,2021-09-06,South,Office Supplies,475.72,152.77
516bbc7b-7c96-4c00-9903-0a15376d65f7,2022-02-08,West,Technology,1180.29,178.71
87b31442-3a6f-466b-ba8c-178b4e90b61e,2023-12-15,Central,Office Supplies,1145.67,-247.68
e37fb2dd-2f8a-48e5-86bc-b0d00415052c,2023-05-13,South,Office Supplies,973.69,396.34
12a94f75-d243-4439-8be7-df76713a9af7,2021-08-20,East,Technology,1104.46,673.87
d8bfc4d5-80d5-4f85-8d3d-22c1d72d6882,2022-01-26,East,Office Supplies,988.66,-287.18
abf5c5d8-7582-40a7-b4a7-4d4353067ada,2023-04-14,East,Furniture,1135.26,-387.79
2978ad8f-0cc0-423f-a221-6ec62e5a7731,2023-04-26,East,Technology,1433.86,459.68
427288fd-5513-416e-ac39-e3ba90080708,2022-09-03,Central,Furniture,228.16,-144.84
af6c9f36-64f9-4ef3-8072-15b1c544966b,2021-10-25,East,Technology,1501.76,311.02
25c298e5-fb34-41dd-a71f-a59b8730130c,2021-04-20,West,Technology,280.41,404.49
8e1483d2-2f99-48ae-b36c-1a10e4bc9bef,2022-01-15,South,Technology,142.59,-81.52
ff3d782f-4cdd-4af2-957a-d46184255121,2022-12-18,South,Office Supplies,1952.4,559.69
6db96fa2-6aa7-42a8-b2dd-aaea0bb28d6b,2021-12-31,East,Furniture,1914.41,214.99
72007655-02a2-43b0-a2d7-e45d402c04cb,2022-12-19,South,Office Supplies,130.27,629.7
aee5b68c-6093-418a-a472-3a97a7178558,2021-04-30,South,Furniture,892.07,492.28
f2128a48-7a6d-4868-a4d1-2e3b34f5b8eb,2022-04-12,West,Office Supplies,380.63,629.15
b4d713fb-d5b7-4c6e-9c13-1f79114e16d5,2022-07-25,South,Furniture,975.84,-473.79
354f9914-5698-47e3-b16d-a24334def7ee,2021-03-06,West,Furniture,1662.05,-183.44
ebbc9e9a-f786-4063-8c69-d4b8ba045dfb,2021-12-18,West,Office Supplies,1901.72,-382.99
b10e91b4-6ae5-4c9d-b9d3-cba066a0835e,2021-04-25,Central,Office Supplies,1272.16,74.71
2018ed3f-9a8e-46e8-9bae-b471236bc49c,2021-06-20,East,Office Supplies,714.27,656.95
6e659294-876d-432a-a4a3-482f37c783d1,2023-04-09,South,Office Supplies,1210.62,107.8
79a59fec-d5fd-40e9-8102-d8ebb8d7529c,2021-02-19,South,Technology,630.88,604.63
e55b116e-680c-40c1-8d57-9ea09b7d5a08,2023-12-17,South,Furniture,1820.55,-74.67
cc1de42d-07bb-4002-b1af-6608abfc8586,2021-08-25,Central,Office Supplies,1742.1,-58.56
efa5fccb-eb24-4b05-845a-ede243641b12,2022-08-14,South,Furniture,1120.88,664.23
9760dd35-64b4-45c3-be5f-b9a285f801f0,2023-11-21,East,Office Supplies,656.35,53.56
0eba92ac-2d26-4022-bbd7-6e1fadeeb23b,2022-08-15,Central,Furniture,593.85,526.7
5eda2838-c7b9-4bd9-95a8-edb9b1a4da6c,2023-09-08,Central,Office Supplies,76.5,-192.36
018af2d2-427c-4d5f-bc3d-bcd8c7050c5b,2023-07-02,Central,Furniture,1633.48,733.44
aff32a65-0680-4246-89c7-eb4c58cb5de8,2021-07-09,West,Furniture,906.26,246.95
9a9eb406-d591-41ce-b18f-2155865b0427,2022-02-14,South,Furniture,657.01,487.12
33342b79-7969-448f-a510-f963c5a1faa6,2021-07-08,East,Technology,947.51,-383.63
157470f1-be01-4fe7-ab09-ea4293e4d5f7,2023-07-28,South,Furniture,1639.29,140.46
989f5496-53ce-44c4-a7a1-550cf4fd7fd5,2022-01-22,East,Furniture,257.98,671.35
f3986f93-6dd7-486a-b30a-0bb4da8fa656,2023-11-07,South,Office Supplies,1716.74,640.15
507409da-0242-4b7e-86c9-77ec41e327ee,2023-06-11,West,Technology,1796.04,-439.14
bce4d414-a7ff-4051-ae8b-3239311d3751,2022-09-27,Central,Technology,1893.95,-105.19
0eca3630-7342-44e1-a957-a9dd5258e6d8,2021-01-10,East,Furniture,801.0,76.32
986abdfa-800c-4efb-b943-bf07bc9b5872,2022-08-19,West,Furniture,442.11,-276.06
